Mean,Std,Variance,Delta,Theta,Alpha,Beta,Gamma,Label
6.224838260383522e-06,3.986366016444262e-05,2.0190720572477735e-09,5.086775512929678e-10,1.252317849986049e-10,4.5015894546181256e-11,9.936527828679301e-11,5.169968196195911e-11,0
-6.238921637904752e-07,3.5152807675936106e-05,1.604471494331982e-09,1.510739097678639e-09,1.018136361283599e-10,3.81016057179277e-11,1.113378295879358e-10,7.269863440341493e-11,0
9.433752747556627e-07,4.682948011529741e-05,3.111548808103695e-09,2.225362185571803e-09,2.9022919271391497e-10,5.649391452616181e-11,1.2651987691097147e-10,9.27614168523501e-11,0
2.2001936935436324e-07,3.0960374556442884e-05,1.1840501508106754e-09,6.634073089885175e-10,1.9101030045392052e-10,4.744904036837118e-11,2.1748064100846719e-10,1.2055791466582396e-10,0
-1.8516594434078453e-07,2.485036362188444e-05,7.40658225079029e-10,3.636297457175362e-10,9.952621365956328e-11,3.020520946612796e-11,1.3498335426645837e-10,7.228049145839457e-11,0
-1.951261934215818e-07,1.9802660181067702e-05,4.094089928043019e-10,1.1816244918820256e-10,6.250273137708474e-11,2.3714993849525522e-11,8.384851028866144e-11,6.075479118882117e-11,0
5.73608176644673e-08,3.76432659777164e-05,2.0065394812317502e-09,1.3551437559459832e-09,2.36369229573378e-10,4.933942226821678e-11,7.189804591336855e-11,3.475341553972857e-11,0
2.703696477531056e-07,3.985039763481692e-05,2.1473709786941862e-09,1.4746411290379723e-09,2.287393797723725e-10,4.634479761442889e-11,9.812558478519565e-11,5.356883929936718e-11,0
-3.1349499493094977e-07,1.9680627704680854e-05,4.1401031413465706e-10,1.3037858838221463e-10,5.6333507460786605e-11,2.394710346086208e-11,8.850010939779793e-11,5.7159627581697334e-11,0
8.870171573766845e-08,2.2453787767122978e-05,6.478783027645746e-10,3.452365109778278e-10,1.3591162169380968e-10,3.32965603294294e-11,8.799969818579079e-11,4.1566470287462804e-11,0
6.018679632059129e-07,2.412107177211293e-05,6.251129072070106e-10,3.804027275773727e-10,9.50046514847719e-11,2.7982549856410585e-11,6.133258266378579e-11,2.5157347452192696e-11,0
-1.076234758087117e-06,3.612816041962863e-05,1.7443884878397083e-09,9.81656342383557e-10,2.1326640848673445e-10,4.6608646184940817e-11,8.191754796924612e-11,3.929063973462725e-11,0
5.978131839328679e-07,3.1746106400311295e-05,1.4207903537068593e-09,6.519213538180636e-10,1.1014483631071617e-10,2.8315946277273124e-11,3.6034293004460094e-11,1.6612967094296905e-11,0
1.705747494665827e-07,4.737423980439019e-05,3.147422374586431e-09,2.796661926840934e-09,2.549277972679859e-10,5.5006706667639145e-11,1.0534655417988387e-10,8.660815619839673e-11,0
-1.89535217040724e-07,2.7599480093117426e-05,8.867178500250587e-10,3.9943546209299257e-10,1.1912108965960956e-10,3.8942136616443616e-11,4.633339678713125e-11,2.0935443373322253e-11,0
-5.261329381963494e-07,3.169491070560417e-05,1.115434745895152e-09,6.594935898008062e-10,2.47457142806316e-10,7.425994812322902e-11,8.380295526967603e-11,2.4636098834312975e-11,0
5.366034919363978e-07,2.762906380572708e-05,8.936790777729678e-10,4.940993250059757e-10,1.3499789947861056e-10,4.4403538103449324e-11,5.2686664673605247e-11,2.7204051347380475e-11,0
-3.996227085839928e-08,3.0932677300510274e-05,1.3281678794627584e-09,8.496143930941379e-10,2.0772263046665e-10,5.3255423116728283e-11,5.758805338089077e-11,3.4597031516668534e-11,0
-2.201839040747072e-07,2.6564340874684594e-05,9.127166913036242e-10,6.008501167101569e-10,9.987100863676373e-11,2.81303159015833e-11,8.142591574967464e-11,7.752609825377595e-11,0
2.99480662789139e-07,2.6059493657559254e-05,8.430101135386073e-10,5.739941488331351e-10,1.2200723422223292e-10,3.015509617760398e-11,5.488149839195248e-11,2.952267196872547e-11,0
-5.945184816019587e-08,2.2192291343476403e-05,5.322222681875248e-10,1.882151141005546e-10,8.115851227047254e-11,2.5492418356586493e-11,5.291968754546902e-11,2.4179612185472262e-11,0
2.0835662027329424e-07,2.271715149795999e-05,5.950714762033742e-10,3.4283001549559405e-10,1.3292517454508973e-10,3.60696027376323e-11,4.3241521453025544e-11,2.0931566547643243e-11,0
-5.004993556913463e-07,2.6684308509730028e-05,9.059521804040267e-10,7.013888419480714e-10,2.169398158393618e-10,2.860196266103966e-11,8.247825570501058e-11,4.1586196568729345e-11,0
2.573999896298325e-07,2.7506995746320563e-05,9.204330590644773e-10,2.584015243725335e-10,1.0761330547801314e-10,2.4895192622365965e-11,5.019789773861509e-11,2.961944905066778e-11,0
-1.058803737221575e-08,2.119246844132689e-05,5.283103874566967e-10,3.4384936960051436e-10,8.546064552750069e-11,2.675461838086438e-11,4.8017780827890945e-11,2.5681873246490598e-11,0
-4.6109677199728686e-07,1.92109802562144e-05,4.0836366332535803e-10,1.9318349398713888e-10,7.362057222612366e-11,1.7504001411380545e-11,3.9655964112302006e-11,2.1550398511404174e-11,0
5.705138128874913e-07,2.230369342658533e-05,5.180465014852987e-10,2.7262895550487063e-10,7.165978759261867e-11,2.6842320452811052e-11,3.9831669573532425e-11,2.186673460428559e-11,0
-3.6220375879195333e-07,1.973897808785408e-05,4.318998646487504e-10,1.154958987820769e-10,5.3658177398480114e-11,2.3295692747078275e-11,4.771796691966994e-11,2.3055554319513535e-11,0
3.871450920028922e-07,3.968969970085999e-05,2.3300263857317996e-09,2.1576748601048114e-09,2.974811178515977e-10,6.923110290923352e-11,8.663756697490807e-11,7.256930451732429e-11,0
1.9474149703114727e-07,2.4287996350497535e-05,6.987813053164331e-10,2.9548344233220655e-10,8.003046334511371e-11,1.9728985382782748e-11,6.615575627678139e-11,3.5799195325228465e-11,0
-4.2533161173987315e-07,1.6993566521320742e-05,2.9649971725584533e-10,1.2906467020256028e-10,5.294362564733028e-11,2.1666599143093107e-11,2.9651573279907934e-11,1.373407430113734e-11,0
3.2473110182940513e-07,2.5180868615871944e-05,8.142032683501266e-10,3.052583684196896e-10,8.488025506674023e-11,2.8571425843642915e-11,3.927054533351534e-11,1.90919664016978e-11,0
-3.8430183691243655e-07,1.7822574970209637e-05,3.2577334752827446e-10,1.483984945438704e-10,6.60265222701437e-11,2.5609934176822458e-11,3.414423432674271e-11,1.7577653117198195e-11,0
-3.599802427760018e-07,3.618754343918702e-05,2.155100387709111e-09,1.9914506892273585e-09,2.2182757516699264e-10,4.752699431997354e-11,7.07253871914065e-11,4.1260811562776024e-11,0
-5.926592952658533e-07,4.0771597366029526e-05,2.572410060050704e-09,1.3987654189432474e-09,2.2290795566749564e-10,4.440995751202938e-11,1.2455407846378956e-10,8.09352147154191e-11,0
1.4598957377567453e-06,2.0362061118622698e-05,4.4966331200472535e-10,1.3238159352390554e-10,6.606656111456692e-11,2.3180750308896636e-11,8.872059671284237e-11,5.523967551540191e-11,0
-2.8276548288634227e-07,3.0190645534392597e-05,1.4162920970135423e-09,1.256883486936242e-09,1.504901647909644e-10,2.9218591990567794e-11,5.6148421228880204e-11,2.971113889004171e-11,0
-3.5095202292247545e-07,4.225286583398613e-05,3.048208818206164e-09,2.3524436555310463e-09,3.414479135272425e-10,6.136425401923293e-11,9.947307430710339e-11,8.843056588032147e-11,0
2.82351073713175e-07,3.325860967486447e-05,1.5992213569758346e-09,8.700220383746182e-10,1.6742905025698081e-10,3.2403162622711707e-11,7.827840569672243e-11,8.250399340983342e-11,0
-9.414027034065679e-07,3.6638754171445974e-05,1.9477707624045705e-09,7.601066782569972e-10,2.011224307186266e-10,3.038831696915613e-11,6.362817785111707e-11,4.081947808615032e-11,0
2.290260073589044e-06,3.499110970181188e-05,1.7533884594465192e-09,5.385738186651297e-10,1.1854245594924775e-10,3.628102423334495e-11,7.012254954805514e-11,3.6315126653373746e-11,0
-6.102466345478286e-07,3.409548195376927e-05,1.7741844254030958e-09,8.429643330346944e-10,1.792299874196747e-10,3.119784621260409e-11,5.963030399807846e-11,3.3283216854679045e-11,0
-5.341447483481112e-07,3.445564700979413e-05,1.8010930992120836e-09,1.2416461334643235e-09,2.61399016606321e-10,4.939220241375118e-11,8.717218088300406e-11,7.347314601880105e-11,0
-5.371344077072377e-07,2.5851176055730053e-05,9.066451501978272e-10,6.712980143392406e-10,1.789481231288252e-10,2.905053329445218e-11,4.776762332271812e-11,2.3602502275910566e-11,0
9.742084698214304e-07,4.557577947111033e-05,3.4069762216538846e-09,2.324012855035883e-09,3.251976257598977e-10,4.2196332717452936e-11,9.075790916251265e-11,4.151716009578418e-11,0
-7.586531423020841e-07,2.4995772288298836e-05,7.339204751952331e-10,1.614105208539184e-10,7.785308052949184e-11,2.568289690978521e-11,6.430014553527555e-11,4.936082238492081e-11,0
3.899466236323639e-07,2.1095512271048735e-05,4.634550648158153e-10,2.1160152574882546e-10,9.050224482047224e-11,2.5575682700996442e-11,4.2590140772415726e-11,2.4420189187680276e-11,0
6.886344152715817e-08,3.806066429577566e-05,1.914746168095108e-09,1.6688851206420907e-09,2.384660016978543e-10,3.8067262180091146e-11,5.569879625243388e-11,4.670418582880959e-11,0
-3.3694692296403246e-07,1.7818569741209304e-05,3.4701641831753705e-10,2.0131030401449936e-10,6.28887361382907e-11,2.466449471154653e-11,4.079064457821513e-11,1.9807835953926068e-11,0
2.4404706712681414e-07,2.451500348196154e-05,6.966675035782075e-10,3.8545834077073084e-10,1.5357788863467743e-10,2.6038127149511525e-11,3.4117095981667356e-11,1.6766614280787872e-11,0
-4.328043471326435e-07,2.58674977421718e-05,8.096293434291444e-10,4.411051952998211e-10,1.1998458213916353e-10,2.2236500275439348e-11,3.902424953391549e-11,1.9988448947309558e-11,0
2.1886269923659206e-07,1.7375805572658736e-05,3.1520933853121395e-10,1.289246340479152e-10,6.167498158514081e-11,1.718788957553062e-11,3.369040549012012e-11,1.8592849008308432e-11,0
-5.908279857705108e-07,2.9988655584921166e-05,1.3232343144048823e-09,1.0554119304959644e-09,7.564201051002483e-11,2.2543696357971572e-11,2.947648265301364e-11,1.3572333399366093e-11,0
3.118873846977643e-07,2.718158686982105e-05,9.056464862234553e-10,3.6728590888620974e-10,1.0911000348140143e-10,3.718831810545796e-11,7.668718943807925e-11,4.916590627724423e-11,0
3.804752126246061e-07,1.9624298508285626e-05,4.098903695462613e-10,1.9827830033322282e-10,5.969366927546113e-11,2.7897358695590128e-11,4.7576446182074766e-11,2.7924629548571088e-11,0
-3.870959106692071e-07,2.6094002342869718e-05,7.735268789677427e-10,4.351841232130252e-10,1.28752726172238e-10,3.5528353301581455e-11,4.882661153856663e-11,2.509528505986939e-11,0
5.097487312439466e-07,2.1703301753336967e-05,4.964450904113083e-10,1.914283149915312e-10,1.1410199167024712e-10,2.4783040286345446e-11,3.7383681720236476e-11,1.7996528013732686e-11,0
-6.154423230207588e-07,2.9140413745008905e-05,1.0123550727553347e-09,8.054339980209482e-10,2.0389751362212222e-10,3.944307098755884e-11,7.283276909299172e-11,4.8798307467669366e-11,0
7.774245907703351e-07,1.585322847099513e-05,2.6729302687471557e-10,8.871146473227906e-11,3.6990101273077316e-11,1.4320456012905317e-11,5.423778430061822e-11,3.723051180293914e-11,0
-6.731715070037209e-07,2.857668522444002e-05,1.0576161383836573e-09,4.141022515106093e-10,1.1642309582457766e-10,2.7782544632487424e-11,5.603197850435819e-11,3.543849776541931e-11,0
7.66857188945474e-07,3.7814445647203324e-05,2.103501701269755e-09,1.2327397005719554e-09,2.0880442102106972e-10,4.2531626935281166e-11,7.359170268690261e-11,4.5407461659196557e-11,0
-6.776522982134839e-07,1.8134408035797847e-05,3.4782999591733534e-10,1.1429950287116866e-10,5.901496006326121e-11,1.9769111455085858e-11,5.935552222623311e-11,3.40104742018489e-11,0
-9.241433350630222e-08,2.6562327213315773e-05,1.091214657692658e-09,7.627573266712886e-10,1.2686896204002888e-10,3.2529069912348054e-11,5.605349342728714e-11,3.05466146411311e-11,0
1.5233182283905269e-07,1.4930535457291007e-05,2.2732518010764858e-10,9.905848669491815e-11,4.850602478578761e-11,1.5272262132117885e-11,2.989834341832587e-11,1.47731229030037e-11,0
4.0394529236638504e-07,2.859649915924171e-05,1.182793821934231e-09,6.323801587585976e-10,1.257508259774943e-10,4.044408034352536e-11,1.0029080030817131e-10,8.029181563405706e-11,0
-1.2392537159060793e-06,2.3863468907035737e-05,7.515097855585515e-10,4.881373743967201e-10,1.2061653744406e-10,2.242489340159495e-11,4.48793327855889e-11,2.2941076861306813e-11,0
8.648760958066678e-07,2.3356384760975032e-05,7.380773643012116e-10,5.313905685808564e-10,2.0503893918708953e-10,5.87849335320886e-11,6.218273022949839e-11,2.6426691674756337e-11,0
-1.3799844833216341e-07,2.725702171808811e-05,1.1201141536912716e-09,9.628515069552325e-10,2.048493968446169e-10,3.231916657917615e-11,7.992911499860694e-11,5.5609115080339266e-11,0
-5.9112318237380185e-08,3.0171853246659802e-05,1.3177394574239105e-09,6.557114880923993e-10,1.163860269429366e-10,3.183566804864076e-11,1.2713641457710072e-10,1.5228289089286826e-10,0
3.3119896043949817e-07,2.9168123931079824e-05,1.4372153093607173e-09,5.002575969863836e-10,7.484629688208273e-11,2.6912690830758317e-11,1.5370410595385242e-10,1.5431055986472303e-10,0
-2.451220998637404e-07,2.2854016308731006e-05,5.860636481743801e-10,2.180920651559628e-10,8.916474516146746e-11,3.239460645823248e-11,9.525789926917472e-11,7.046688667085257e-11,0
4.2803775169783287e-07,2.4704952050225093e-05,7.216275459908728e-10,2.37896011385743e-10,1.1122267949866674e-10,2.922793526975653e-11,1.2335617653210646e-10,1.6409453785491763e-10,0
-1.9233789749794905e-07,3.4866939353630424e-05,1.5609052422598277e-09,7.76497227299461e-10,2.627940339764865e-10,6.322034733036789e-11,1.6834205623639176e-10,1.1685484799394372e-10,0
-4.251033994979895e-07,2.3714843703322972e-05,6.451100419972374e-10,2.561284697162738e-10,8.263005358747578e-11,2.6651926312857902e-11,1.0056624717822386e-10,5.294581742023081e-11,0
2.2838438144097392e-07,2.9225348294087512e-05,1.1565081070675933e-09,9.143787102355524e-10,1.9857270589431836e-10,4.171816798445289e-11,5.66958811420514e-11,2.7408557306273105e-11,0
-3.164538722984708e-07,3.484509996520967e-05,1.771957477503652e-09,1.5061673283727724e-09,1.991116649619734e-10,3.295167930926533e-11,6.766914237711409e-11,3.825359151350766e-11,0
5.546791079819006e-07,2.8626645526720124e-05,1.0880770071158542e-09,8.715263363729396e-10,1.9871344575494954e-10,3.9220036593887856e-11,7.467362783888789e-11,3.514028479849529e-11,0
-2.4561031800923354e-07,2.3433388382597917e-05,5.869195711974486e-10,3.442860408020671e-10,1.760105563859164e-10,3.315488224528121e-11,5.436702014956665e-11,2.7856546539618263e-11,0
2.7841874159900456e-07,2.7554375879202432e-05,9.72010285384867e-10,7.132185721508452e-10,1.9895925205664697e-10,3.554449589866372e-11,9.76641315311111e-11,6.588613775518629e-11,0
-1.7488064924472207e-07,3.7282291951658446e-05,2.3323530117210465e-09,2.1558593129069886e-09,2.0675343813456886e-10,3.998158510350409e-11,8.645235267218464e-11,5.80962093559938e-11,0
-1.2018997047205108e-07,2.2751010773372523e-05,6.016967633210207e-10,2.690297767195233e-10,6.214514569790992e-11,2.2922500854523364e-11,6.436424651790314e-11,3.3116708860171894e-11,0
-4.0312740218689076e-07,2.6945981831441233e-05,8.095413620777886e-10,4.913314227519892e-10,1.1090896948093903e-10,3.611506252754058e-11,1.0659388471161624e-10,5.457030381987322e-11,0
1.4720197340463635e-07,2.5007847337867666e-05,7.928148085936726e-10,4.448635458004686e-10,1.250012501718963e-10,3.42660119279026e-11,4.632634264817668e-11,2.4117762724639763e-11,0
7.537660095750755e-07,3.373557999359764e-05,1.8463259788054747e-09,1.2635949521511393e-09,2.422516264538281e-10,2.5930361471501146e-11,3.565628430910536e-11,2.5141599939616186e-11,0
-8.137585911032189e-07,3.0110939774270262e-05,1.4208612726055915e-09,1.176402411185879e-09,2.9333098997670465e-10,3.0447046367886125e-11,4.5458289133197506e-11,2.175213617901317e-11,0
4.970247402067207e-07,2.474218126547679e-05,7.096028031627766e-10,3.8575310232079293e-10,1.2919892746302152e-10,3.373276790797594e-11,6.326735434631717e-11,3.127014322585108e-11,0
7.239984164105204e-08,2.4334857977574174e-05,6.797710897238528e-10,3.6835972723818424e-10,1.0396140168375456e-10,3.0033657304653466e-11,7.28419310232727e-11,3.804511613356556e-11,0
-9.686235621737054e-08,2.7406689339738996e-05,1.0341248052649418e-09,7.885355585457083e-10,1.6756452678960847e-10,2.972018190678057e-11,4.236713636465909e-11,2.1555564675052155e-11,0
-6.842554701401465e-08,3.270130000744277e-05,1.4640802127397643e-09,1.4296399026953155e-09,2.2813047320710377e-10,3.2671683600930176e-11,8.050758293930232e-11,3.604707607135889e-11,0
-5.272363993702589e-07,2.625694383866478e-05,8.295933042390911e-10,3.8008769211320676e-10,1.2674066134298293e-10,3.072075003877916e-11,7.967633947427872e-11,6.176043238159643e-11,0
4.52101851855316e-07,2.816691571098714e-05,9.635681867418371e-10,6.180283017588165e-10,1.9845944951523541e-10,4.581324867187072e-11,7.043756335698532e-11,3.179739273091668e-11,0
-2.728399679014321e-07,3.452789176342622e-05,1.8317426625118508e-09,1.131252160092007e-09,2.8037901124346164e-10,4.79262836978363e-11,6.231642879069183e-11,3.4831220790943385e-11,0
6.135009658487474e-07,2.009661334202112e-05,4.6511222441030077e-10,2.190262079179672e-10,1.0723370351610021e-10,3.335917527402375e-11,7.398701330744015e-11,4.158245588585891e-11,0
-1.7736876972355462e-07,2.4144628476723515e-05,8.828866774742802e-10,3.657402976631149e-10,1.3592631513697159e-10,2.6663804745140174e-11,7.87321268587668e-11,4.615115491361195e-11,0
1.9510666876264352e-07,2.609282640835625e-05,9.764432074327985e-10,1.1018619939784844e-10,6.565296005598357e-11,2.661849568658267e-11,1.34867252751733e-10,1.1638673308463343e-10,0
-2.0482896170383904e-07,2.652325497493294e-05,7.679170543675592e-10,3.735573793001959e-10,1.0181448970247898e-10,3.914303168649275e-11,8.072389886360244e-11,5.325072868121959e-11,0
-1.0528560218264047e-07,3.19622742367486e-05,1.3895695061142373e-09,8.646460953752324e-10,1.5877284467764484e-10,4.4071997395118606e-11,1.0261944058092623e-10,7.337746950072682e-11,0
4.292130244676791e-07,3.055572269690506e-05,1.2760139612639151e-09,1.0262829862458933e-09,2.9227418827917835e-10,5.487931375745278e-11,1.0409488515641942e-10,6.514836585146275e-11,0
-4.2011644249865363e-07,3.187404780924589e-05,1.5088601931120203e-09,7.900869959507715e-10,2.3214394305450018e-10,4.007714822599821e-11,8.535021224102372e-11,5.247284870250699e-11,0
6.737330773806735e-08,4.154831507637541e-05,2.60499299963299e-09,2.4705188350756355e-09,3.3577909266143546e-10,4.6796523669634305e-11,5.6088406660323156e-11,2.376689605685187e-11,0
1.8482011578800003e-08,3.160268711767756e-05,1.5035666493250212e-09,1.520502239940403e-09,3.125314043434684e-10,5.0631597236991674e-11,8.138502775423058e-11,4.614497005374709e-11,0
5.470040441199683e-08,2.1599639438435386e-05,5.575396715219788e-10,2.9823049138524843e-10,6.644996393404812e-11,2.912885947444505e-11,5.7204257891464904e-11,2.3926715381790746e-11,0
-1.2699516615878938e-07,2.3992456827077445e-05,7.551121372412149e-10,4.712052512948245e-10,9.27518607895221e-11,2.5110951043311714e-11,3.0615290716263966e-11,1.4191427656863303e-11,0
-1.084732707718004e-06,2.7642685105443833e-05,9.607257605745654e-10,4.991667815224946e-10,1.269991949904435e-10,3.239115931541185e-11,6.42389015282278e-11,3.8961428929855787e-11,0
6.66827431777688e-07,3.577907684735034e-05,2.014314661171256e-09,6.381135829166805e-10,1.37736669732878e-10,3.1106644037212863e-11,3.6774945374384715e-11,1.9935060903779152e-11,0
-8.763923639564638e-07,3.095241722390269e-05,1.2997166281915669e-09,9.546918275337364e-10,2.9578156341766406e-10,4.690615242874518e-11,4.0604342238601146e-11,1.758055312404428e-11,0
1.220834645570555e-06,2.7649622487555394e-05,1.1839258509845922e-09,9.443115721102796e-10,1.7612341462194545e-10,2.8628045194193255e-11,3.861217771407374e-11,2.1811029959701137e-11,0
2.3338893170407474e-07,2.533346946966303e-05,7.727337316104306e-10,4.521522572269719e-10,1.749578574337818e-10,3.8801240396318274e-11,5.7151340621384476e-11,3.393965285163521e-11,0
1.0079754357167439e-07,3.104349167249158e-05,1.4092657972522379e-09,8.862408370986157e-10,2.0586773509588184e-10,4.69159418322728e-11,9.064284952657964e-11,4.961367504139074e-11,0
3.2769627037751615e-08,3.0271528694686543e-05,1.238747828689427e-09,5.760857044253534e-10,1.6715645487642614e-10,4.816441165595453e-11,4.375370402566888e-11,2.429096444342209e-11,0
-1.891588918584897e-07,3.363626991949654e-05,1.5916268199615435e-09,6.85126711855917e-10,1.6297549890677089e-10,3.487641724010161e-11,6.927161460435263e-11,3.030162017898813e-11,0
1.0348010707309722e-06,3.6503673712834224e-05,2.0072965057752758e-09,1.3481205264235107e-09,1.2600809085674716e-10,4.081375475656187e-11,4.619272956291616e-11,2.810238563297687e-11,0
-1.1119138234313996e-06,2.3207622246165946e-05,6.569145879427695e-10,1.3440889595888353e-10,4.9279862647348156e-11,1.82828318398417e-11,4.772530231476623e-11,2.7002964755022367e-11,0
-2.1583505716949237e-07,2.3761829049366506e-05,6.510997573538049e-10,5.393424638556326e-10,1.3351685899987714e-10,2.9520114477972145e-11,3.795966320081925e-11,2.029518526984601e-11,0
-1.7267014314843871e-06,4.70031660144361e-05,3.387542991967535e-09,1.9390832754549515e-09,8.88709427545693e-11,3.942119106121413e-11,4.9160131887775534e-11,2.251055805127614e-11,0
2.7169618865465395e-06,3.312360096600365e-05,1.426978680515808e-09,8.571941346106336e-10,2.0227980219299801e-10,4.484515256999024e-11,6.698333710988464e-11,3.894667773194241e-11,0
-9.927695422860787e-07,2.822486721856267e-05,1.0753902723104628e-09,6.298717745810379e-10,1.556331134928558e-10,2.3240782137500958e-11,2.7734041420119592e-11,1.2873778042017326e-11,0
2.465913108145139e-07,3.781455668080866e-05,2.4485115811276695e-09,1.5084700136334358e-09,3.041496826418166e-10,3.9592421536523386e-11,4.933826547572925e-11,2.2817772711609256e-11,0
5.037134833380183e-07,2.38900309303672e-05,7.305858783262354e-10,3.662398869245935e-10,8.774789440904198e-11,2.1700108271684908e-11,5.3590094214660085e-11,2.7673002661187653e-11,0
-1.103494251665211e-06,2.7487197995773232e-05,1.1657222505363248e-09,9.071502155751678e-10,2.2289084782247992e-10,4.132627309938563e-11,7.246945761312575e-11,4.442754311539965e-11,0
4.023629976774313e-07,3.04824229749834e-05,1.2669600847151339e-09,5.826915901532544e-10,1.1918681625125027e-10,2.4445653217803077e-11,5.6031091895858235e-11,2.5107160854484297e-11,0
4.08632492678149e-08,3.2645146088256655e-05,1.4620192188901518e-09,9.35309404056632e-10,2.2078806085146383e-10,5.3566563092472726e-11,1.2921275890939183e-10,1.3295682702172583e-10,0
2.676555881554335e-07,3.878036513977677e-05,1.9630723705153293e-09,1.3711771154568637e-09,3.03936029723121e-10,6.916019029733213e-11,1.3008073870301807e-10,1.428487621564673e-10,0
-5.222953321423369e-07,3.124844193189411e-05,1.3204289498007504e-09,3.800566422760722e-10,1.8461128152738405e-10,4.423532471384068e-11,1.2919350921107279e-10,7.119104946473847e-11,0
4.29575949681979e-07,2.74230103707462e-05,1.0961058207567109e-09,6.098953141908537e-10,1.4581465529596857e-10,2.4402695315525857e-11,7.81272257143801e-11,5.748217977632466e-11,0
-3.578357502213501e-07,2.2645701158088923e-05,6.686034628028711e-10,5.059877366109801e-10,1.8526867066836743e-10,2.8789251182868788e-11,6.286548791053798e-11,3.1397146558159366e-11,0
6.236860720276363e-07,2.4130610477196194e-05,7.842694906110166e-10,3.0900112742347434e-10,9.859614931511534e-11,1.9629522343870926e-11,5.3149576394168964e-11,2.830835580233228e-11,0
-5.728917415388827e-07,2.3015547205024168e-05,6.145325852372334e-10,3.7122605001753075e-10,1.2774836967898883e-10,3.021432240469439e-11,5.556285531533522e-11,3.991915840804945e-11,0
2.912768833122036e-07,1.7412376838853283e-05,3.150176263142188e-10,1.4993595659832023e-10,5.554829488857719e-11,1.7523584504882165e-11,2.925647212952844e-11,1.2664634917289442e-11,0
-3.8313468170338167e-07,3.5609799756628094e-05,1.9338373247491264e-09,9.108701401490002e-10,3.091869722137973e-10,5.17696071424149e-11,8.304153621777987e-11,7.002965459425327e-11,0
3.4015097175973145e-07,1.5611522143003334e-05,2.623416736693428e-10,7.342566947132555e-11,3.606366284094373e-11,1.3702852507849901e-11,5.6976442678238324e-11,1.984003791668412e-11,0
-4.634142171146904e-07,2.330670356982633e-05,7.951812107744764e-10,4.681051200185127e-10,1.2669604007204312e-10,2.982838526024017e-11,1.2266100312871585e-10,1.205359473044521e-10,0
9.394632009224017e-07,2.600119581372516e-05,9.083748331836222e-10,1.820148477444725e-10,5.77726265112941e-11,2.227356558291793e-11,7.438003458674657e-11,3.801330001530378e-11,0
5.0366906285849466e-08,2.3246034068980693e-05,6.109806022231847e-10,2.66196980413018e-10,8.009573971243257e-11,3.0362880745764754e-11,6.227767004159588e-11,4.238046741580978e-11,0
-4.884542555694713e-07,3.0565801341428045e-05,1.2626664416526992e-09,5.189731666128647e-10,1.4905004884640671e-10,3.596737762394397e-11,1.3124621622814629e-10,1.1922297537797157e-10,0
1.2127277941961437e-07,2.8769339421611052e-05,1.2677363317776182e-09,4.387555065751793e-10,1.2545958915774584e-10,3.858194135576778e-11,8.574747084004705e-11,5.2913795354142265e-11,0
-1.815953319697863e-07,2.323463420455291e-05,6.441437694624353e-10,3.261854775525028e-10,8.827393625324603e-11,3.1828693968122595e-11,9.516065484437316e-11,6.852529981822589e-11,0
7.158576034189852e-08,2.538796589456999e-05,8.98912270509606e-10,4.72658470866037e-10,1.818545879422881e-10,5.051562578452833e-11,6.5667425155959e-11,3.9488129520167594e-11,0
1.6542515210342292e-07,2.86047102077378e-05,1.2236320160225762e-09,5.581969053586389e-10,1.361228041532757e-10,2.8160950687719737e-11,9.335311704679952e-11,5.271993884718148e-11,0
-9.85353605005183e-08,3.242553950642441e-05,1.4222610181427655e-09,9.976450444778955e-10,1.4497732811108682e-10,4.1379373763627463e-11,1.4588602640876202e-10,1.0844489545390694e-10,0
-4.48829185437412e-07,2.0833131293599363e-05,5.06530568831647e-10,1.2671567165513252e-10,5.738634530083323e-11,2.2495703390978685e-11,1.1918042399577255e-10,8.093573007041792e-11,0
7.21807013037463e-07,3.1602937993457334e-05,1.4509648178919113e-09,1.1556042180113707e-09,1.563328616196304e-10,6.396100601886096e-11,1.3576501994426375e-10,1.6408452646241894e-10,0
-4.2538573106023447e-07,2.6255108758028654e-05,8.300931448183159e-10,4.696289841842906e-10,1.2469128434328818e-10,3.108530516799064e-11,5.2122665967194545e-11,2.3868931597401924e-11,0
1.600587650669227e-08,3.637375261707237e-05,1.9640359609481173e-09,1.2369771604010527e-09,2.6177462825529557e-10,5.971222494215163e-11,1.486342383369876e-10,1.9083916431230043e-10,0
-5.35486378462922e-07,3.262555714608416e-05,1.517710096914652e-09,1.4086438801610359e-09,2.0921246626951533e-10,3.078644796526071e-11,8.515430503988896e-11,3.941446270418683e-11,0
3.6606255684020776e-07,2.7081224818760295e-05,9.501114151082924e-10,5.400137181002217e-10,1.5101962414983338e-10,4.025608830242717e-11,5.897047628723272e-11,2.2450100105207086e-11,0
-6.147878802429982e-07,3.344135726429981e-05,1.586186486837025e-09,9.362756014991787e-10,2.3682110852135954e-10,3.585980616994552e-11,4.390233159854684e-11,2.4859666903799696e-11,0
3.6586022687946763e-07,2.778849024848545e-05,1.0248911574717377e-09,7.25144348736392e-10,1.486586788238809e-10,5.706638003785799e-11,3.879216911502746e-11,2.137861396768433e-11,0
2.8302523365540623e-07,3.6707250117335974e-05,1.9138351085453446e-09,1.2770928634310702e-09,3.265399909375071e-10,5.676280019598704e-11,1.3773935462917307e-10,8.997120421129345e-11,0
3.136452701768442e-07,3.6473057047728325e-05,1.5335691761765162e-09,6.420624507076672e-10,1.5021624228801306e-10,3.273552348046053e-11,1.1605802327252285e-10,4.879202425403078e-11,0
3.1418767599467035e-08,3.440382444426195e-05,1.5223742705444877e-09,1.0771155068906936e-09,2.35270366681392e-10,3.437817349076546e-11,4.1718802634756235e-11,1.8394173914595973e-11,0
-1.252747071643058e-07,3.2322941407262366e-05,1.443700888177776e-09,1.0354239717994295e-09,2.141665809261211e-10,3.096777956582296e-11,6.227832669987408e-11,3.873037929306665e-11,0
-1.4907114118745667e-08,3.385422784788043e-05,1.6026405263469858e-09,1.1519478718798262e-09,1.3819822013498864e-10,2.666031130530829e-11,4.7142139765469564e-11,2.9601559055773566e-11,0
-2.0523131164578817e-07,2.841249561097911e-05,1.0275720819951598e-09,2.6648197941043164e-10,8.072610692219547e-11,3.5452233754194074e-11,7.254147755093576e-11,4.728015595871905e-11,0
-1.1373129393029343e-07,2.738736989154194e-05,1.0242372448978155e-09,5.092043762922949e-10,1.7411906934104622e-10,4.420598007705636e-11,1.2379729393822099e-10,9.222845344306263e-11,0
3.254301678925213e-07,2.5186741851357765e-05,8.350424579295506e-10,7.666331496792842e-10,1.4189786263638441e-10,2.502335080748532e-11,4.312024064015223e-11,2.5491733602724846e-11,0
-5.702479375004337e-07,2.8692128530473546e-05,1.2525772060599779e-09,8.31900769045369e-10,2.498225433709635e-10,3.88347779558408e-11,7.458054005196993e-11,4.807540611011005e-11,0
5.010373810346642e-07,2.152525411475447e-05,6.390568589742002e-10,4.0217757560163395e-10,1.3430042542588257e-10,3.546273765658683e-11,1.003594511199961e-10,5.237665578297848e-11,0
6.059306339561985e-07,2.5755582259646304e-05,1.0563598053286204e-09,5.132432179226607e-10,2.060517793871939e-10,3.547854722361174e-11,4.6030484021111035e-11,2.5546327775655565e-11,0
-9.05215879202461e-07,2.361940047554701e-05,7.446285848668217e-10,4.3323652185431384e-10,9.437621899390225e-11,2.0258991087655592e-11,7.269869614005745e-11,5.0878403627291415e-11,0
4.5631237449510604e-08,2.4168103856373323e-05,8.072464073956932e-10,2.526485142081525e-10,9.727495087390129e-11,2.1760539876840613e-11,8.699154808042936e-11,7.163772633682204e-11,0
7.740326025454401e-08,3.3097656930470496e-05,1.603996169889704e-09,1.3925044752938514e-09,2.312895558725029e-10,3.697677261794221e-11,5.81797863989288e-11,3.4067343257141135e-11,0
1.9880961746789164e-08,3.093583788643107e-05,1.2362582018018813e-09,6.980895300698087e-10,1.5046218614414015e-10,4.321171449413504e-11,1.422140782405925e-10,1.1341303599038001e-10,0
1.348569169555677e-08,3.2479836751751694e-05,1.4610234345022154e-09,1.0393730930269231e-09,1.828176403828298e-10,3.227357718473161e-11,1.0493427963081773e-10,6.419057118524728e-11,0
-5.9260841534629616e-08,1.904814480436563e-05,4.304294572966789e-10,2.7945455670046887e-10,1.0260929022163928e-10,2.08486679838046e-11,3.294090179563845e-11,1.6512020944001495e-11,0
-2.0595925591669344e-07,1.8919001333210123e-05,3.7517880912671277e-10,1.7943861816909944e-10,6.285574055540577e-11,2.1635798579365036e-11,4.103893851185588e-11,2.2612207630521854e-11,0
4.328072523496602e-07,3.505092694629814e-05,1.7694082095420419e-09,4.827264507636475e-10,8.307156766551333e-11,2.738525242025134e-11,1.4436674718416481e-10,1.0772282420680117e-10,0
-2.2771527277095184e-08,3.353633216987336e-05,1.5242462890785065e-09,9.708192552822103e-10,2.0538835249096502e-10,4.78145374812327e-11,1.348275182561893e-10,1.3041071730590593e-10,0
2.2977143191708514e-07,3.356085535667753e-05,1.5429826793226412e-09,1.0570132462326388e-09,2.9934725376896306e-10,4.925484509534039e-11,1.1940496232223118e-10,9.224543577450273e-11,0
-1.8336973316875714e-07,3.274798475060968e-05,1.40403496184384e-09,6.029170984406424e-10,1.4640658743194026e-10,3.894903063220405e-11,1.6678371121138952e-10,1.2516367396837272e-10,0
-1.528629526973694e-07,4.48919266012128e-05,3.1507624218522286e-09,2.7672325431122827e-09,6.168090647482563e-10,8.034605359237577e-11,9.812347980524787e-11,6.871425620264505e-11,0
-3.120213465599506e-07,2.5604050889046487e-05,7.92662721792307e-10,4.3150631096647467e-10,1.0365598670127408e-10,4.103022315079509e-11,8.403650442638742e-11,4.550814075895597e-11,0
8.572858527573298e-07,3.4045402454528914e-05,1.6147938981891465e-09,3.928398500565927e-10,1.0095663755116433e-10,3.869702933268352e-11,7.123743577776561e-11,4.422479475788632e-11,0
1.7153072429600456e-07,3.650839525070476e-05,1.8500122113400636e-09,9.133098705743002e-10,1.9630949103707756e-10,4.418223269768282e-11,9.719109146526617e-11,6.584016016264777e-11,0
-1.1576096831994418e-06,3.8909532675279045e-05,2.282389161325649e-09,1.9753310435331557e-09,3.7284842038048995e-10,3.816670034782725e-11,7.863649246792066e-11,3.680768571751561e-11,0
5.598301042170368e-07,2.8935163978558654e-05,1.1092260734690534e-09,6.107359663188087e-10,1.850571076822315e-10,4.51753977022096e-11,6.285960459163518e-11,3.511090973565981e-11,0
-4.916732966637882e-07,1.9453902573902717e-05,4.2005311362207983e-10,1.4275911418531627e-10,6.197253019437524e-11,1.9714567598896446e-11,3.526356596159055e-11,1.7086941642764127e-11,0
8.114698293726941e-07,3.941441441316787e-05,2.187535230349586e-09,1.1435672434316e-09,2.3551713706134084e-10,3.882190229752159e-11,7.129173337781267e-11,4.6538640234258634e-11,0
1.8643833151715864e-07,2.8426257731905755e-05,1.0664836200658428e-09,6.170872539786585e-10,1.5708116505883556e-10,4.0426988502571265e-11,4.865723431990383e-11,2.7041571980165147e-11,0
-1.008763567633651e-06,1.715026733364679e-05,3.276294681943996e-10,9.859258365081158e-11,3.962270858308555e-11,1.6319437432369732e-11,2.3343312125775742e-11,1.0295325760971446e-11,0
3.7843198475078785e-07,2.4001273207702514e-05,7.72371914227764e-10,7.310373620789019e-10,1.613557298785606e-10,2.0945238448227367e-11,2.7230124899565882e-11,1.3291819985863574e-11,0
2.5631759814611274e-07,2.8953704278338602e-05,1.2165435880042856e-09,2.7966176656035473e-10,7.284888966742042e-11,2.3979982870532027e-11,3.059263868812981e-11,1.4228742437940313e-11,0
1.0912308381227822e-07,1.9191568657799678e-05,3.88825944593586e-10,1.812720341920371e-10,8.621725709243973e-11,4.727821914162629e-11,3.951124939013202e-11,1.6632810142983502e-11,0
-2.1626285213835389e-07,1.4142189818165024e-05,2.0522059860237514e-10,9.539542796673185e-11,4.347614729618078e-11,1.2839035650246623e-11,2.9051209170688163e-11,1.8274073776324473e-11,0
-3.197760590121745e-07,3.071591492219517e-05,1.6386154870935957e-09,1.504256657867175e-09,6.729991466948963e-11,2.343918675206353e-11,3.397487139233983e-11,1.232315703840575e-11,0
4.195227667441362e-07,2.5357488445054248e-05,8.264741825321074e-10,4.685209820325165e-10,1.3139841719357473e-10,2.7479321830451395e-11,3.0980320457662686e-11,1.2309275422083103e-11,0
-1.3598481632078375e-06,3.50158577045263e-05,1.651349972932021e-09,1.3505205426244277e-09,9.225106047973879e-11,1.936568173311213e-11,3.606930403577921e-11,1.9233299266062307e-11,0
1.1179343710485305e-06,2.7307877048732116e-05,1.0075979185342448e-09,4.770965276745059e-10,1.1481446120359921e-10,2.442257339076785e-11,3.0584663994424974e-11,1.724540592193075e-11,0
4.0033791912805786e-08,2.3167870449875258e-05,6.57718272469926e-10,3.486309785886554e-10,9.046790665573181e-11,2.2168202363254403e-11,5.156898051518329e-11,3.1151248740105824e-11,0
-2.2268553625237603e-07,3.135171011696497e-05,1.4548066603637922e-09,1.710936805900559e-09,1.5068578435498135e-10,2.8375785129640915e-11,2.6501923995271763e-11,1.3799700507621639e-11,0
2.3602048138358516e-07,3.293102381598365e-05,1.5812770800617854e-09,1.2191050019703192e-09,2.2963148295046713e-10,3.551211368578876e-11,4.3600002605537494e-11,2.2616807857913617e-11,0
2.3103372459165157e-07,2.8908987928905026e-05,1.0726407537859825e-09,7.273415973550476e-10,1.571781720847179e-10,3.050038200699418e-11,3.701927892926549e-11,1.4403780235078753e-11,0
-4.803149458848623e-07,4.038721744323764e-05,2.3018067336126605e-09,1.7087596154929496e-09,2.1225032912651908e-10,3.1688402689532477e-11,4.6875836935241863e-11,2.7030424336549313e-11,0
8.877376150242496e-07,3.419852794942172e-05,1.6212992864468015e-09,7.800611043403995e-10,1.6436387601031308e-10,4.4534361100488315e-11,6.657591166293782e-11,4.865971241041611e-11,0
-5.770007799273348e-07,3.833565947676123e-05,2.2343960431806863e-09,1.6014581873902205e-09,3.520736723806308e-10,4.040699218741961e-11,4.714599442602386e-11,2.0602016739866014e-11,0
3.161624540909096e-07,3.0219166084397425e-05,1.2199215102557648e-09,6.229847603298625e-10,1.1906169040775915e-10,3.489697104074035e-11,6.139180666428108e-11,3.5990596072473705e-11,0
-9.062288541986035e-07,2.5637752811508625e-05,9.752662334455582e-10,6.108527364416352e-10,1.5039054773089922e-10,2.734197659511989e-11,4.886042862946228e-11,2.677732351183152e-11,0
5.754272377714578e-07,3.0043929975813588e-05,1.4811165333797285e-09,9.350906508973408e-10,2.792325797702265e-10,4.7535440674607565e-11,8.21546631670207e-11,5.2360606635339613e-11,0
-3.6085005688244856e-07,1.9015612791408698e-05,4.0453832693444656e-10,2.0217311314757387e-10,5.145317365536761e-11,2.1248127335469284e-11,5.2296808006703726e-11,4.101243810190556e-11,0
4.498548908594206e-07,1.9266001839455334e-05,3.8278340540767205e-10,1.9400134721685084e-10,1.0028524922829624e-10,1.7304284609048932e-11,3.1697805667716466e-11,1.2684289969079819e-11,0
-3.324496931344829e-07,1.8706986323270833e-05,3.6176614088761867e-10,1.5717702540085074e-10,9.259013588995954e-11,2.2769673727482638e-11,4.072748195211424e-11,2.317415834999259e-11,0
5.373682678333471e-07,2.783670950731612e-05,1.0690201802430528e-09,7.402447905527947e-10,2.498897792637507e-10,3.189490405149518e-11,3.321275050208321e-11,1.5536585709642627e-11,0
-2.2167724417460834e-07,2.9253005634965113e-05,1.126194208633076e-09,1.7039591121299766e-10,5.261319323852759e-11,1.5285977701418664e-11,4.582176395912916e-11,3.3803429624746896e-11,0
2.49297933736406e-07,3.2177895479417364e-05,1.331426604896239e-09,9.436987810029454e-10,1.9283992713512046e-10,3.247937393176174e-11,8.695336072847613e-11,7.83559934420139e-11,0
-4.0580090664160877e-07,2.9766272018774726e-05,1.0188969037584127e-09,6.95938587575936e-10,1.7302463663758797e-10,3.40036883794351e-11,8.376059014514605e-11,8.434376586611066e-11,0
-1.314667555676279e-07,3.2848232396903345e-05,1.4988367243330922e-09,1.3321960213756186e-09,2.740553247994155e-10,4.097606170808065e-11,4.264010659489192e-11,2.345619102942191e-11,0
3.138306442814662e-07,2.6421114543280192e-05,8.546142487727111e-10,6.358712633419045e-10,1.6438002297662762e-10,3.473661754331796e-11,4.996277017661668e-11,2.690400795959129e-11,0
-2.3311432011172351e-07,1.811829464615892e-05,3.403688317428055e-10,1.377446660036351e-10,5.2796354135683654e-11,1.99743010083541e-11,5.6671303138148545e-11,3.202862532656393e-11,0
2.110037219579722e-07,2.904582145488072e-05,1.1985755595043198e-09,8.091722607757414e-10,1.6578299290399153e-10,3.277805995865274e-11,4.229571682955002e-11,2.6055471277162307e-11,0
8.085942008780689e-08,2.2351587724586256e-05,5.67280535462179e-10,2.430702228761924e-10,7.449067889924249e-11,2.7011766431979747e-11,5.7217486175350625e-11,3.627253643373974e-11,0
7.469531643268341e-08,3.245549730037905e-05,1.4045526731822562e-09,9.44679894352291e-10,1.9945124932486237e-10,4.729728891725484e-11,6.076596993329174e-11,3.5847171732609654e-11,0
-7.759385631848894e-07,2.987745358520671e-05,1.1331776712071286e-09,8.348434329425752e-10,1.8287714947463577e-10,4.2130651099004855e-11,5.914707802955269e-11,3.221828908366895e-11,0
4.465282116652375e-07,2.390545833742249e-05,7.397428448896744e-10,2.245367421701122e-10,8.028380874204658e-11,2.0117434862664033e-11,5.7131233848903695e-11,4.541811861376128e-11,0
4.0969908660255604e-07,2.6812600399867203e-05,1.0248142557338917e-09,6.10423711549929e-10,7.371031810605843e-11,1.8026215815190876e-11,3.837824150767265e-11,2.0015463585409918e-11,0
-7.456044037998116e-07,3.23479610594255e-05,1.4739780339002257e-09,1.3010306685462897e-09,2.700794386511425e-10,4.192919500746917e-11,7.00602725585582e-11,4.148712024449935e-11,0
4.209766945094708e-07,2.982942157077913e-05,1.2692787548036312e-09,4.6077037359536343e-10,1.0638726505419248e-10,2.785362061028948e-11,7.127173968502156e-11,5.0107711355603846e-11,0
-5.502781152668153e-07,2.2169201822217424e-05,5.66462012939198e-10,2.1506549878921875e-10,5.458632496652683e-11,2.6370492628164823e-11,4.4050558707835606e-11,2.952835770560632e-11,0
7.215964570326986e-07,2.7847018383733215e-05,1.0028559996663713e-09,4.4220531126369004e-10,1.306263797600551e-10,2.7980843681341525e-11,7.918012657579935e-11,4.8219824719314695e-11,0
-2.430701920499118e-09,3.0111836274322388e-05,1.1793713405553503e-09,7.811705861660412e-10,1.794866500261463e-10,3.9851013327289e-11,9.42450889341259e-11,8.941059309814096e-11,0
-9.807445980194222e-07,3.088096871860377e-05,1.2788226663337302e-09,8.370503623622702e-10,1.8508062229728916e-10,3.6751052404491826e-11,8.79385933349003e-11,5.193080360510011e-11,0
7.962585969996223e-07,4.0804363006447565e-05,2.4880395627515432e-09,1.0002711071541427e-09,2.52377133910994e-10,6.089436162217672e-11,1.1871453006068335e-10,1.1365260675620105e-10,0
6.228903359284288e-07,2.984857526424078e-05,1.111719606533955e-09,6.814031612462103e-10,1.0897499331450788e-10,2.980843528999185e-11,7.340674587009645e-11,4.619671780795319e-11,0
-9.503761027722164e-07,4.0318699106153816e-05,2.077865179911231e-09,1.801795935332046e-09,7.187783552254836e-11,2.8579250690336547e-11,1.354624106175717e-10,1.654347617954243e-10,0
8.707353063386803e-07,5.6193199280657415e-05,4.475030921709855e-09,2.5187749677493904e-09,3.1927775047408245e-10,5.337587376616422e-11,1.034322908415335e-10,1.1782005459258297e-10,0
-6.78811977751463e-07,3.294704364223063e-05,1.5427974545392466e-09,7.075855476940116e-10,1.564222697191469e-10,4.150684314101473e-11,1.4438423018564099e-10,1.3555478159248047e-10,0
1.6292387019019772e-07,1.9875672993926902e-05,4.3048207868746517e-10,1.482666735067915e-10,5.017980377269954e-11,2.203358052295034e-11,6.324656932922021e-11,3.9288047390515616e-11,0
4.288426899317702e-07,3.764437578701121e-05,1.997643248250502e-09,4.990776692407569e-10,8.031335383957813e-11,3.218877557805235e-11,7.374272860697366e-11,4.501917874028672e-11,0
-2.330415251666002e-08,2.9607022079699793e-05,1.0913813618573036e-09,3.5431625194857015e-10,8.881648280023206e-11,3.6616637674901944e-11,4.9327650898647195e-11,2.8011846264045646e-11,0
-5.913036685965541e-07,1.6648003350510963e-05,2.9004792563341847e-10,1.1315755519169063e-10,3.7799834892262636e-11,1.4999164957297097e-11,3.7431245907404015e-11,1.6280785915800008e-11,0
5.986174394591433e-07,3.364356280673876e-05,1.6343277561181603e-09,1.5528942004431958e-09,2.3050843654680998e-10,5.4113010895206686e-11,7.50174434615468e-11,4.1507315136168975e-11,0
-5.913213351546527e-07,2.5511007610141318e-05,7.973259399933042e-10,2.5056421021166973e-10,7.807866982150108e-11,2.8739460211064265e-11,1.2030617135631083e-10,9.56737488374242e-11,0
-1.5124228818692965e-07,3.1416446807592774e-05,1.5187168938457115e-09,1.3089545243955337e-09,3.8318818292947943e-10,3.394922689306484e-11,6.516743257640729e-11,3.0574328298763454e-11,0
1.5300206641707734e-07,3.824672237038941e-05,2.0866339796102137e-09,1.988127464836003e-09,4.309583397399295e-10,6.495948632385107e-11,1.0844728047629014e-10,6.504737239542943e-11,0
5.07761521913162e-07,3.205174474566463e-05,1.2054700111155166e-09,5.263155932639144e-10,1.305970970851208e-10,4.9692758819736027e-11,1.1412423731552095e-10,1.1445532080066402e-10,0
5.061289155603737e-07,3.795485502568266e-05,1.822394579803295e-09,9.042533894499785e-10,2.7105016054445297e-10,3.729496430369256e-11,1.400127207622425e-10,2.0025794867811969e-10,0
-8.025107230467335e-07,5.364584709509806e-05,3.915786012498155e-09,3.759787281115506e-09,3.753634101258163e-10,6.015511663878035e-11,2.599898496010168e-10,2.3973091529015645e-10,0
9.292990979506635e-07,4.431961087040127e-05,2.4870230503309083e-09,1.930106885099213e-09,1.8868832316467596e-10,4.419892084394179e-11,1.6532728139473916e-10,1.2067909674110175e-10,0
-8.767612579253478e-07,2.9191166980555467e-05,9.753169201028663e-10,5.377132996922871e-10,1.0848374226193342e-10,4.6662558332081163e-11,7.721565551085054e-11,5.0558534102781086e-11,0
2.4798789947180417e-07,4.0188883184065495e-05,2.316239193507974e-09,1.7181888247576757e-09,3.9162627474410725e-10,6.284657302892705e-11,8.719580182725544e-11,4.23930686523248e-11,0
-2.7551094409648176e-07,3.552415884153659e-05,1.4821314384745277e-09,7.287010354804805e-10,2.1110434447085618e-10,5.3308176118564904e-11,8.779790189400281e-11,8.127676744743774e-11,0
-5.978307438014034e-07,4.318240142931672e-05,2.396314462728222e-09,1.4749607258030165e-09,2.0986076745852666e-10,7.837366721560432e-11,2.3472992849847763e-10,1.911107100586899e-10,0
7.788594545474584e-08,3.5405809033638426e-05,1.643175920105073e-09,1.0457765493205096e-09,2.1207845891675154e-10,4.329679725967805e-11,7.455237181679798e-11,4.1023306097479894e-11,0
1.6766761749667957e-06,2.147247926543631e-05,5.674786590502374e-10,1.0697574323678075e-10,4.166201732010689e-11,1.7504526903186413e-11,3.861407405438695e-11,2.0593350472996888e-11,0
-9.415784676109149e-07,2.0721364940659716e-05,4.61667080603187e-10,1.7136986414279888e-10,5.303505957708246e-11,1.943207411140625e-11,5.4520551216348105e-11,3.7807330977443496e-11,0
-3.119324322647776e-07,3.631941517167514e-05,1.7721702689815118e-09,1.7112774928439937e-09,3.163466126806464e-10,3.594611654998737e-11,6.536223491251765e-11,3.786577078064959e-11,0
-1.6820283458323475e-07,2.7552819901076838e-05,9.74248967699697e-10,5.577827834707984e-10,1.4731132511498823e-10,3.032867910493187e-11,8.70550199913165e-11,5.581011360963614e-11,0
2.1644017454627748e-07,2.6406028330260644e-05,9.334933639339768e-10,7.651975811525731e-10,2.3455362239149007e-10,3.335591075176206e-11,6.950175755031865e-11,4.96654373406529e-11,0
1.4095759487185916e-07,2.1635091547136054e-05,5.171078101867045e-10,1.6596710667787797e-10,6.597037081115762e-11,2.5099289817949538e-11,4.2293953710044785e-11,2.3515925731926348e-11,0
-3.9763909595189444e-08,3.2061480860675155e-05,1.37275430393976e-09,7.510817949240795e-10,2.347992763383324e-10,4.371399155812645e-11,6.346366481745311e-11,4.31895493714773e-11,0
1.8551581202015885e-06,3.534056925100952e-05,1.7760757431356915e-09,7.652521398265758e-10,1.162702812482122e-10,3.394931658770883e-11,6.430779940090555e-11,3.533022706742698e-11,0
-2.0008011141724593e-06,3.2009728378821224e-05,1.3031445509329393e-09,5.895492011104942e-10,1.2959420504535908e-10,3.851974043481346e-11,8.662275587172253e-11,6.422772948638662e-11,0
-3.172288867664112e-07,3.887672715588505e-05,2.1462953488042088e-09,2.0108703254451983e-09,3.216763579277114e-10,7.226516393171682e-11,9.859558780138578e-11,6.653369084965165e-11,0
6.177168538261325e-07,3.5735919763871506e-05,1.8615189186463884e-09,1.0836398307112393e-09,2.2676634178769968e-10,3.709005189880471e-11,4.7068082102525466e-11,2.82363420585785e-11,0
1.9904828411456663e-07,3.076199598509281e-05,1.1053691710523591e-09,7.844811053513667e-10,1.929823714723886e-10,3.9744145770040945e-11,8.617311956323162e-11,5.414313338476094e-11,0
-4.799837962641992e-07,3.361518042483776e-05,1.3278246105642314e-09,6.693213310056773e-10,2.0314817915033783e-10,4.4157120221428544e-11,1.210725475958013e-10,1.0398193762578887e-10,0
-3.13473084560996e-07,3.745502577806664e-05,2.0623432778820767e-09,1.5668880769026833e-09,3.03934889407038e-10,5.703838215214531e-11,1.0943317686996459e-10,7.875897337976958e-11,0
4.055351643807274e-08,2.2422724286134676e-05,6.87723037816174e-10,6.436428308680409e-10,1.7902829955119592e-10,2.296517821197946e-11,2.6766781088819373e-11,1.2879655326603692e-11,0
4.992153275851199e-07,2.486116113258928e-05,7.599318434525602e-10,4.589944662301263e-10,1.6014922006854866e-10,4.075888747338402e-11,4.642743486060274e-11,3.0231395139052233e-11,0
8.798812736402651e-08,2.5084762189350028e-05,7.617870097819279e-10,4.821440865670503e-10,1.1361734367562894e-10,3.2606005971303275e-11,7.671775658569786e-11,4.072864786269156e-11,0
6.741139056181555e-07,4.14305656869747e-05,2.8296696004651266e-09,2.7373929452484044e-09,2.771926229979498e-10,4.087674111580836e-11,5.0525859563097133e-11,2.5637410457173583e-11,0
-9.563675759680433e-07,3.177541235281507e-05,1.2364037540604273e-09,9.672615239129286e-10,1.9478918540576261e-10,5.322259373513442e-11,1.1229892836066156e-10,5.5221458397964444e-11,0
-9.257536395551993e-07,3.7528684109593055e-05,2.353380784367701e-09,1.0677591756361207e-09,2.307669054140047e-10,3.5936700974162034e-11,5.773251172884406e-11,3.952065276231644e-11,0
8.996160711091365e-07,3.140181543614978e-05,1.2231814024250964e-09,7.267660329906739e-10,1.5333141430413873e-10,4.047502643543358e-11,5.951880084230544e-11,3.174113375882429e-11,0
-7.097023809499199e-07,2.745792837666304e-05,9.951276453690113e-10,5.786836238863265e-10,1.4117053028712504e-10,3.5068931644421614e-11,8.203490348316862e-11,5.0055474633017604e-11,0
7.903855253447341e-07,4.2507065705911074e-05,3.059629992827026e-09,1.8825598687947803e-09,3.1466326885083175e-10,3.0582322299048735e-11,7.83285521768744e-11,3.7924904471970895e-11,0
1.0465260673577384e-07,2.595917043127402e-05,8.309933302982449e-10,4.764488047142844e-10,1.2790792446400559e-10,2.751922496932675e-11,5.822403379481083e-11,3.939866984748622e-11,0
-4.370061754034092e-07,3.5543675319042164e-05,1.7362045151077105e-09,1.3718002984593913e-09,3.805198741757939e-10,5.783677586816964e-11,1.0175389139495589e-10,6.941442238282727e-11,0
4.518787192999674e-07,3.192897380216441e-05,1.3239810494036186e-09,8.630580720689531e-10,2.2346101926346307e-10,5.737627163019833e-11,8.55458134443659e-11,7.988111668740412e-11,0
-2.8567894370273186e-07,1.924489946879659e-05,4.04838069267916e-10,2.196875720697319e-10,4.444259197323018e-11,2.417506816685683e-11,7.357763308903707e-11,3.156925364574797e-11,0
-4.084246584595143e-08,5.0607312989751804e-05,3.4751484741969717e-09,2.6986675673044263e-09,3.1405416226076106e-10,6.74093946731756e-11,1.246851350083176e-10,7.457583308042434e-11,0
-3.2466527272632653e-07,2.6787733861828995e-05,8.507094288934438e-10,5.371186977869333e-10,9.904768511362756e-11,2.1919766056993317e-11,4.192612502804934e-11,2.0780960773363457e-11,0
8.28099319018522e-08,3.124448531483272e-05,1.201050739084683e-09,1.0392314542734582e-09,8.773419363684767e-11,2.295069613888311e-11,5.0526084418795677e-11,2.6682414140347644e-11,0
1.4145602772644932e-07,3.950699421610056e-05,2.178948700220777e-09,1.462886837137048e-09,2.9321538126564873e-10,3.922429673430337e-11,4.2656286417199515e-11,1.7191625813246573e-11,0
2.142397479031686e-07,2.1885922993792685e-05,5.508883058423368e-10,2.1776511080246704e-10,7.681861036465259e-11,2.406361790080948e-11,4.220549046989898e-11,2.0144869732509246e-11,0
5.979346331739718e-08,3.908874507646148e-05,1.7592540230934688e-09,1.005836614929775e-09,2.494989585945629e-10,5.202703324736163e-11,1.6646697327333886e-10,1.563259107187471e-10,0
5.476614280619838e-07,3.269882145178636e-05,1.7085925423585892e-09,1.4169798888184777e-09,1.5530579639441702e-10,3.3605111375985954e-11,6.206277618663415e-11,3.905047160760607e-11,0
-1.3042853880761788e-06,4.0689147220345516e-05,2.5686835938990183e-09,2.614317734790395e-09,3.7918683247635164e-10,5.211769683294236e-11,1.012345054970288e-10,6.043990965655929e-11,0
6.018248079833907e-07,3.26686994515977e-05,1.2429640667548864e-09,4.4791623754840447e-10,1.7526549654510933e-10,4.37380699474085e-11,1.1031118024274364e-10,9.871836525159434e-11,0
3.095587333491483e-07,3.730008051777869e-05,2.0832068466710386e-09,1.7471691662403135e-09,2.6979194299921407e-10,4.6563767877724096e-11,1.0276205939396127e-10,4.747479711863016e-11,0
-2.544194276803225e-07,3.373441190212907e-05,1.7448619149263376e-09,9.400269732271972e-10,3.6272472197202153e-10,5.605209372575023e-11,1.2262728230768517e-10,9.420441790130591e-11,0
2.0012951861256682e-07,2.7952311275592043e-05,1.1489295327751776e-09,1.001575894667083e-09,1.8108848956076036e-10,2.778629556560224e-11,8.853525208757308e-11,4.608483329230982e-11,0
-2.6894802089417065e-07,2.6118659922157206e-05,9.06916365808308e-10,4.2831160454105017e-10,1.1297572899974932e-10,2.4571085731225663e-11,1.3212801359079038e-10,7.855867789482266e-11,0
1.7598546764213128e-08,3.7988239281903966e-05,2.013868302427774e-09,1.043497038988758e-09,1.4882360186574394e-10,4.383865658731402e-11,2.6147449620011555e-10,2.652732951951635e-10,0
6.016565344670506e-07,4.1138618091712474e-05,2.660530985252831e-09,2.3130273097322876e-09,3.5305939517860956e-10,3.7135338539351355e-11,8.910255635754195e-11,5.071077903313141e-11,0
-3.544730585947185e-07,3.2837769999978964e-05,1.3884613348792683e-09,7.066166267295929e-10,1.1096382293339485e-10,3.136834128450249e-11,1.1143427161861792e-10,6.928568912913897e-11,0
3.0217057601584786e-07,4.214203089085641e-05,2.7516299148637585e-09,2.4930268407398986e-09,3.037299857482163e-10,5.673919116091e-11,1.5658273104830985e-10,9.78209903041066e-11,0
-5.334762835331411e-07,1.9883213791097333e-05,4.0810557257086004e-10,1.9585838687103493e-10,6.147295266727254e-11,1.8242889724339118e-11,5.075952890610279e-11,2.8355505044475026e-11,0
1.7706158975246843e-08,2.4866873221776008e-05,8.169838454864928e-10,4.943518340776976e-10,1.0449191537792473e-10,2.917938583577127e-11,4.900288856462975e-11,2.2924496559556533e-11,0
6.766734951414363e-07,3.7608624150922437e-05,2.0283649953079414e-09,1.1629258055932253e-09,2.2303249949194988e-10,3.8656758723333704e-11,1.2995551309422983e-10,2.21185492188699e-10,0
-4.65580215476696e-08,3.619265354075251e-05,1.7743960032616476e-09,1.8742002887572896e-09,1.2751276956067925e-10,3.2124603707486604e-11,8.206791316384204e-11,6.181639848468e-11,0
-5.687026449672289e-07,2.0572722284858953e-05,5.239129211684507e-10,2.9733604390383006e-10,8.271370781717673e-11,2.250503926113034e-11,3.187668068903421e-11,1.631207105940938e-11,0
8.1315327491271e-07,3.331501318955495e-05,1.5747148795611135e-09,8.370564384056592e-10,1.5130390444884696e-10,3.0332995965884226e-11,8.705217852617548e-11,1.0920023885247356e-10,0
-8.160857466636553e-07,2.9875735455891257e-05,1.2028655950030355e-09,5.775348040399746e-10,7.31647381797365e-11,4.4229540880745615e-11,1.6348388616854298e-10,1.435681562428177e-10,0
-2.141636765055929e-07,2.95727795875263e-05,1.4085729309249662e-09,9.523891618118744e-10,1.325180513213322e-10,2.8057280787218252e-11,8.474674197005332e-11,4.6553762009754744e-11,0
3.0795767040771055e-07,3.0492052332351423e-05,1.3076902236413597e-09,1.2687421250764596e-09,2.1442442117637807e-10,3.270081719083762e-11,4.629263754439814e-11,2.9008046300057846e-11,0
2.5520728385966947e-07,4.073170897427949e-05,2.4094593172400874e-09,2.0158382441705077e-09,3.742462604777709e-10,5.547616122572119e-11,1.6098787183783475e-10,9.172322107789796e-11,0
-4.872577156810189e-07,2.7503607379985954e-05,9.61950129520097e-10,3.201612728776453e-10,8.6796496154825e-11,2.8471983390999103e-11,7.753505622359025e-11,3.585201806045401e-11,0
7.792344714868043e-08,4.0249057498447295e-05,2.3213306271752725e-09,1.2090458145554263e-09,2.776689994598813e-10,3.542614541826833e-11,1.1720508364413902e-10,9.178716216154155e-11,0
1.6870688745732698e-07,3.673965680607618e-05,1.897955432072628e-09,1.4597021312127793e-09,3.0984132472587275e-10,4.9597540793607546e-11,4.565698941659125e-11,2.1966783574334525e-11,0
-9.848102682317433e-08,4.449734192725059e-05,2.9519077129669413e-09,1.0973674221708054e-09,2.42422703244356e-10,3.7912498842159874e-11,8.393761331414246e-11,4.718622597331781e-11,0
1.9380548071894682e-07,3.125356057059408e-05,1.1863400609479878e-09,4.194781690603187e-10,1.1604957712407712e-10,5.7240874449035236e-11,1.0059062482971872e-10,6.315549012043865e-11,0
1.495195890772565e-07,3.88386202234555e-05,2.1562705136996894e-09,1.3479196672937488e-09,2.350382391851419e-10,2.926110309822892e-11,1.0789516541311029e-10,8.296252760459639e-11,0
-4.359549226922308e-07,3.4032850893564384e-05,1.6118273285616976e-09,4.835248041918656e-10,1.0307244297692393e-10,4.185248539972954e-11,2.2391517273455442e-10,2.2800734703053834e-10,0
3.905281529785162e-07,3.685051392204998e-05,1.8010321020388581e-09,1.1110627424583085e-09,2.4383511152273243e-10,5.5873641433267516e-11,1.1250447734643351e-10,7.787883540346736e-11,0
-5.95347042438143e-07,4.315084952506558e-05,2.519230332110277e-09,1.6423071634288426e-09,3.1419111727965696e-10,6.236881888756284e-11,2.0247350775538745e-10,1.3917389875028447e-10,0
-3.826662618107437e-07,4.378014154901465e-05,2.7561706908256218e-09,1.1685620376421274e-09,1.856451262266853e-10,4.604920702626954e-11,1.6374818947040584e-10,1.5714186504710124e-10,0
9.285480201407229e-07,2.5213823604243843e-05,7.340092228779574e-10,1.3496159666840793e-10,7.749504781451602e-11,3.8300744197214356e-11,2.0691855723166468e-10,2.1286677360573317e-10,0
-1.184857521865069e-07,2.9906854175318037e-05,1.1029876815517178e-09,2.4805605773456157e-10,1.0546952562133541e-10,6.00792621788952e-11,3.3472014269723493e-10,3.2201748412023195e-10,0
-1.1998179915930197e-07,4.0356102949727917e-05,2.1847486880460307e-09,1.619414441707216e-09,1.5590807785417503e-10,5.06955281534249e-11,1.7866999028071816e-10,1.357849266419726e-10,0
2.1438170739617887e-07,2.7338770572721196e-05,8.863048205987976e-10,3.895654851855881e-10,1.1503030772966096e-10,3.9312137613837476e-11,2.1049070223491564e-10,1.0087131928152173e-10,0
-1.712049214838218e-07,2.1728796763975726e-05,4.928181045395287e-10,2.0613279825043331e-10,5.3607403283956696e-11,2.788526137775802e-11,8.537276372583211e-11,4.1308791657768146e-11,0
-6.631984636275469e-07,2.610521691106407e-05,8.803961302116565e-10,3.0215333640533525e-10,1.3933744548820055e-10,1.9128058313516606e-11,6.227471728252961e-11,3.545614926784189e-11,0
4.606831545396879e-07,2.472546709832799e-05,6.609490164460364e-10,1.4192648149645948e-10,4.159586472950308e-11,2.6364320104169255e-11,9.234878516223621e-11,5.372069096732456e-11,0
-2.5953835165293546e-07,3.36133365766341e-05,1.6662189967932722e-09,1.1994192986781025e-09,8.724110947422975e-11,1.845980145389124e-11,3.759749421581813e-11,1.9549655506651548e-11,0
4.6158202856021317e-07,3.624127190534437e-05,2.0256163165940925e-09,1.4687043738552646e-09,2.557145365374699e-10,5.001762275652154e-11,1.7938889949335236e-10,1.8494590447311712e-10,0
-3.929409807520596e-07,3.600430139455072e-05,1.6106302464633406e-09,1.350573005156638e-09,2.3255086866452e-10,3.808579940111803e-11,1.3133596109331807e-10,9.533190708945482e-11,0
7.05317993457862e-08,3.2307852251272864e-05,1.2826696876294153e-09,4.665398386412607e-10,9.934557975051254e-11,2.988658996684582e-11,1.5167345844097283e-10,1.2616719598837418e-10,0
2.3160926186522707e-07,3.870898554908102e-05,2.075073327417392e-09,1.1710472406548434e-09,1.5122588582763665e-10,3.470399965877338e-11,7.249869971764754e-11,3.038503891148936e-11,0
1.4083301549284252e-07,3.0128095659956227e-05,1.1195618942697286e-09,9.909745770941557e-10,1.5741115298875362e-10,3.1215255698680474e-11,1.0452426283087521e-10,6.940928060438218e-11,0
2.9924726591990735e-08,2.4861664713661255e-05,8.339571916059977e-10,4.3907490000019633e-10,1.3376903539099482e-10,2.2482682312143105e-11,1.4423459487051904e-10,1.2788766130436617e-10,0
5.110226855221865e-07,4.2375277823048794e-05,2.802512570055183e-09,2.063920842080881e-09,2.2618029653064298e-10,3.7609763283106964e-11,1.052640761787547e-10,7.914675136618134e-11,0
-6.340045923144684e-07,2.524500686005402e-05,6.570440195207325e-10,4.0423995051878305e-10,1.646963352947456e-10,3.978692284625638e-11,6.412066184541332e-11,2.7894071398571884e-11,0
1.0349653190165848e-06,4.697508023393152e-05,2.9998291928413343e-09,1.9431263015536492e-09,1.9980803737733126e-10,5.3222448094398e-11,7.165031754914628e-11,4.320282533478874e-11,0
-1.0383142278345495e-06,2.9412954869065506e-05,1.1124200929776634e-09,3.723756184587713e-10,8.195366784511332e-11,3.699566988540342e-11,1.5265127935492165e-10,7.615263859092536e-11,0
7.680890326516588e-08,4.1742348372142367e-05,2.1394368539056375e-09,1.6495061390768625e-09,4.1145304432001037e-10,7.760468935424764e-11,8.64891306798751e-11,4.287556504223834e-11,0
8.320572270697328e-08,2.45364417048097e-05,6.559931868837167e-10,3.5671904184673593e-10,1.324144512600341e-10,3.6892495586510856e-11,6.393278560215617e-11,2.3016982319551624e-11,0
-1.4673735684445312e-07,2.1598114010729963e-05,5.035674221387318e-10,2.8978205309519197e-10,8.837744536870915e-11,2.6948261240698416e-11,4.872138920564854e-11,2.0517556758434988e-11,0
2.1929426882315869e-07,1.962589590473804e-05,4.039954759333189e-10,1.6390959788011063e-10,9.69906945766745e-11,3.226261875105728e-11,4.5400742457220557e-11,1.6643103247088764e-11,0
-7.177032835090684e-07,2.8302683052466975e-05,1.0438901448069595e-09,2.2800064451034937e-10,9.983836902771464e-11,2.1929623312991806e-11,3.9680394510242865e-11,2.2407100621729453e-11,0
7.362207241030574e-07,3.1239552640797426e-05,1.3309100546124845e-09,6.423419026161817e-10,1.1067076421759094e-10,2.6659158525935664e-11,3.61708006629196e-11,1.509340897733662e-11,0
-2.0450234571139282e-07,2.915749135005168e-05,1.1358634628006652e-09,5.831508290340799e-10,1.1619713277045078e-10,3.270467093634449e-11,5.5841362336807876e-11,3.8333938136865114e-11,0
9.831427589974192e-08,1.54453263909757e-05,2.504161768662696e-10,7.446043265076398e-11,3.5482586062928324e-11,1.788536888422791e-11,5.360634804189534e-11,2.1487076830474223e-11,0
-2.940653365672087e-07,2.5141827315246673e-05,7.887686250038456e-10,2.494243155807528e-10,6.643109406708165e-11,1.7996923561420924e-11,4.208829672420135e-11,1.9698193811900038e-11,0
6.599603458800767e-07,2.3987922813187792e-05,8.286847852044567e-10,8.063789679191164e-10,1.6217374086872597e-10,2.567662915657022e-11,3.484548080395892e-11,1.7517040220518492e-11,0
-6.059401080971046e-07,2.6975751833818226e-05,9.368572873282862e-10,6.911873505180723e-10,1.4383481504083512e-10,3.094846914425315e-11,3.328595463645961e-11,1.1518040044550397e-11,0
2.416367474011541e-07,1.808907469435366e-05,3.4419948916041603e-10,1.3418356553799763e-10,4.534907259424655e-11,1.7466046552197583e-11,4.137024078271777e-11,2.494376393628758e-11,0
-2.8761120871452497e-07,1.4487232794226967e-05,2.1598971786861795e-10,8.963296751582494e-11,4.750508911000371e-11,1.4280138846666455e-11,3.556470087223791e-11,1.6578838322512115e-11,0
1.0650437769258639e-07,1.8505321888520758e-05,4.020194099508829e-10,2.531093578382158e-10,8.686576168735778e-11,2.2210944406884375e-11,3.89874497339432e-11,1.710804476073004e-11,0
4.519465714003176e-07,1.797545315425881e-05,3.652744586743709e-10,9.613934629040068e-11,4.56699754884832e-11,1.3037867837028722e-11,3.509391133401681e-11,1.7764636384166932e-11,0
-2.4776480550946745e-07,1.6398758118922085e-05,2.7738961793634197e-10,9.101275763115001e-11,6.446187592818333e-11,1.8749272276958522e-11,5.50724201211793e-11,2.5770799549628256e-11,0
-9.115227446832983e-08,1.646159690330552e-05,2.838790383178363e-10,1.059256875666979e-10,5.8112736920139134e-11,2.0750487850051746e-11,5.2254147577578847e-11,2.7746941717243556e-11,0
-1.4809148585711651e-08,1.5906720910894294e-05,2.658831394761439e-10,9.323502557399965e-11,6.017175419782746e-11,1.8983896387501058e-11,5.238917578822382e-11,2.4784545052874106e-11,0
-5.775339119361373e-10,2.769262920116159e-05,1.0750106741836062e-09,7.625572989391588e-10,1.0036593506952294e-10,2.997573916095311e-11,5.114403913838884e-11,2.63920829780726e-11,0
-1.7303464149168725e-06,3.3151460210807344e-05,1.7649714228137252e-09,6.123539585482505e-10,1.2528616591954514e-10,2.440407037437167e-11,5.6805970522006105e-11,2.530855791654024e-11,0
2.022723458857278e-06,3.394604038468544e-05,1.5928626963605236e-09,1.0322192716860268e-09,1.559748566705477e-10,3.451400979141281e-11,1.1625160649423055e-10,1.1234130405683907e-10,0
-1.3316983979390473e-07,2.120140354245576e-05,5.449851528115467e-10,2.9129066794076765e-10,9.982148598461163e-11,2.14730279375756e-11,5.515705387600048e-11,2.331446748977165e-11,0
-2.2825560565148396e-07,1.7757780156663877e-05,3.276911241376168e-10,1.212295879792926e-10,6.406453036891958e-11,1.89671918247439e-11,5.026850341947179e-11,2.6902920746092974e-11,0
2.2755589074622908e-08,1.6839614974147672e-05,3.036920346774419e-10,1.0215418176849837e-10,6.054960681816255e-11,1.572401933621401e-11,5.973790060858945e-11,2.8432460847380173e-11,0
-1.6849452203259924e-07,1.6614748674080522e-05,2.9835416955454434e-10,8.198527872542881e-11,4.538756128584935e-11,2.18914569281932e-11,6.660694135234982e-11,3.783544289639846e-11,0
1.1281279036623496e-07,2.3293787481152632e-05,7.930249387525991e-10,7.908980553676878e-10,1.2113306104823404e-10,3.1229264826406384e-11,5.766280760719978e-11,2.4677771225774478e-11,0
1.8726511442531988e-07,1.5938429879756804e-05,2.6679513781725096e-10,1.0501033628120138e-10,4.264533047934641e-11,1.6867995310532534e-11,4.888272051393941e-11,2.0798568769122456e-11,0
1.201741378034248e-07,2.1011473120083312e-05,5.617403416857382e-10,4.117566067225306e-10,1.4180425283719104e-10,2.587305816349871e-11,6.216113346339216e-11,3.453892720306093e-11,0
-1.2901554741036729e-07,1.768255925443621e-05,3.333584873114185e-10,1.3448068096920428e-10,5.1434857219252993e-11,2.6540702966354553e-11,6.031911044272133e-11,3.302896938407588e-11,0
-8.640567225806545e-08,1.8654581494644612e-05,3.653430012002529e-10,1.6019675538653534e-10,5.7112850320794446e-11,1.7518438227826302e-11,6.345296645116445e-11,3.1767437713259674e-11,0
-9.104852534999157e-09,2.141222869428255e-05,5.400103151902071e-10,2.849576332395817e-10,9.714533079826936e-11,2.2589709436875712e-11,6.301518310316514e-11,3.180231469451183e-11,0
-8.062932926820965e-08,1.7352907405303145e-05,3.2021247417032506e-10,7.99127441948551e-11,4.9632120742638305e-11,2.601096735695965e-11,7.864767702894645e-11,4.785131685737658e-11,0
-3.895015347854237e-07,2.048435114586928e-05,5.085325141392586e-10,2.4418477492888925e-10,7.992751707952638e-11,2.84503851873537e-11,6.909975148474262e-11,3.1383144164872035e-11,0
6.012193609039413e-07,1.8309644043830586e-05,3.6049813896785063e-10,1.1549360720366011e-10,5.902545189248356e-11,2.200380680412519e-11,7.184632284367278e-11,3.122759786087581e-11,0
-1.336546004686453e-07,1.6298656824042596e-05,2.795254656480069e-10,7.569050045859259e-11,4.7039560425154386e-11,2.100950948739935e-11,5.6568766142998315e-11,2.8193637450269638e-11,0
5.667051658155255e-08,1.6389254524472257e-05,2.763481127949737e-10,9.125628082890968e-11,5.124364842612101e-11,2.6049734045922846e-11,4.306903817629794e-11,1.741243117178059e-11,0
-5.695952345505773e-07,1.8105339841801964e-05,3.402996171266746e-10,1.2780120085604535e-10,6.299741001831296e-11,2.1980201294563014e-11,5.395989192297881e-11,2.354513407997468e-11,0
4.4470072717672855e-07,2.5067543658404593e-05,7.357165109285676e-10,5.923249249818762e-10,1.0693009508019486e-10,2.4481666790094646e-11,4.6156973224452425e-11,2.2404782870754244e-11,0
3.0318384879810173e-07,1.837959472358498e-05,3.527465314685949e-10,1.2864666935389757e-10,5.940748670862785e-11,2.8741997901633674e-11,6.489014052141158e-11,3.731470144935338e-11,0
-3.6429097113881225e-07,1.768214347862367e-05,3.338551375877026e-10,9.446209830254299e-11,5.548697679278754e-11,2.2523192804402383e-11,7.06057074732168e-11,3.939898993629885e-11,0
9.715112779135704e-08,1.6789740949127372e-05,3.000860111058245e-10,9.014489715679842e-11,5.1414010365446386e-11,1.9940527492991158e-11,7.87140683615212e-11,3.296602171445885e-11,0
6.69140151055616e-07,2.076634288274885e-05,5.030905907965583e-10,1.2496083060730727e-10,6.72183800589925e-11,2.2441962612268702e-11,7.925058161625951e-11,4.1649335357191623e-11,0
-5.8230358136753e-07,1.8846797178103428e-05,3.860595313515371e-10,1.450844959524228e-10,7.231293019948689e-11,2.448014937028552e-11,6.928515164598339e-11,3.097088354485248e-11,0
-4.142036807184232e-08,2.0439042381017958e-05,4.3551572549393797e-10,1.3815897384465006e-10,7.731816027829659e-11,2.750262431957645e-11,6.003979071754289e-11,2.6101364723474043e-11,0
-1.913899727369566e-06,3.2585681614706104e-05,1.538784368680555e-09,1.0833809629124547e-09,7.901094581733524e-11,3.2667046970282267e-11,4.453439516650828e-11,1.8566936595086582e-11,0
2.2556786150562984e-06,2.867275933490082e-05,1.0695077272064163e-09,4.668168890839026e-10,6.735837864387232e-11,2.5689102463167075e-11,1.1248637565461185e-10,8.035909958489909e-11,0
-9.766813666966331e-08,2.43931695324583e-05,6.777929515884214e-10,3.7072117509295447e-10,9.155369433038423e-11,2.7424038817747376e-11,8.505401569932672e-11,4.705347891158582e-11,0
9.656244918525463e-08,2.2187281932448724e-05,5.14344959315756e-10,2.408141629070049e-10,7.230777295227695e-11,2.9344172065332654e-11,6.136020366311754e-11,3.715880611822029e-11,0
-6.882878276132875e-07,2.3198302512597994e-05,5.781024894821224e-10,1.4455455353151893e-10,6.146793693364565e-11,2.660346425974374e-11,1.4651979122367986e-10,1.0658168462044729e-10,0
-7.875557534130556e-09,2.202838277023233e-05,5.213198353377255e-10,1.5248571894833386e-10,7.139873496394053e-11,3.0424144858163895e-11,1.1505020363771082e-10,7.037835949660393e-11,0
4.51332461045006e-07,2.4473473090512455e-05,7.191001243454343e-10,3.2466319919388895e-10,9.555895871211034e-11,3.6196444145522535e-11,1.543908967896246e-10,9.734450075474431e-11,0
2.3310075752826847e-07,2.2294350631974888e-05,5.367358017353078e-10,1.316908370295043e-10,6.288738347212699e-11,2.817690386062906e-11,1.3892385461710006e-10,9.32356288447337e-11,0
-3.5435037091940727e-07,2.0961400918988798e-05,4.863577955458339e-10,9.197903015675495e-11,5.994326066886515e-11,2.5635306245845047e-11,1.500756786608671e-10,7.913079195912056e-11,0
-1.090934714697511e-07,2.0756880262031207e-05,4.643840956572026e-10,1.332823208102748e-10,7.643377107012655e-11,3.101967367611323e-11,8.698833143134293e-11,5.528410100988137e-11,0
1.3236032108873896e-07,2.0168598671840354e-05,4.337624526039327e-10,1.1000422508468039e-10,6.016393512229191e-11,3.060061538803921e-11,1.173305738566463e-10,6.343434302024526e-11,0
5.220569924612192e-08,2.045330344576461e-05,4.742959556923725e-10,1.1104550979556108e-10,6.173255539332124e-11,3.2887316233547845e-11,9.87743422316918e-11,4.6782977281398073e-11,0
1.9911189335262004e-06,2.955288304606254e-05,1.3136986943739022e-09,9.708886454708848e-10,1.0358673249403358e-10,2.761041722313452e-11,9.408667181938519e-11,5.0231227928687004e-11,0
-1.8393215089908441e-06,2.4393684360279758e-05,6.863702275274302e-10,1.9113073142709093e-10,7.255069631606837e-11,2.656707459117532e-11,1.2940625961743673e-10,8.964895089508957e-11,0
-3.5630411184064295e-07,2.0446295449945075e-05,4.535488782356876e-10,9.849641106374228e-11,4.494625265729038e-11,2.2394252504282232e-11,1.318900852275768e-10,8.123158463744445e-11,0
-2.6682172169585594e-07,2.1175477262647246e-05,4.844210836105971e-10,1.2206184386790925e-10,4.047801384359256e-11,2.3942237081415464e-11,1.3460395431339524e-10,8.48235318365352e-11,0
1.583259635104001e-07,2.4267919537322483e-05,7.093594798246312e-10,3.952849280048873e-10,1.2954410982075855e-10,3.70383214449338e-11,1.3969902118952795e-10,7.93897344260375e-11,0
2.9186469419029935e-07,2.017599007745649e-05,4.3267760818035263e-10,1.0638760805865975e-10,5.336575261432898e-11,2.5227958696060366e-11,1.140148348974166e-10,5.924743814736857e-11,0
-8.704641146165921e-08,2.3135714145894958e-05,5.754298703920255e-10,1.7045763054095235e-10,7.545316039611731e-11,2.966846397058346e-11,1.6770966726874442e-10,9.457181136415847e-11,0
-6.852962827610939e-09,2.2406445059402396e-05,5.612348864937898e-10,1.340087364689733e-10,5.495587300830929e-11,2.834558570646174e-11,1.310331863330604e-10,7.645587229193616e-11,0
-1.8989311515703034e-07,2.3731849747800892e-05,6.47116504318116e-10,2.969388784563653e-10,1.1136079386617325e-10,2.4834837746735644e-11,1.204897959463126e-10,6.427320692223073e-11,0
4.275880584476975e-07,2.1087103777640005e-05,4.602453139430055e-10,1.7379723639878126e-10,5.518592845389005e-11,3.077046477190512e-11,9.818059539482731e-11,5.96248210246415e-11,0
7.209996375256393e-08,1.646414855279553e-05,2.7620721553180586e-10,9.334810545289862e-11,5.5049198399429584e-11,1.95625532411761e-11,5.336112045772857e-11,2.6618717556266722e-11,0
-1.8628152760915542e-07,1.7691383754638998e-05,3.2734001231221706e-10,1.3771955810492637e-10,5.245471514720986e-11,2.049001346397625e-11,5.895949491735301e-11,3.248315777350574e-11,0
-6.438746772188904e-08,1.6713090134126773e-05,2.968186836832006e-10,9.918900066400737e-11,4.710764089922476e-11,1.707711792858062e-11,5.982993780416098e-11,3.719617889750328e-11,0
-1.3785252815189907e-07,1.7981765219318262e-05,3.4370274307557536e-10,1.3104974281040624e-10,3.571682043959297e-11,2.5101468588248908e-11,6.706991974001398e-11,2.7745480952202477e-11,0
7.72032374544368e-08,2.6193610130120192e-05,9.131769496085116e-10,6.124683498342488e-10,8.164276972257934e-11,1.888623292686088e-11,5.96096587455763e-11,3.4567040342181956e-11,0
-3.5370871017909375e-08,3.6692608622681685e-05,1.7645049472848477e-09,8.425801098801455e-10,1.6686257935209535e-10,2.6365618232076755e-11,1.2289179671227688e-10,6.522279347352064e-11,0
-1.6749372528714226e-08,3.297537241234044e-05,1.5185385367033034e-09,1.4710474189694406e-09,1.6343344583032454e-10,3.8508551635706675e-11,7.057434950819152e-11,4.5360380610839774e-11,0
-1.544660006413352e-07,2.1156535967552863e-05,4.905816418570895e-10,1.1828144242502987e-10,5.586703705528286e-11,3.296444124151567e-11,1.3426732587219337e-10,9.887167458398966e-11,0
4.7454286603962916e-07,1.5704744708687953e-05,2.540630448862006e-10,9.758965810435846e-11,4.935083385792889e-11,1.9658980390406724e-11,2.833988064808971e-11,1.3667395054264922e-11,0
-4.7555242452815686e-07,1.672253845536769e-05,2.887163458457676e-10,1.0472306772742854e-10,5.456412898001505e-11,2.4750292538409814e-11,4.7226929525181184e-11,2.0620363947874453e-11,0
-6.530143805535366e-07,2.5972027984895554e-05,8.374554246270559e-10,6.3243260998714e-10,1.1490453967002383e-10,2.1739595195427203e-11,3.9667244933687563e-11,1.970138289989338e-11,0
6.846069773175189e-07,2.7596807032035087e-05,9.187139198320717e-10,2.2535851944028372e-10,6.311354994065567e-11,2.0282315479018314e-11,5.802622095277015e-11,3.8142431333175166e-11,0
-1.445520717543563e-07,3.490130220530944e-05,1.65827803846246e-09,1.129068398340245e-09,2.0818885332381666e-10,3.9292848245796574e-11,3.2608091475534277e-11,1.3970728801598146e-11,0
1.5378534964818982e-06,3.614769249187593e-05,1.8282447387273556e-09,4.1848098982301654e-10,9.82749496053438e-11,3.224781975106446e-11,4.512691519667586e-11,2.241071783373829e-11,0
-7.352648040366354e-07,2.8364188297907534e-05,8.99073121845156e-10,4.669159499357795e-10,1.2416020160218415e-10,3.6036688242146455e-11,7.964379630841818e-11,4.9654387908284686e-11,0
2.9832876995185733e-07,3.0464229302743485e-05,1.1626964910316878e-09,2.467624862001429e-10,6.08262882499948e-11,3.066419083675657e-11,1.7017774670002533e-10,1.584526834854578e-10,0
-6.963069827011983e-07,2.1781576481205176e-05,5.175542905170313e-10,1.3613892513743192e-10,6.290076814588115e-11,3.898276037776122e-11,1.0876630536830437e-10,5.773150501420073e-11,0
-2.6494036576517557e-08,2.265805584758859e-05,5.724935287061601e-10,2.262008889219708e-10,7.429463704958214e-11,3.37367304589665e-11,1.0723527312116967e-10,5.438713239621889e-11,0
-2.3681878569760237e-07,2.1571760456234307e-05,4.923978321344178e-10,1.1485664980845238e-10,5.48187239718862e-11,3.4123168671965315e-11,1.362469569759683e-10,7.658520561409993e-11,0
3.8884117535522874e-07,1.947213752327848e-05,4.024065310546875e-10,1.3100226877365968e-10,4.2403748484489044e-11,3.3382238714934935e-11,1.0305210017707942e-10,6.012022603839051e-11,0
-4.023769401243293e-07,2.7264062404061558e-05,8.295599953692858e-10,2.8655285742861893e-10,1.058798288416801e-10,3.7435007712309894e-11,1.0450447230859397e-10,4.9602746889804367e-11,0
7.483130725820894e-07,3.2523013165651695e-05,1.2743244895153002e-09,2.547952134433411e-10,7.568623741591517e-11,2.670781210328838e-11,2.5746190736875236e-10,2.2887620986637984e-10,0
-3.107600262709072e-07,2.1496787068842777e-05,5.107659679518868e-10,1.0747563541562047e-10,4.092499495799219e-11,2.3573832017295676e-11,1.4904844907717173e-10,7.381054995914858e-11,0
-3.6726233347973835e-07,2.1463426588299472e-05,4.845183862464272e-10,1.23725235139902e-10,5.540311694829509e-11,2.7884305705270978e-11,1.3575234704822974e-10,7.140356689395041e-11,0
-1.107941766300351e-06,2.7519133717426907e-05,1.1339766245420726e-09,2.2930619720290875e-10,6.516774517786091e-11,2.4422407929684732e-11,7.067364942912793e-11,3.6269285148377405e-11,0
1.3753824737133058e-06,3.0438644997279198e-05,1.32318696613282e-09,1.480464152042741e-10,6.247226904879192e-11,2.5399089820517836e-11,5.597340505521803e-11,2.78586900370676e-11,0
-7.126699889355289e-08,1.7110142935314813e-05,3.0160271198997797e-10,1.2897978216129512e-10,7.127761658359374e-11,1.616778698477246e-11,3.224580238068816e-11,1.5385911980739455e-11,0
-3.2382521071762643e-07,2.5767401534404107e-05,8.628903782200836e-10,4.834516566415522e-10,1.243333612785114e-10,3.2017482413627145e-11,7.349352354978428e-11,3.642760343824329e-11,0
-3.4941786281599553e-07,3.0093855146781594e-05,1.19146777441939e-09,1.0243614168915207e-09,2.1674988791591674e-10,3.5554751831124247e-11,5.6553050529957756e-11,2.4854114524009173e-11,0
6.317718278126985e-07,2.977792842459439e-05,1.2267124161076547e-09,4.5754551870998137e-10,7.127594264716885e-11,2.098332057477974e-11,7.417078653977171e-11,4.420356778459487e-11,0
1.2596070608645323e-07,3.381187692779332e-05,1.5040509564630807e-09,6.792987180207715e-10,1.4648837800236125e-10,5.23858535142713e-11,7.26250948111193e-11,3.657297482533355e-11,0
-1.8553880707428712e-08,1.6011173628617878e-05,2.698898795180387e-10,1.166406306516934e-10,4.957184845510447e-11,2.0867891706200687e-11,4.071391641070754e-11,2.0443148166986877e-11,0
3.375918788827622e-07,1.582610528705014e-05,2.6287272604368773e-10,1.0810988653813094e-10,6.306551977290036e-11,1.9621271828041713e-11,3.7720738389149154e-11,2.108022103582636e-11,0
-5.453148001988775e-07,1.724080723409173e-05,3.109255735603702e-10,1.0504813789692292e-10,6.209657295122633e-11,2.4351747339241244e-11,5.254780354338059e-11,2.5731060777556806e-11,0
9.033116611452751e-08,1.6762559922658755e-05,2.960224134218548e-10,1.1246943948882718e-10,4.603375953929046e-11,1.8836019442192815e-11,5.877652465667319e-11,2.8057374730034655e-11,0
-2.0070257259526616e-08,2.4837298094584505e-05,8.445051471139486e-10,5.240330225075009e-10,1.1859295788455342e-10,2.4292218778371126e-11,5.87949361998438e-11,2.365019189288428e-11,0
6.984363409130014e-07,2.8255731930851102e-05,9.9858431021047e-10,9.158984917767875e-10,2.1049425671319687e-10,2.8041546639316e-11,3.97688375713046e-11,1.682683947640238e-11,0
-7.834596119760496e-07,2.380541345946653e-05,7.04090183574675e-10,5.544984655181664e-10,8.109068471726728e-11,2.3066603910671078e-11,3.205992561903032e-11,1.4419173196603341e-11,0
2.78379254656615e-07,2.670191306226645e-05,9.026431142196528e-10,5.942995892527074e-10,1.0956347889443457e-10,3.868111284920511e-11,6.189791273418996e-11,4.1817180530949475e-11,0
3.1019832597969045e-07,3.76664655233986e-05,1.904842634360711e-09,1.3443247646559615e-09,2.2860373475517913e-10,4.050552565039787e-11,6.954534730084979e-11,4.138375728794769e-11,0
-2.938827921163814e-07,2.7008811211580863e-05,1.035838944225279e-09,8.513685337237433e-10,1.8469107841507623e-10,2.637521263290274e-11,6.341803207006442e-11,3.040988404358423e-11,0
4.5781703197900044e-08,3.349560701501096e-05,1.6186657104741698e-09,1.3693721291426802e-09,3.788489562200217e-10,5.0379543633747e-11,9.783452379562223e-11,1.1285169734265364e-10,0
-3.080505791397892e-07,3.222693968914809e-05,1.315923198499132e-09,8.539648499735113e-10,2.5835909440246895e-10,6.07714986808101e-11,1.5008327485118367e-10,7.765104713596377e-11,0
1.400467251896834e-07,2.2625594752895358e-05,5.50432234865364e-10,2.6414077049241726e-10,7.238066408111215e-11,3.6057336187175214e-11,8.016227429660656e-11,4.889154039348857e-11,0
-1.8931611967944553e-07,2.1254858576122036e-05,5.067031111102258e-10,3.093334629764386e-10,1.4583249631124172e-10,3.4256296444782596e-11,6.366669200396738e-11,3.004457187908671e-11,0
2.054007083120507e-07,1.883351398366298e-05,3.641816691909051e-10,1.2127927382311655e-10,4.539790638386047e-11,2.1416722972299993e-11,5.980350808188287e-11,3.588474054605328e-11,0
6.42684806568857e-08,2.4217474874623364e-05,6.774125760861554e-10,5.211315305756967e-10,1.0975225430984714e-10,4.311338024589788e-11,6.293753086999565e-11,3.3107255097583435e-11,0
-2.2554021874378814e-07,1.807195695013649e-05,3.344865665175474e-10,1.1965751838702313e-10,4.823574678148739e-11,2.4065919702727215e-11,5.4199181102121906e-11,2.3986147880261337e-11,0
8.928133170399651e-07,2.8822172788190802e-05,1.1522516966990625e-09,1.1254876388402417e-09,2.391349808618483e-10,3.771880285755986e-11,3.92824687753482e-11,1.9267756026845803e-11,0
-1.005396411903304e-06,3.8617960246767815e-05,2.3624982076765673e-09,9.084015291957696e-10,2.1334701630727307e-10,2.717599298809187e-11,8.914166359616389e-11,6.346741486789448e-11,0
1.1634066373689262e-06,4.6471110187971245e-05,3.1116409325841218e-09,1.4547569890213127e-09,2.982097612950782e-10,5.4081907744714206e-11,1.4526885439954383e-10,1.2303086854886447e-10,0
-7.639606931582566e-07,3.934274568307702e-05,2.2679832724243677e-09,1.2860824127067913e-09,2.0000294480468551e-10,3.588582685380826e-11,6.21709394907489e-11,3.475005452199548e-11,0
1.103681167473366e-06,4.219632473239371e-05,2.817547906436327e-09,1.622032088213959e-09,1.4327475669582344e-10,3.1477153389055104e-11,6.09235652526561e-11,3.427851964474792e-11,0
-1.2541580349026146e-06,2.1147591978988418e-05,4.898329230726687e-10,1.6208552885883566e-10,5.5161982191530266e-11,1.894646711477493e-11,9.031031833186959e-11,6.102099506736912e-11,0
5.145990663106505e-08,1.9025608239820606e-05,3.75366387709074e-10,1.1477929489326955e-10,5.759504999734507e-11,1.9831784612874653e-11,8.610825716038663e-11,5.1859725889216385e-11,0
-9.523549149854574e-07,3.12572336856672e-05,1.6013747496531974e-09,1.4904993135018915e-09,8.788964402914922e-11,1.9583700300722506e-11,3.297940172200502e-11,1.526661000584347e-11,0
1.3852515811540112e-06,4.8933996316395475e-05,4.28359674407846e-09,3.444411857252599e-09,3.3830782230323246e-10,3.409269178516719e-11,1.0445516981391245e-10,8.508311568437158e-11,0
-4.865103644944638e-07,3.339740550666614e-05,1.944671627026092e-09,2.002821020911611e-09,2.4252139161164463e-10,2.0151067093123387e-11,6.140165519437084e-11,4.207093653376465e-11,0
-3.550504408405772e-07,3.6830174598067386e-05,2.194689811054951e-09,1.6187264660829011e-09,1.7233311068758733e-10,5.029035759995594e-11,8.909447883792924e-11,5.349776928868769e-11,0
-8.18525683605985e-07,3.40304644412479e-05,1.9892171461393026e-09,2.1574434791103124e-09,1.438014116936351e-10,1.8794654719843215e-11,3.3426811137516814e-11,1.484059120818715e-11,0
8.236830746716136e-07,3.150285521963791e-05,1.6436141061094703e-09,4.585099872407188e-10,1.3029903963213858e-10,3.8065056728369655e-11,1.1682626192795924e-10,6.895797462804189e-11,0
6.993968316314118e-08,2.456286080021547e-05,7.16484442909197e-10,2.8044575146597393e-10,1.2078704965595707e-10,3.830470087167348e-11,1.222065329122175e-10,9.632100302609026e-11,0
-5.148831703659156e-07,3.6530251339267416e-05,2.2002955375621026e-09,2.0910540066998575e-09,8.37224999349297e-11,2.228035468117747e-11,1.3154966224343566e-10,7.631100448556032e-11,0
8.47959486446758e-07,2.6972960387813457e-05,8.996345061998031e-10,4.1240072132203717e-10,1.2293958415000086e-10,3.206255302819483e-11,9.361112120923463e-11,4.707541042230859e-11,0
-1.0729086666551037e-07,3.509548632207941e-05,1.9796690861303386e-09,2.3581057099512563e-09,7.391473112130731e-11,2.3060458899236114e-11,8.667882752481496e-11,6.381846204952914e-11,0
-8.734708062844438e-07,3.068845887562546e-05,1.3347439379680677e-09,3.837714248489967e-10,1.1526818437903608e-10,2.6045330514810135e-11,7.73897476510879e-11,3.965835493273619e-11,0
2.5997195205230037e-07,3.493735976075453e-05,1.6184676473446902e-09,1.430376174799458e-09,2.1701405102873858e-10,5.596180688756143e-11,1.0512055756993193e-10,5.843949871420231e-11,0
9.340197542072325e-07,3.3639431006349284e-05,1.7892291571275715e-09,1.7152520633255536e-09,1.5946205478138016e-10,3.4127760279626314e-11,1.1300390684546088e-10,1.0584468453616337e-10,0
-3.7033882224719633e-07,2.4598766870928993e-05,7.433812439136247e-10,4.901663318028169e-10,1.245306175413022e-10,3.6414368919601646e-11,7.983456907905627e-11,5.6764799146181876e-11,0
2.6745171119653546e-07,1.6735567175586073e-05,2.9733217176793446e-10,1.1047679128686376e-10,4.073892042586876e-11,2.1591688411676907e-11,5.630573871254686e-11,2.8299989376838063e-11,0
-4.1515601908974037e-07,2.2057081271074735e-05,5.964100536530242e-10,4.1683691960320173e-10,1.3673371470549905e-10,3.311592886744883e-11,5.992047356058985e-11,2.839530937468135e-11,0
3.830144290229925e-07,3.1362299538521695e-05,1.5564159102642237e-09,1.6199312269826804e-10,4.647735073552128e-11,1.8847995968784603e-11,7.461759374811633e-11,3.61307052604012e-11,0
-1.6006810816914345e-07,2.591493171605533e-05,8.04549112184605e-10,2.815635039792065e-10,6.765005209553884e-11,3.482524918689165e-11,5.6774292520194045e-11,2.391087931721537e-11,0
4.357568137946019e-07,2.585643432561542e-05,8.320203593531324e-10,4.993089457247893e-10,1.2716324342450058e-10,3.378960692458925e-11,4.357617085557556e-11,2.1496141881499177e-11,0
-4.338747613989165e-07,2.921819092849243e-05,1.2038266543696599e-09,8.756371192747147e-10,2.0534206503394941e-10,4.012830853561625e-11,6.279689598576838e-11,4.098354806500457e-11,0
4.521002655286758e-07,3.0732720909047346e-05,1.0148539873679376e-09,3.988948664265181e-10,9.154216845468403e-11,3.570163811956682e-11,1.247807730168791e-10,8.550465428154052e-11,0
1.3137325648868642e-07,3.1314799114570616e-05,1.433945802971595e-09,6.290311116391031e-10,2.434004674223585e-10,4.4376328569209326e-11,7.233799321983991e-11,4.465325722502327e-11,0
-4.790600582926456e-07,2.771642581157365e-05,1.1529735597194335e-09,6.903133593891601e-10,1.3300726574559078e-10,1.8185343647811464e-11,4.050106107410212e-11,2.2942983938756566e-11,0
-4.814444935995485e-07,2.990720421203505e-05,1.0188909896837302e-09,5.249086287773696e-10,1.4527660533461874e-10,5.967901459605834e-11,1.5468374328348888e-10,1.1393854633269544e-10,0
5.413255141374606e-07,4.085541365243765e-05,2.180033028603746e-09,1.559474072750318e-09,3.2409917834322187e-10,6.356621028897516e-11,1.8894617256426169e-10,1.2689650141178277e-10,0
-1.9375353132046086e-07,3.7153291460643646e-05,2.1022011366042227e-09,1.2334659484546922e-09,3.351252300388938e-10,4.9973928311478604e-11,1.116383479191979e-10,6.908354674326342e-11,0
3.8172042833976225e-07,3.049096649391604e-05,1.1998825259666302e-09,7.242360652377301e-10,2.6213480502977385e-10,5.3631286521955883e-11,8.932000205106306e-11,5.927649102091663e-11,0
-1.287302502773102e-07,2.6181175230218006e-05,7.560961687432935e-10,3.9211781485592543e-10,7.408776871702607e-11,2.7309347902524648e-11,9.160051914208461e-11,7.599743381461492e-11,0
-2.637193475513953e-07,3.7148842038920975e-05,2.075109414711911e-09,1.7659270642983757e-09,3.422061644106093e-10,2.5765438829320547e-11,5.334459940152077e-11,3.419953299673053e-11,0
7.549165757816166e-08,1.872663921779646e-05,3.7023290303265295e-10,1.4783420850007167e-10,6.60672429029439e-11,2.4259602527678596e-11,5.5113924536163145e-11,2.990739523711027e-11,0
-1.2121969870220203e-07,2.2296837019116735e-05,6.005412406528033e-10,3.841295871104312e-10,7.962719276459036e-11,1.7459531762814643e-11,3.858151007753634e-11,2.212404470493289e-11,0
1.112768619222723e-06,3.384133788035814e-05,1.6850689684505067e-09,3.8010979596206064e-10,5.478712080368356e-11,1.8358839118483322e-11,3.535641872245388e-11,2.056735535168796e-11,0
-2.0153929031688408e-06,5.203536678644556e-05,3.083025884099186e-09,1.4416432738676539e-09,3.9747894997616053e-10,1.6834246342760922e-10,4.135606399104319e-10,3.771700676662204e-10,0
7.361210193665091e-07,5.409541253315938e-05,3.7074811491590386e-09,2.0942656969048865e-09,3.297761662299301e-10,1.6413051689672106e-10,4.889260319064682e-10,4.120678653905837e-10,0
-1.1519221100627223e-08,2.9340697188374415e-05,1.0257610588286615e-09,8.49642283063071e-10,1.5181025055784132e-10,3.7547408041179887e-11,5.065889256952589e-11,2.818974753578421e-11,0
3.6131844890503564e-07,4.713643354616887e-05,2.8130253133201646e-09,1.6050393557035308e-09,3.0431498637388396e-10,7.997527996959158e-11,3.639447816148235e-10,3.4073395732703976e-10,0
1.4832966472943108e-07,3.830597526188421e-05,2.054996479815225e-09,1.4977241323015757e-09,1.2840117795828361e-10,4.767125826814272e-11,2.1460949871758074e-10,1.8468370939160459e-10,0
-7.43441038642909e-07,3.0448562032464362e-05,1.182617003938886e-09,8.260563007824206e-10,1.6754119463104392e-10,3.325871071525934e-11,6.167778695954652e-11,2.715008016999058e-11,0
5.631669069997903e-07,1.843430131533857e-05,3.8498022545121034e-10,1.8676950365853673e-10,6.140797244308321e-11,2.574407133946532e-11,3.943547365935877e-11,1.7183857244254065e-11,0
1.3615565901382439e-08,6.690673463983814e-05,6.389693402724471e-09,4.249031290386381e-09,4.1358684401314745e-10,9.700038859792578e-11,5.633274061697123e-10,8.792827085607484e-10,0
-2.2982507698540535e-07,2.6454833536172326e-05,8.742624481729828e-10,7.693738314865193e-10,1.5824397329373662e-10,2.2319146167068132e-11,3.959376131159882e-11,2.1031884569496335e-11,0
5.71702999684331e-07,2.0075755601289636e-05,4.270874622353064e-10,2.0940906824392275e-10,6.806840619457083e-11,2.6982359267413994e-11,6.239154042421154e-11,3.647579254784073e-11,0
3.67324103458776e-07,4.5393447500953134e-05,3.1675587196041757e-09,2.59992904067957e-09,3.625135615897333e-10,6.951173776373426e-11,2.282686266439686e-10,1.836408708327884e-10,0
-8.297672448403778e-07,5.199373204184067e-05,3.996948456879214e-09,2.1729746428560406e-09,4.1287968819931144e-10,8.953723067790075e-11,2.443219682222075e-10,1.6341033993604454e-10,0
8.36475943423133e-07,4.2734078639986404e-05,2.6599778420770977e-09,2.4256972804515003e-09,2.4345757891815853e-10,8.066091583252304e-11,1.7068072289051498e-10,7.70095723343442e-11,0
-1.4743898999934575e-06,3.5024721500096954e-05,1.8134569551201009e-09,9.184520955720927e-10,2.40082416110707e-10,4.98275092535556e-11,1.0611891390203192e-10,9.029567416100318e-11,0
8.076034604395245e-07,2.0463392653051387e-05,4.353521773615383e-10,1.417160661852337e-10,6.808607204724653e-11,2.1641175649808376e-11,6.868920738695009e-11,4.778144015341033e-11,0
-3.4523518352985917e-08,3.598922724506648e-05,1.5315674404647474e-09,9.722396008857026e-10,1.4094077291547755e-10,2.5439962158553323e-11,1.3696620199345282e-10,1.6450587736888916e-10,0
4.849843233748634e-07,4.282676793726977e-05,2.5465124105394586e-09,2.1029649574715836e-09,3.807580284849476e-10,5.36481569947644e-11,1.4310014094613746e-10,7.968647495467523e-11,0
-1.3693162033191016e-06,3.251635841658342e-05,1.3161820448081088e-09,8.072622358103088e-10,1.569523782582968e-10,2.809291633518088e-11,2.9032833110506883e-11,1.3924556087290162e-11,0
7.265915822894711e-07,3.82330003130342e-05,2.020665657873385e-09,1.8079117261501706e-09,1.5312074475677017e-10,5.2776068629592176e-11,1.897630624959804e-10,1.7213218350421917e-10,0
-3.4224126023636074e-08,6.412344099264534e-05,4.986823235896335e-09,1.8919445196473583e-09,4.938721990132526e-10,3.585270039995576e-10,1.6702506356055642e-09,6.536824036177422e-10,0
7.102951701588793e-07,5.421729439396953e-05,4.2077725237540156e-09,2.530783821405164e-09,1.9183473532218155e-10,5.113469316299991e-11,1.9338595896272095e-10,1.4449637487214261e-10,0
-2.5544600518491517e-07,2.2366581737686366e-05,5.374740366466965e-10,1.7736622231569455e-10,4.814431963705706e-11,2.1761393965463715e-11,1.072436318981982e-10,6.83445894986807e-11,0
-4.0733859550244367e-07,5.465345815087107e-05,5.196018701094148e-09,5.571217907075605e-09,2.9606277328450337e-10,5.3232080239245396e-11,1.3846707806807215e-10,1.0812800884460222e-10,0
-1.4901124102620774e-07,4.884877744794989e-05,2.9345592166727356e-09,1.2830858351094657e-09,3.0340404131590085e-10,1.9180987146137125e-10,6.985982708057362e-10,5.224090395111104e-10,0
3.523867690131806e-07,4.0459443336123875e-05,1.9976630331429728e-09,8.510597999981047e-10,1.0649460869096571e-10,6.971898407134304e-11,4.462397969082665e-10,2.43565241537259e-10,0
3.784661559284026e-08,4.6873981747644975e-05,2.588011592890434e-09,9.57507641706142e-10,5.519158802168434e-10,2.480722581743012e-10,4.126920426689635e-10,3.553230508006358e-10,0
1.5940018409604964e-06,4.255870448446953e-05,2.3642494786850717e-09,1.5032167987015871e-09,2.2675707650808827e-10,6.491477339049294e-11,2.553064404852339e-10,2.133432552017911e-10,0
-8.67152070436e-07,3.164758806157165e-05,1.2437414350803817e-09,3.8198318395987774e-10,7.160703810568382e-11,3.4433901370075547e-11,7.89295062640986e-11,5.5362439443113264e-11,0
-3.626205177748508e-07,3.1123388943084235e-05,1.2448806931939056e-09,1.4851729487998043e-10,5.644289912611474e-11,2.4211068730088995e-11,5.888614902843233e-11,3.432296352722229e-11,0
-7.488166487868347e-07,3.771493466378939e-05,2.0358401383421535e-09,1.5338634370494277e-09,1.9886608943706088e-10,5.6466977857980204e-11,1.89086966642719e-10,1.1132993051239997e-10,0
9.50825299890041e-09,3.717691181995178e-05,1.993002232961392e-09,5.675338157794354e-10,1.3427724357676344e-10,3.5005069231853356e-11,1.6916126518880704e-10,1.0816174555923818e-10,0
-1.0689509132884995e-07,3.0393517778679987e-05,1.0267575316608763e-09,6.248862951248891e-10,9.057301444252803e-11,3.09727489687475e-11,1.008584425687785e-10,6.244471486334302e-11,0
1.5793636472934168e-08,3.87925439201406e-05,1.694288781875551e-09,8.040814492054069e-10,1.181582836517407e-10,4.476569318795964e-11,2.8444321683234516e-10,2.1073237407394536e-10,0
-4.5076682099865503e-07,3.5835864660482596e-05,1.602884182656859e-09,1.159178013279877e-09,2.3614987318904994e-10,4.8807348953303857e-11,1.3829913710754133e-10,1.0808234680518849e-10,0
1.1409903857144864e-06,3.586560612162176e-05,1.7187457272623354e-09,1.7361798247155177e-09,1.920124801141794e-10,6.314291347303232e-11,1.176915486599621e-10,6.449644244605531e-11,0
-1.2495637242079065e-06,4.7568947678469454e-05,3.941414713663246e-09,1.3002287536880249e-09,1.6385503870781487e-10,4.508145014766943e-11,1.245631566443043e-10,8.891891958021932e-11,0
1.9187730507769215e-06,2.4637851257128434e-05,6.610972029691931e-10,3.151107617271807e-10,5.904492162807931e-11,2.461355296199579e-11,9.958359308457146e-11,6.346580396866773e-11,0
-6.676743023819631e-07,2.767487431822454e-05,8.53765394119853e-10,5.686948262028955e-10,5.7024638967473025e-11,2.815781077000373e-11,8.631015678705895e-11,5.7972269022949434e-11,0
-4.985074830142439e-07,3.3337554399252556e-05,1.3099892018395613e-09,9.922853532839786e-10,2.2103040225828505e-10,3.3962421213082114e-11,7.732776920249587e-11,6.92328280123949e-11,0
2.1913508604031014e-07,2.2395632298733562e-05,5.360383901839098e-10,2.778396334209045e-10,6.366418148360712e-11,3.078108399271054e-11,6.94497763627406e-11,4.102391546626472e-11,0
4.682556669110541e-09,3.706553203620323e-05,2.011439143754071e-09,1.7884672305143442e-09,2.909548393645595e-10,3.339576370670333e-11,8.871653111202806e-11,4.706729658488473e-11,0
-4.769415460793398e-07,2.7264785873790843e-05,8.074426002410021e-10,3.674476008336438e-10,7.67701352933906e-11,6.175398090610263e-11,1.577031690267454e-10,5.705766266593062e-11,0
2.2965980463478379e-07,3.208404571681107e-05,1.2369943567927175e-09,8.194695593935171e-10,1.8654424610855346e-10,3.065270985682829e-11,7.287353390499748e-11,3.9236393747022995e-11,0
4.5883809863017825e-07,5.6435146067017284e-05,4.4958377871643735e-09,3.2417232411097267e-09,3.227669865421825e-10,6.58886447448401e-11,1.8581484434355303e-10,2.0378542776070205e-10,0
-1.0397950412477003e-06,4.123280801576581e-05,1.9761504066715613e-09,1.0409791325232513e-09,1.9550023150971436e-10,8.098221812665427e-11,2.696455416981584e-10,2.0481533012184172e-10,0
7.408808271825583e-07,3.453589919314738e-05,1.392996555954039e-09,7.277467575243196e-10,1.4240162935507415e-10,4.4917497259211974e-11,1.7822962354482304e-10,1.0332142946957136e-10,0
6.23721137452318e-08,3.6821513846639025e-05,1.5969518664393694e-09,6.302160141822155e-10,1.572535413482622e-10,4.8183477269768445e-11,1.3669794876267005e-10,1.039374413814019e-10,0
-4.747528680343952e-07,3.162554811796315e-05,1.1568619867693428e-09,4.350498104269206e-10,7.517380743135687e-11,3.025901266679672e-11,6.434535881742184e-11,4.264153204972168e-11,0
2.0864897443754426e-07,1.9292078466708355e-05,3.907625320697811e-10,1.407963601834867e-10,4.189025066589189e-11,1.7388166342686422e-11,3.5090108493973957e-11,2.0009978738510858e-11,0
-3.4617613385058545e-07,4.3241848705934376e-05,2.864471212285115e-09,1.8018919252721572e-09,2.7880759987963225e-10,4.0970226012217215e-11,1.0279170199583221e-10,7.44954842156919e-11,0
8.206586937461669e-07,3.484681183561698e-05,1.35871977546474e-09,4.864013037021774e-10,1.4997419878998652e-10,7.489756321092447e-11,3.386341454000516e-10,2.5843795042410667e-10,0
7.153780656074266e-07,3.615119001973851e-05,1.5569625268246981e-09,1.1761541735415437e-09,1.8605158090335945e-10,4.7166490705507e-11,1.6301296734597375e-10,1.0459711637028317e-10,0
-1.1794937354665906e-06,4.0450908777267896e-05,2.109660728639394e-09,1.2330172575338854e-09,1.703340223680355e-10,4.108320394762128e-11,1.2834133774190737e-10,7.588598796226403e-11,0
5.65487481592646e-07,3.4478106552902316e-05,1.304163521599292e-09,5.824461008251536e-10,9.927745042279873e-11,5.6683564489827764e-11,1.8042640085486098e-10,1.2241623196798436e-10,0
-5.436674645671598e-07,2.684120073967707e-05,7.730943288662512e-10,4.3360510404016746e-10,6.645460958106692e-11,2.7094926873287544e-11,9.628400280935667e-11,5.42790514018101e-11,0
-3.301283506945497e-07,2.4880297108710114e-05,7.675311944380943e-10,5.673747612539723e-10,9.700775787344183e-11,2.303492403469182e-11,9.562315647807232e-11,4.3857876610222085e-11,0
8.541310786414766e-07,1.9508736256703343e-05,3.9969897975628507e-10,1.3251087676636925e-10,4.499237958657257e-11,2.7676605439153674e-11,7.490184653133374e-11,3.232686687168806e-11,0
-1.0191509861131918e-06,2.0966742518957427e-05,4.684497145108518e-10,1.6346442226541507e-10,4.513673477647357e-11,2.318952677926137e-11,8.682062098657907e-11,5.044216350780013e-11,0
6.071419311058252e-07,2.3611556493364795e-05,6.212008378642217e-10,3.044935377609813e-10,8.845286762607975e-11,3.261615955496914e-11,7.065292355293626e-11,4.2293784313099995e-11,0
2.973764099376411e-07,3.358718296975338e-05,1.4015220907013356e-09,1.152569255658426e-09,2.432131284043191e-10,3.265647856869664e-11,7.831140969443783e-11,5.222742940885406e-11,0
-5.465346848061411e-07,1.6424530136290705e-05,2.772843017438549e-10,9.033247854955982e-11,3.664788134363858e-11,1.8880401195764108e-11,5.4584874897944896e-11,3.246238721981985e-11,0
1.3440701411351689e-06,3.398992506722157e-05,1.413812607328029e-09,1.0876678224667815e-09,2.4940509731605783e-10,4.071332743640218e-11,6.446225964959562e-11,3.185641126847072e-11,0
-1.967200016453158e-06,4.888988249293347e-05,3.4197772351372613e-09,1.691245687093788e-09,1.5706143543990065e-10,4.941110072524456e-11,1.5928007237528125e-10,1.171237868257728e-10,0
1.182290283569818e-06,6.70336721746389e-05,5.981960873523289e-09,2.962755187208974e-09,3.750529310548684e-10,3.201425825385935e-10,1.2274684223713828e-09,6.831471365632009e-10,0
3.5623520816856665e-07,4.522823498339068e-05,2.39935047895101e-09,1.0817271219655968e-09,2.444956847226974e-10,9.689002439075873e-11,3.8098116071007894e-10,2.739600983118134e-10,0
-1.239640303490479e-06,4.577887364495124e-05,2.6921199914611593e-09,1.0568044870257144e-09,1.4324649599478911e-10,8.920867517418707e-11,5.346662596065349e-10,2.648984542508982e-10,0
4.7507145662239136e-07,3.035617455209676e-05,1.0082416132614302e-09,4.676251482069012e-10,6.7749396852781e-11,3.032852039901494e-11,1.260108836946718e-10,9.029698898818083e-11,0
2.9258592183323834e-08,2.3495770598174746e-05,6.454806100619806e-10,3.4400559918095737e-10,8.228317878366441e-11,2.3914551400284394e-11,1.0486459781834233e-10,4.792480423801562e-11,0
4.183531563089434e-07,1.991240597295937e-05,4.213049939049851e-10,1.3819486982289207e-10,6.115585931397926e-11,2.7115870859741362e-11,9.059365934992252e-11,5.940384039382862e-11,0
-1.3860770220556694e-06,3.408394957824181e-05,1.6084102812215642e-09,7.346039200679914e-10,7.30522062904627e-11,2.699753906309051e-11,1.0520959647335491e-10,6.990827638259508e-11,0
2.7387179867649135e-06,3.1902181807763e-05,1.2415670236839904e-09,7.91843228010495e-10,1.1158108628824924e-10,3.159601899761704e-11,1.3603511036725127e-10,9.354422127741881e-11,0
-1.536614686233811e-06,3.4259502167696706e-05,1.6313020716015365e-09,7.591100010427168e-10,1.2936402805835912e-10,3.684736618138324e-11,1.1439450094905954e-10,5.966210170568971e-11,0
-2.0399880047276576e-07,3.0041883579302246e-05,1.1986005593284824e-09,7.752849354580778e-10,1.7030456108148935e-10,3.229231971188339e-11,7.375212022365277e-11,3.8784774899724466e-11,0
3.0418355219155733e-07,1.865480316950094e-05,3.619688684202239e-10,1.1465710491317853e-10,7.50414525534359e-11,2.7267962510519156e-11,7.009354969738881e-11,3.3897111227267156e-11,0
-7.847989468405449e-07,3.7394024682235275e-05,1.754545714915662e-09,1.0111321237887876e-09,8.492646043517855e-11,2.729444538287363e-11,1.5631719021981707e-10,1.3421813314127359e-10,0
7.073843827584128e-08,3.465539491807291e-05,1.3887886073881234e-09,5.649128706787083e-10,1.1228061547187862e-10,4.0054022594576185e-11,1.5560730921835672e-10,1.591477157136877e-10,0
2.126619650692344e-06,3.468489950043979e-05,2.078219382447013e-09,8.88896867519824e-10,9.409708775492632e-11,2.0856013637770203e-11,4.1784938011819594e-11,1.8268431057829913e-11,0
-2.300770647057201e-06,4.299542727795982e-05,2.68305387941628e-09,2.1932531906333925e-09,2.319911569363157e-10,5.5868030197489556e-11,1.87718903540067e-10,1.8112748764005592e-10,0
3.228511210647311e-07,5.441574503755338e-05,4.108731101401409e-09,1.2946042670625628e-09,2.0516498801814473e-10,6.61222851609914e-11,3.4715197473684675e-10,2.825367376836896e-10,0
-5.573015855417907e-07,6.31279082552164e-05,5.490765965969776e-09,2.2970338732319948e-09,3.383730289165509e-10,1.3808974777245946e-10,9.373014053129657e-10,3.6638755744012923e-10,0
1.4834686660375533e-06,4.993108932227996e-05,3.1881994312470227e-09,2.155653087542877e-09,3.1573193869032304e-10,1.7609898959809617e-10,5.449754363650674e-10,2.866556478980923e-10,0
-7.504765657054156e-07,4.817413853875978e-05,3.1315361614647565e-09,1.403202297791438e-09,1.4213070832840947e-10,4.003837366140029e-11,1.479528271473595e-10,1.4444771587209955e-10,0
1.5152383623124117e-06,5.2856739347653626e-05,3.7238896734557542e-09,2.6051110189969396e-09,2.625277687433677e-10,8.075120902170505e-11,3.098494462985036e-10,2.483489377179211e-10,0
-1.2594355362415553e-06,5.767645944960959e-05,4.4485141225834175e-09,2.625785600733424e-09,3.0196007998759204e-10,9.605259738042157e-11,3.384541316364005e-10,1.908106119590514e-10,0
-2.8175754845024926e-07,6.900910981028995e-05,5.67714941548653e-09,1.9222833638942044e-09,4.034444157841629e-10,2.708092087621712e-10,1.6499675248654833e-09,1.1494225422202492e-09,0
1.9685399517018252e-08,5.957392350363591e-05,4.289971654234712e-09,1.6978208233488357e-09,3.7366003164759004e-10,1.8683833224263019e-10,8.323651292589261e-10,6.966864202456549e-10,0
8.992344958093843e-07,5.261748786012935e-05,3.500597199366166e-09,2.328941155071132e-09,4.4772532513080127e-10,1.6012132018203278e-10,4.287602302907495e-10,2.8111245169401355e-10,0
-6.285840744545195e-08,4.1877442414582805e-05,2.133053875272755e-09,1.4150842551091517e-09,2.646873077047163e-10,5.600235050913114e-11,1.59680860524324e-10,1.1313117420252684e-10,0
-1.4047546979418206e-06,2.4306903933833988e-05,6.437291122347506e-10,1.6966029531434885e-10,5.175094339115104e-11,2.795106870410308e-11,1.6079364455744144e-10,1.1045029046835897e-10,0
8.298800768489507e-07,2.439066518171834e-05,6.439850079719035e-10,1.9147570551578484e-10,6.921283026638088e-11,2.7392890487334915e-11,1.8102264396152053e-10,8.304979876011317e-11,0
4.841688371558787e-07,2.313647758671523e-05,6.31830715994697e-10,2.7090408161585493e-10,8.853854826348045e-11,3.13054507950158e-11,8.643575767806312e-11,5.997521640773997e-11,0
-4.4607814400280826e-07,1.915829781344518e-05,3.801697284281552e-10,8.906049653066074e-11,4.653354800952924e-11,3.103224357940594e-11,8.063203441219518e-11,4.48558092649015e-11,0
4.4412975010808764e-07,2.0715536073468125e-05,4.3770706346788215e-10,1.996690731757834e-10,5.7250673768474244e-11,3.306651184495749e-11,5.282340180704955e-11,3.0346134302107926e-11,0
-7.301311874755623e-08,3.716345519072179e-05,2.455639096717451e-09,2.0336835247354944e-09,1.251228189850506e-10,4.4517032511581124e-11,7.585678746916557e-11,5.0375222044817433e-11,0
1.3334512448808943e-07,2.424813367888559e-05,6.742200424383129e-10,3.8534933879058023e-10,1.2216666945108285e-10,4.143466074370621e-11,7.342972228105942e-11,3.2992003989256185e-11,0
-4.954164945188235e-07,3.1387551961760114e-05,1.2933943241793607e-09,8.588979410370452e-10,1.2875662850007508e-10,2.3754140265267314e-11,4.839114872316909e-11,2.43777007546528e-11,0
-2.0797376377898165e-07,2.504427343226953e-05,7.278922041923906e-10,5.401928596246219e-10,1.222159576694226e-10,2.625363366651604e-11,4.632740128248449e-11,2.3890855485007597e-11,0
-3.000346269193437e-07,3.577374093519465e-05,1.6497711940171854e-09,9.724257646704272e-10,1.5125767771363836e-10,2.973608319176552e-11,1.1086194835938479e-10,9.053801806257864e-11,0
6.923451445240666e-07,2.5813295183531574e-05,7.258325924466415e-10,5.048842860821049e-10,6.27975147475042e-11,2.1339839320149162e-11,4.8258377059271204e-11,2.7343931780040094e-11,0
-1.1080182423640915e-06,4.689753998074431e-05,3.258582583586132e-09,3.516928136631328e-09,2.475406971079312e-10,3.0055887275149166e-11,6.908524971981176e-11,5.7737633791394126e-11,0
1.0433582473488366e-06,4.5022462159495065e-05,2.505960583942476e-09,1.0450131470522156e-09,1.56232506099681e-10,7.830545469102601e-11,2.4968876428622427e-10,1.891775366711723e-10,0
9.395997598978016e-08,6.038029043360256e-05,4.355955934314746e-09,2.0170343016831535e-09,3.9905982483673777e-10,2.0785009819234129e-10,1.089210976285909e-09,7.455354308774936e-10,0
1.8948712390609976e-07,4.821308388226645e-05,2.8228172736103564e-09,1.2836736082871579e-09,1.7678222968296767e-10,1.4132585732483403e-10,5.693092346009157e-10,4.0318893029835874e-10,0
-4.523707119449041e-07,3.045102509772373e-05,1.0412672638680507e-09,5.540786653952799e-10,6.611629270689201e-11,2.483231605767392e-11,1.1291285161471868e-10,1.1658270745799917e-10,0
-3.455049192362276e-07,2.1685763897063135e-05,5.196626860329784e-10,2.4332716024283654e-10,5.884635198984407e-11,1.8810958521763156e-11,4.9450127957841665e-11,2.922075610297345e-11,0
3.549365152515562e-08,2.84324910345263e-05,9.642911606853086e-10,6.233498953220994e-10,9.290078304991365e-11,3.12772619562692e-11,8.432376195564281e-11,6.190767950136011e-11,0
2.1237751512373511e-07,3.32337489241083e-05,1.3638149123293443e-09,9.109485394144051e-10,1.409674089988377e-10,4.2470045071059425e-11,9.998343369591313e-11,7.226140927393308e-11,0
6.694119600063521e-07,3.206236176327923e-05,1.248395960644025e-09,5.893404204419985e-10,1.176623987767087e-10,4.7141589449137415e-11,1.9234376283025583e-10,9.78221273653853e-11,0
8.839554656736895e-07,5.6659261909312496e-05,4.4543043859294675e-09,3.0569928833136572e-09,3.3838545780888737e-10,8.951354068848296e-11,4.700308554651404e-10,2.950432385745081e-10,0
-1.90895241311452e-06,4.680057818477306e-05,2.621601438976792e-09,9.013987686043741e-10,1.7027057073915593e-10,6.137954287312899e-11,3.8925134514949363e-10,3.0597460889414704e-10,0
1.0312153604235607e-06,6.138307921411536e-05,4.562706003788826e-09,1.9887951662093888e-09,3.213420419169354e-10,1.3148536732957042e-10,1.0192969455486965e-09,5.030376469923696e-10,0
-8.499187792525962e-07,5.873893443622395e-05,4.2597346477035336e-09,2.501126518501772e-09,3.3203252599277237e-10,9.8384540238492e-11,4.613753694000297e-10,2.3042924516263345e-10,0
5.596287296801002e-07,3.3395557432922766e-05,1.2487874304596538e-09,6.167188094890441e-10,1.0777802661703967e-10,4.7731443138333154e-11,1.4836407285354898e-10,1.4096530556050071e-10,0
-1.123029666234367e-06,3.1174197666041673e-05,1.0603488121827824e-09,4.772312398538695e-10,6.633068341203732e-11,3.885407674589513e-11,2.029921602843878e-10,1.0933512206636251e-10,0
-4.023614494550235e-08,2.914061497367682e-05,1.0017964176185046e-09,6.895455726069372e-10,1.632630846751138e-10,3.2838659086266034e-11,5.1667846396560775e-11,3.0553818947447013e-11,0
9.257292391223398e-07,2.3050182325738733e-05,5.722467565250177e-10,2.5893373770755513e-10,5.382001340052798e-11,2.7641198189791077e-11,5.824754845706742e-11,3.6346320589340716e-11,0
7.357532327786701e-07,3.038672042161559e-05,1.0402221778003656e-09,4.959615785553214e-10,1.0193828703652981e-10,3.3617279493841465e-11,1.0049258201373918e-10,1.015984037582116e-10,0
-1.3137957846935863e-06,3.569683600308014e-05,1.4481920447051854e-09,5.082678847365313e-10,7.514479735419495e-11,3.0268802096604326e-11,1.336988651623617e-10,1.2176145709417628e-10,0
4.3691243330140037e-08,3.176786812104877e-05,1.2152936605002726e-09,9.002462427772856e-10,1.3648301514874563e-10,2.8837826920548388e-11,8.828995431906274e-11,4.712757165349493e-11,0
9.439352017146555e-07,2.1601923530157393e-05,4.856736905248864e-10,2.1934832546992005e-10,4.848624028551146e-11,2.0768006410591388e-11,5.353123014922949e-11,3.20547648758636e-11,0
-8.630552434412078e-07,1.971181645456006e-05,3.9522976667333316e-10,1.4647639286237878e-10,6.27045570054025e-11,2.288763709996774e-11,4.419704883643895e-11,2.3421240814298612e-11,0
-1.2057609849910492e-06,3.133846698522181e-05,1.1919789195368742e-09,6.108991363425654e-10,1.0903646538780327e-10,3.2268892272033094e-11,6.79171802282573e-11,3.4571559179645513e-11,0
1.1168892829283815e-06,3.414215221118615e-05,1.687351790494741e-09,6.990741730803491e-10,2.162456262182903e-10,2.846846858605379e-11,7.576924717731511e-11,3.225639698748837e-11,0
3.1008373142610857e-07,3.400437060722341e-05,1.7025629542165708e-09,1.339055043238503e-09,3.2077316069158274e-10,4.5546253975599784e-11,8.77393004454796e-11,3.969760166722025e-11,0
7.534918074092264e-07,3.209597279239827e-05,1.1633712399660953e-09,6.039332550071503e-10,6.501796131619097e-11,3.148094053485139e-11,1.0181046756594503e-10,5.69653771114525e-11,0
-6.713825085886368e-08,7.908952077659948e-05,7.57345742266193e-09,2.214419206860374e-09,9.809970042215488e-10,3.7947874176397743e-10,2.67010251324423e-09,1.2038555362586737e-09,0
-3.8735529818835184e-07,3.7521169569535316e-05,1.6290156849336443e-09,8.175316507226183e-10,9.516988608637309e-11,2.583790143647272e-11,1.615581145161646e-10,9.326341894764725e-11,0
-1.2032624711855655e-06,3.839294160349118e-05,1.7075602889673342e-09,7.88949657070318e-10,1.011385158629238e-10,6.841740389438563e-11,1.8795010245881967e-10,1.2922212543898157e-10,0
1.3387025450835806e-07,7.542349931925531e-05,7.038073567989859e-09,1.9095806570083636e-09,2.8614752271018227e-10,1.2815750567309256e-10,1.2072844756148218e-09,6.727074985582954e-10,0
2.0047903249710715e-06,7.003682318041999e-05,5.9646839310669816e-09,2.2975663509663844e-09,5.856544262566312e-10,3.418459061010321e-10,1.479524504244481e-09,7.401227089737025e-10,0
-3.636386479139016e-07,4.7333105912541055e-05,2.610712625121334e-09,8.927526709461218e-10,1.4771168839300275e-10,1.406901537638342e-10,4.510521170442314e-10,2.488882482332877e-10,0
-9.386471477248741e-07,6.744404455318562e-05,5.4777018542664566e-09,2.320234169025553e-09,5.295069190759477e-10,2.2604618530088589e-10,1.3174277600800165e-09,5.640509059660116e-10,0
-6.36901882966282e-07,4.332285738240936e-05,2.363324541839736e-09,8.539936249269628e-10,1.45533326477548e-10,4.090110310028409e-11,2.299404506792163e-10,2.3138755711779765e-10,0
1.210111792098027e-06,2.810842462392644e-05,8.404560227830158e-10,2.876058866681759e-10,8.091868243709215e-11,4.2204173812678164e-11,1.7199298241028326e-10,1.0169974185130047e-10,0
5.575100467226285e-07,2.8214048517590795e-05,8.899493022944975e-10,4.60561435196459e-10,8.178584736265317e-11,2.7710902345089823e-11,8.328876168033379e-11,5.257447913536064e-11,0
-9.771625333830858e-07,2.5542418386398955e-05,8.005751461520132e-10,5.97796885244976e-10,1.9127190673342367e-10,2.4735218762886548e-11,4.5818536130584016e-11,2.3161055470237608e-11,0
4.4550693188899497e-07,4.2977577189043236e-05,2.388643897062918e-09,1.778752486338341e-09,1.9667990076015474e-10,7.594970771687566e-11,1.6627879819019396e-10,1.6267352083043475e-10,0
-1.1928357337898664e-06,4.7872372724732004e-05,2.806868093937285e-09,1.7820698190446168e-09,2.50158673314077e-10,4.954393449226631e-11,1.664876691340249e-10,1.2891669966659975e-10,0
9.77438375261577e-07,3.232264455363268e-05,1.2486834558416905e-09,5.39089351053676e-10,8.021222410483876e-11,3.5086860592434027e-11,1.069809092106032e-10,6.769999733256759e-11,0
-4.2517776156935906e-07,3.419658955568602e-05,1.5228412973541994e-09,3.8295853652759784e-10,8.048866473309632e-11,3.446586914506586e-11,1.2445508784270244e-10,9.237827432894117e-11,0
1.9730442508976387e-06,2.7794503794340872e-05,8.911802698223477e-10,3.3641138611729074e-10,5.603812782527716e-11,1.8977081902866185e-11,5.172897524993306e-11,3.245768961950011e-11,0
-1.8471560416280372e-06,6.212678741851474e-05,5.394097057860133e-09,4.9359238509868745e-09,5.591606224878976e-10,7.562525518165903e-11,1.8536053888842779e-10,1.5865077615904693e-10,0
-4.603196212325006e-09,3.929140066134706e-05,1.8876101684487878e-09,1.1140436491366957e-09,2.1636329995927483e-10,6.231052272249764e-11,1.6954605084226302e-10,9.86683231217901e-11,0
-1.099071070502662e-07,2.2711288357962518e-05,5.333422430364016e-10,2.0874131082321996e-10,6.407244453343086e-11,2.0931809304145344e-11,5.777117415573137e-11,3.6660277981019376e-11,0
2.9965376132664274e-07,4.6438485522721066e-05,2.707618167603771e-09,2.5057779352304513e-09,3.9360137150292727e-10,6.691710819271985e-11,1.5962938644591365e-10,1.0264058978284208e-10,0
-5.567671109905328e-07,4.438660035715766e-05,2.632157023101938e-09,1.225958628316937e-09,3.044014677609809e-10,6.969046183634145e-11,1.5327496799015738e-10,1.0889364423493561e-10,0
2.1558676566215278e-08,3.7163789709274255e-05,1.6840760707975782e-09,6.059325862847937e-10,1.3897349337323274e-10,4.7160265078327024e-11,2.512541385531334e-10,1.8231885337343252e-10,0
-4.063111565694487e-09,4.7503209663047146e-05,2.733320356800239e-09,2.0392916536606464e-09,4.264780829457284e-10,9.626583540355597e-11,2.101877316220664e-10,1.6126895729355742e-10,0
6.380484738918014e-08,2.820389974295698e-05,9.189798706505983e-10,3.833901215034509e-10,6.381927168119261e-11,3.290656865378264e-11,1.545689865788893e-10,1.0687601626916825e-10,0
1.437397915093631e-07,3.381449171109904e-05,1.3606586708818715e-09,9.840750098813665e-10,1.5606058429722554e-10,4.2924600064322067e-11,1.9120318441378823e-10,1.3545755329768958e-10,0
1.8080982919392224e-07,3.420299320388978e-05,1.3769028670618092e-09,9.567712058011384e-10,1.3438156793090238e-10,3.5306075753943264e-11,1.4117554270935005e-10,1.2158562584807888e-10,0
-1.0355930325420266e-07,2.6064339237721698e-05,7.894319869129304e-10,5.964734201165274e-10,6.7614915918825e-11,2.921639538990516e-11,9.025722817766533e-11,6.750422519937136e-11,0
-2.774056582560719e-07,1.7854284751643806e-05,3.2583393298902803e-10,1.2467843029203559e-10,4.693755577243565e-11,2.2588469682655556e-11,4.851729024804588e-11,3.5689310543262814e-11,0
3.1765933742978804e-07,4.1146033927026263e-05,2.07759011888597e-09,1.2799693781806617e-09,2.5139054899210727e-10,5.3413043681394435e-11,2.0456856285950454e-10,1.735344242642776e-10,0
-3.382686644688196e-07,3.694971939427491e-05,1.5692607861735926e-09,8.276019000040709e-10,1.0504705612255571e-10,7.707168953961563e-11,2.8285874217506084e-10,1.70672119852182e-10,0
2.683649086323058e-07,3.183517842626301e-05,1.125768986631385e-09,6.004902803068677e-10,8.04998736774282e-11,4.120588535452806e-11,1.946823021085442e-10,1.4458017728748794e-10,0
-2.4759896392682903e-07,3.882043128577609e-05,1.9006233958412567e-09,1.4694776711665293e-09,7.981571606041154e-11,3.8779419304127235e-11,1.3765465022692216e-10,9.671479111563148e-11,0
1.487214457324609e-07,2.6289023060473228e-05,7.919834112230234e-10,5.114385057031437e-10,5.670459587191016e-11,2.4496153577076087e-11,8.718003277471073e-11,7.894458542890092e-11,0
1.2569201054662846e-06,2.5002455350347525e-05,6.869443336115313e-10,3.044238011883482e-10,5.410079676466484e-11,1.984026165039126e-11,7.52278879962376e-11,5.166551218378311e-11,0
-1.44615351406259e-06,4.515308524683642e-05,2.3734336414982576e-09,1.266782534941765e-09,2.0853203122308176e-10,8.46415139203272e-11,3.0952668361075547e-10,2.539654864391442e-10,0
3.322473776012056e-07,3.4599531308513446e-05,1.46484058826405e-09,8.837582773804081e-10,1.5064846585315846e-10,4.30347862934275e-11,1.6146736075983822e-10,1.1909634329923592e-10,0
2.0204231287375225e-07,2.7176610554689555e-05,8.259261791258356e-10,2.991676003462976e-10,6.04315793408261e-11,2.7314694014746898e-11,1.0238445941426771e-10,7.936459204041535e-11,0
-4.3826976135228063e-07,2.303713927114302e-05,5.691491038018297e-10,2.290817355247265e-10,7.041669413911214e-11,2.8100126128334578e-11,6.131152546583891e-11,4.6454588973703435e-11,0
9.93846536219708e-08,3.431717466283448e-05,1.372106246469521e-09,6.178208111713686e-10,1.204040238938532e-10,2.5153632642156644e-11,8.432509818971172e-11,5.1207267351668453e-11,0
5.945804283827429e-07,3.236306580551439e-05,1.2267455254837294e-09,6.097935284452586e-10,1.210734194638117e-10,2.5454547871732888e-11,9.525441897594848e-11,7.334382400912761e-11,0
-3.623905978985242e-07,3.192159431151335e-05,1.380318034182254e-09,9.382708203158523e-10,1.6817926518489476e-10,2.4943009724590398e-11,1.165756825712749e-10,9.947684933518714e-11,0
6.232975407174142e-07,2.5006982713553352e-05,6.939304848730017e-10,2.352506844785102e-10,7.917278012281417e-11,3.3014040876975984e-11,1.673545521411224e-10,1.1700506055468055e-10,0
5.243504415229273e-08,4.2605621446526423e-05,3.172824703994504e-09,2.856809632704474e-09,2.514573976949018e-10,7.165559104602112e-11,1.192047618071025e-10,1.6958195138915712e-10,0
-5.982681177648775e-07,4.373102051592217e-05,2.724345468777076e-09,1.581106076020228e-09,2.228737082553094e-10,5.7889586347002726e-11,1.4774762957982308e-10,1.3293045743424503e-10,0
-1.0968383028335183e-08,3.364596615965532e-05,1.5105453989286333e-09,1.0209119994082562e-09,2.929523206290109e-10,4.012757417745939e-11,1.0422175331566085e-10,7.781986967459774e-11,0
3.2340648990794105e-07,2.7784047262822637e-05,1.0516719151921252e-09,6.331627411778531e-10,1.5293795947580813e-10,3.62094288202003e-11,9.17573420437486e-11,6.358797933960648e-11,0
-3.490731819336923e-07,3.3928338145978704e-05,1.6098470989474889e-09,7.841766275790741e-10,2.1673909739993586e-10,3.4157469155210846e-11,1.0434754562203573e-10,5.672107858371732e-11,0
-4.0656346454126493e-07,1.9215663332263082e-05,3.778356733492617e-10,1.6457415109698502e-10,6.19233945425699e-11,2.0945538879240257e-11,5.838007383581523e-11,4.296138458630843e-11,0
5.244941582405003e-07,4.737102930143507e-05,2.7442631613376977e-09,1.8089605860400789e-09,2.778431278750195e-10,5.684874562648431e-11,2.405579192646968e-10,1.5986640666603318e-10,0
5.456989388691e-07,3.3960887789936957e-05,1.3712953767092426e-09,8.154145624460735e-10,1.3215870767622568e-10,4.8996684876172275e-11,1.573495224130888e-10,1.1526915746184617e-10,0
-3.4525713149212024e-07,2.844001833993012e-05,9.454554011830973e-10,5.922067328850031e-10,9.197008803381218e-11,3.399591514878626e-11,1.0548780929943235e-10,6.878281551513207e-11,0
-6.181087990248481e-07,4.009964622088867e-05,2.0834953187881617e-09,9.137833142684462e-10,1.7270327524341655e-10,3.537681258036923e-11,1.3987384463457326e-10,1.0701571110593684e-10,0
5.824746312825332e-07,4.4231714574062604e-05,2.6523780459352077e-09,2.4938665867626604e-09,3.443826041456783e-10,5.6044039888667875e-11,1.699781709144378e-10,8.47780984308939e-11,0
-9.012737271243341e-07,4.368910905796122e-05,2.6946950343638647e-09,2.2559687633332027e-09,3.530088063933971e-10,3.5023924452606486e-11,1.7970236598773368e-10,1.1393221525344529e-10,0
1.2114455910582416e-06,5.048993605437772e-05,3.1343713377981076e-09,1.7053584805074964e-09,2.3247806820478645e-10,8.122618611930442e-11,3.10250584587728e-10,1.8223831180887758e-10,0
-8.515302740018846e-07,3.431332855869408e-05,1.4112323059718402e-09,9.324841205644186e-10,9.183139917319733e-11,3.4479359037293475e-11,1.3789297933191144e-10,9.512243659424794e-11,0
6.678246294568949e-08,1.9942649892538795e-05,4.098048941555868e-10,1.6083735703954529e-10,5.759524509869155e-11,2.4042207625887616e-11,8.640714632412504e-11,5.2338094441220435e-11,0
4.874667630170792e-07,2.407932702869232e-05,6.747349482694994e-10,1.9262939848908402e-10,4.4023362434054524e-11,1.7237169770465055e-11,5.6658294748176404e-11,4.186399349003922e-11,0
3.621819183018992e-07,4.032446009401467e-05,2.206939417999285e-09,1.4481933782034538e-09,2.1294426260613912e-10,3.978224710875172e-11,1.6826181798093584e-10,1.370604090649882e-10,0
4.530993418157809e-07,4.570850723069341e-05,2.6377180595992673e-09,1.5803876581853393e-09,2.2916475993339384e-10,4.4669912012347745e-11,1.824283318075166e-10,1.7767251965436087e-10,0
-2.8792640510115404e-07,5.391182611992301e-05,3.6257086180117667e-09,1.0566356234339554e-09,1.2639960775364988e-10,8.220239948292758e-11,2.5541380612381895e-10,2.3227173355576032e-10,0
-1.632920666848988e-06,3.242567291543372e-05,1.244739127121239e-09,8.160153187269312e-10,7.554464815784125e-11,3.4966280456403715e-11,1.0802356590243428e-10,8.5810854425644e-11,0
4.904575600522174e-07,5.446861951317686e-05,4.0883243356346495e-09,1.833975162801548e-09,2.3076873412398698e-10,5.0738443478153824e-11,1.1477936244794486e-10,7.989715278169059e-11,0
4.6125511946709094e-07,2.0242855398596645e-05,4.5052876300985543e-10,7.815437750366157e-11,4.769287915401197e-11,2.4437997313739828e-11,1.3298741620054932e-10,8.931515129052897e-11,0
-9.541052194298589e-08,2.219753219102538e-05,5.258987832432372e-10,2.0514558775277481e-10,8.301036077366957e-11,3.624284625512089e-11,1.0847663461187674e-10,7.107356917178625e-11,0
2.08569843728037e-07,3.628167287246835e-05,1.5148914966577234e-09,7.713728638799402e-10,1.5688299284406743e-10,5.787981519384562e-11,2.5967597400164913e-10,1.9806392212195327e-10,0
-4.1997846426002283e-07,4.221606656372017e-05,2.259483827742715e-09,9.900955657056282e-10,9.657207706346427e-11,5.0444297125797416e-11,1.5201114341771742e-10,1.2513840576788502e-10,0
8.160312802861149e-07,3.6828952510924715e-05,1.7399102348081786e-09,6.644343094608335e-10,1.465235763983052e-10,9.351090215629998e-11,2.2780415908740818e-10,1.9600442802831656e-10,0
-9.5754023041505e-07,2.952621041292376e-05,1.0197101242741168e-09,4.6172361339309724e-10,9.085769970085899e-11,2.916791414240977e-11,1.2387863761305418e-10,9.065692377061053e-11,0
4.839435523863227e-07,4.234268832245737e-05,2.2247243122187777e-09,1.5051222096719704e-09,1.532914175757161e-10,4.767302265965678e-11,1.654094099227325e-10,1.420111214245662e-10,0
-5.774592936787311e-07,3.97892208914224e-05,2.0709389150305508e-09,1.3643045365771633e-09,1.248813856202338e-10,3.881614500865407e-11,2.2785111703741337e-10,1.724167252944123e-10,0
3.2393518858370945e-07,2.463089105393304e-05,6.675629789750352e-10,2.3116956656816563e-10,4.354431747903279e-11,1.991819585914798e-11,1.1103230782958307e-10,7.799704335119794e-11,0
1.0180523844113208e-06,2.7315296316224353e-05,8.355676741682375e-10,2.5298265194569223e-10,5.758924857803835e-11,2.4537212760916337e-11,1.0682009676281829e-10,7.919758181519846e-11,0
4.64976329684748e-07,3.376142086974235e-05,1.447473250791318e-09,4.981458531267379e-10,5.829696197163287e-11,2.3002271866710864e-11,7.781673947298951e-11,5.758715175907364e-11,0
-1.977316591518837e-06,2.273226125013277e-05,5.412282307202816e-10,1.500507866458554e-10,4.532777107933434e-11,2.0666543582300626e-11,8.252722387137569e-11,5.685418833046708e-11,0
1.6239490216911233e-07,4.110341651306394e-05,2.2538355602454524e-09,1.8745510161823418e-09,3.113787496899554e-10,3.728045225741362e-11,1.40566147611492e-10,1.1211094143845914e-10,0
-1.3682035153368721e-08,3.386026832499903e-05,1.3748563428075531e-09,8.553373538823312e-10,6.631134033848802e-11,3.750912377081336e-11,1.5876142362471555e-10,1.1032971993718117e-10,0
7.064187783003023e-07,2.5161886253406317e-05,6.893235757587143e-10,2.664238802457076e-10,5.69958589971887e-11,3.621967464421734e-11,1.3720413701934714e-10,8.56808462206735e-11,0
-2.137668426246405e-07,2.6341520529383486e-05,8.090896776151557e-10,4.196526281619563e-10,9.598025018060106e-11,4.263812401478469e-11,1.0369156772388524e-10,6.870002742141754e-11,0
-2.2249235167626307e-07,2.5324353765765715e-05,7.497875657929732e-10,4.784179832812064e-10,5.033264986852057e-11,2.1772709856627088e-11,8.538566330017474e-11,6.0400413258054e-11,0
1.4199455898406643e-08,3.0830275165007446e-05,1.232357007512968e-09,8.962735639002543e-10,1.2828065150934933e-10,3.1614474080740737e-11,8.242884705976487e-11,5.475141916661622e-11,0
-6.266346876457546e-07,3.0318798357110157e-05,1.1932242192114983e-09,9.207155732035625e-10,3.618120858783971e-10,6.149175682019721e-11,1.1273568192605366e-10,6.75930265020285e-11,0
3.9313475379053914e-07,3.7061112831831575e-05,2.073799753922356e-09,1.1130288994767178e-09,2.0564747754887447e-10,4.186969742924051e-11,1.2459611445881915e-10,8.132440354487263e-11,0
-4.110071091497291e-08,4.0936139298002274e-05,2.0284183591552696e-09,1.3878073284677932e-09,1.3536901715488522e-10,3.756133256872195e-11,1.6705478301697587e-10,1.323635263949352e-10,0
4.343512273078323e-08,3.1781342604830864e-05,1.2640734932477834e-09,9.80378574755258e-10,7.801941354973045e-11,2.695209588314236e-11,1.2588020112002436e-10,8.250400690097165e-11,0
6.390804871001645e-07,3.067970588927794e-05,1.1891325771151052e-09,7.846671118195338e-10,1.2727000595753824e-10,2.700680410725514e-11,9.53177464135921e-11,5.994909907082267e-11,0
5.106692425545446e-07,3.251846467839442e-05,1.2118063622800722e-09,7.196130940457061e-10,9.877077673697541e-11,2.828045933669014e-11,1.247150626796304e-10,7.765301878545015e-11,0
-1.2171843271531994e-06,3.296286976203304e-05,1.3812802285318584e-09,7.860645794955497e-10,5.058041269269779e-11,3.4350570469988413e-11,1.2375448167188428e-10,8.049138009210898e-11,0
-3.4735042480661366e-08,3.052166452104898e-05,1.1278614936167973e-09,9.017781930606373e-10,7.84732625725971e-11,3.660798917710779e-11,1.049363561562914e-10,6.622820714080716e-11,0
7.189037197308333e-07,1.906717574681388e-05,3.748747719009254e-10,1.1009684278936294e-10,4.028790584633487e-11,2.2442143466645433e-11,7.683924273134637e-11,4.8109093128564135e-11,0
1.6597781661637113e-07,3.190299340811688e-05,1.3737421734100608e-09,3.7622906945184876e-10,8.938207360090355e-11,2.4969271542820496e-11,6.788666957749248e-11,4.819159306246968e-11,0
-6.864304827995374e-07,3.0007936403661594e-05,1.1339159941193827e-09,8.631912427594932e-10,1.8445622371777458e-10,2.6984570013489485e-11,9.541889240383081e-11,7.775636514812663e-11,0
1.6733714480056064e-06,3.963370487835709e-05,1.9060643714459135e-09,8.54651194301942e-10,1.122103610918095e-10,7.76251936312045e-11,2.579853785790528e-10,1.5732691606976828e-10,0
-1.279285565410592e-06,4.095692928221403e-05,2.052532629055634e-09,1.1150886815823655e-09,1.5276106880893967e-10,5.578000789084184e-11,1.3147945638947535e-10,9.658509244392171e-11,0
-3.3110718009458435e-07,3.958243468853771e-05,2.0742118430269462e-09,1.0096555123022062e-09,1.0806366788017109e-10,3.012580870991313e-11,1.2306884777171017e-10,8.747378002359727e-11,0
5.102898235278447e-08,3.5955950118052265e-05,1.7209545146474354e-09,4.128717168161598e-10,8.95757753195312e-11,2.5763674270339308e-11,1.2417637760246767e-10,7.812077498087915e-11,0
1.29020476787692e-06,5.508652976035111e-05,3.985008198026365e-09,2.2194426212132147e-09,3.22089603583707e-10,7.118124610001347e-11,1.850278807327218e-10,1.722482299596793e-10,0
-1.2894788905190603e-06,3.2830898353075546e-05,1.360042414321386e-09,6.86727617887003e-10,1.0531611415219168e-10,4.079260394838809e-11,1.6562876324364221e-10,1.233360610693826e-10,0
2.930919250604714e-07,4.5711850930281034e-05,2.9415537729623555e-09,1.982524724556801e-09,3.635957884261801e-10,5.27806845870258e-11,9.389924832002771e-11,6.73124652874412e-11,0
-2.6431285481472266e-07,3.2283559581704435e-05,1.287753518369824e-09,6.498456999752381e-10,1.1195019064988377e-10,2.9537966889387145e-11,1.7992670507084052e-10,1.1905926705611229e-10,0
-2.511221406048577e-07,2.5206111233107234e-05,7.095974536413483e-10,3.327447000693278e-10,5.375731131968249e-11,2.224317350697904e-11,8.763074978830082e-11,5.860889248112046e-11,0
3.633039371665552e-07,1.7218765621887534e-05,3.1325290947378504e-10,9.473747936453059e-11,3.365225853665519e-11,1.665905791737068e-11,8.13833890605038e-11,5.346899456737616e-11,0
8.178023867043227e-07,4.1245454222777076e-05,2.4735801049773977e-09,1.3659786014868663e-09,1.416542469475042e-10,3.6573806023125943e-11,8.930268904007837e-11,5.639098547031478e-11,0
-1.284747278528754e-06,4.688108156734384e-05,3.663017175402584e-09,2.7499434457912517e-09,2.9165407487749324e-10,6.229735519566355e-11,1.3041536864967348e-10,1.2184345983812308e-10,0
3.887180659740625e-07,2.4594743543865494e-05,6.732586294218601e-10,3.358409380375309e-10,5.298014944478737e-11,2.223368290261333e-11,1.3650738965103226e-10,9.497304037300044e-11,0
7.856451808183703e-07,3.6829908320862775e-05,2.3144239868595382e-09,1.9345651513466583e-09,8.45451115317098e-11,2.6133747344335856e-11,6.014676472311723e-11,4.0810829143873217e-11,0
-8.235873577689337e-07,2.7100062399916704e-05,9.881964271965527e-10,4.147647064998047e-10,1.4686669329110293e-10,3.682356204990995e-11,1.6130868660271646e-10,1.1486897922329487e-10,0
-5.9493530298119485e-08,4.283002076043318e-05,3.0602359202848775e-09,2.6965868797833145e-09,3.386193620285519e-10,4.463148893334997e-11,9.501956210686037e-11,7.112761535831462e-11,0
-1.8617780519787745e-06,4.0223354341883415e-05,2.506308048251872e-09,9.126041789484839e-10,2.0294091369825232e-10,4.0945949326827215e-11,2.1879448564965046e-10,2.33906583904872e-10,0
2.3366073176317468e-06,4.124052385848508e-05,2.1832549929074455e-09,1.1492219593946909e-09,1.9422717238447472e-10,4.232451303439947e-11,1.1914965455946913e-10,6.463567067688994e-11,0
-1.5450388827598348e-06,4.3148552390114404e-05,2.6994736212091656e-09,1.656259384311037e-09,2.3506481502813325e-10,3.120290889772088e-11,8.519928222833137e-11,5.358592073360263e-11,0
1.4931959929446785e-06,2.7280844877644442e-05,8.565129474191457e-10,5.404203241885115e-10,1.0673878773843163e-10,3.7085030257256096e-11,1.371831494962632e-10,9.859874805416195e-11,0
1.1861856675680791e-07,1.957371653269579e-05,3.963672827693524e-10,1.0952866428449399e-10,6.084437782925397e-11,2.188380011251906e-11,9.089528069058816e-11,6.458731887580457e-11,0
-2.1962082079560788e-06,3.361868073701565e-05,1.7427207842616886e-09,6.701615106752985e-10,7.144932541716556e-11,2.7083917182990538e-11,8.868613726647274e-11,5.26638119050163e-11,0
1.0858400177482749e-06,3.0351570204367174e-05,1.2246035742515407e-09,1.1297556074556203e-09,1.9696429113047266e-10,2.4772074009651344e-11,6.846192037023584e-11,4.6243956900572215e-11,0
5.333253804856815e-07,5.502239779719496e-05,4.7498684053891385e-09,3.388726692311196e-09,4.039911302840771e-10,5.98954089635261e-11,1.9721190683598568e-10,1.6368885584848695e-10,0
1.4362747825472577e-06,2.9380106626034492e-05,9.834609854977776e-10,3.2022711196654507e-10,7.491819614564734e-11,2.425298394420093e-11,8.563770544844462e-11,4.9892014971865023e-11,0
-9.632412395239241e-07,2.5173691143075457e-05,6.963564115972956e-10,3.005486918928007e-10,6.513624587003802e-11,2.2967916119150002e-11,8.359897182970039e-11,5.231676860107035e-11,0
-1.8625079244509657e-07,2.439419982231994e-05,6.239395003075962e-10,3.0646487216198266e-10,1.0011515335822637e-10,4.1500527253937035e-11,1.029981665526453e-10,7.057727245420674e-11,0
-1.6109327575553607e-07,2.0451782746907483e-05,4.6452886963006237e-10,1.4133951943880886e-10,5.601150721662911e-11,2.2257300213677727e-11,7.100382142625986e-11,4.2924823498062247e-11,0
7.704203271933937e-07,4.31629026704879e-05,2.541875521135223e-09,2.1221861619909236e-09,2.3383477800904715e-10,4.9767340658325975e-11,1.400718197310896e-10,9.792784119058596e-11,0
-1.6155716257540223e-06,2.642882249593687e-05,8.474467769307374e-10,6.186331182414127e-10,1.4299871756489888e-10,3.43843111314704e-11,6.791074553371005e-11,4.708015821153751e-11,0
5.287579516081607e-07,4.524682793514768e-05,2.943578378420904e-09,2.4381150955540688e-09,2.0736657120638856e-10,4.727859629364044e-11,1.2458175394090693e-10,8.372576303880092e-11,0
4.3860358281961745e-07,3.090007735211788e-05,1.2774474636678853e-09,1.2274461077991679e-09,1.7552411779566978e-10,2.5684109286880307e-11,8.234363311114646e-11,6.260816714967859e-11,0
-1.3772257552395125e-07,1.715870765943033e-05,3.0186081269938763e-10,1.2206167456267918e-10,4.687622958040996e-11,2.460792347618706e-11,6.037231565801452e-11,3.8595436205111275e-11,0
-4.0663268374344577e-07,2.7373812995144147e-05,1.175790730055435e-09,1.1424301037632278e-09,2.2329110994516164e-10,3.9186150740111145e-11,6.035989411854981e-11,4.04872686834943e-11,0
6.906225560815664e-07,1.8699797144432913e-05,3.6693445692090915e-10,1.262613319805515e-10,5.456005031807474e-11,1.8575724299941014e-11,8.400180407089456e-11,5.396598213118717e-11,0
1.6115911901166682e-07,1.9198797184746104e-05,3.855789044659059e-10,1.0607227638518213e-10,5.7710071715174686e-11,2.1523685106182094e-11,7.681161040521593e-11,7.105948215227172e-11,0
-5.839113064710952e-07,4.878318098571541e-05,3.5318937275631224e-09,1.618775133221053e-09,1.7745424529036093e-10,1.2146213646260955e-10,2.6404370808514226e-10,2.1972192308632712e-10,0
3.3958623990941767e-07,2.137860772524037e-05,4.922238164216121e-10,1.5675412493177047e-10,5.266430547395975e-11,1.9295615676543552e-11,7.9007942289588e-11,4.6830157286740086e-11,0
3.599040225735563e-08,1.85381264903911e-05,3.6073127664548997e-10,1.1682216954453883e-10,4.814644280042756e-11,1.966782435852552e-11,7.630265436683753e-11,4.760133555632868e-11,0
-1.840303525788305e-07,1.6777921875116428e-05,2.937876211322759e-10,9.737535293645484e-11,4.412376012073274e-11,1.7060877499829216e-11,7.051144414638378e-11,4.275065930292134e-11,0
-8.882703348604035e-07,3.252543222550502e-05,1.3401921705679532e-09,4.4411504457625467e-10,1.0054021632810848e-10,2.6799379099070295e-11,8.29238400519231e-11,5.3751858419098995e-11,0
9.502656221084457e-07,3.433619580259424e-05,1.588036161342787e-09,1.2601729702925628e-09,1.5077667162536844e-10,3.288283851833575e-11,1.2776261310141225e-10,9.735175335248561e-11,0
2.2050422112922468e-07,2.1356032633968316e-05,5.075681257998569e-10,1.7207864411131042e-10,4.3574967682203034e-11,1.765727687829472e-11,7.835093229199608e-11,5.1292559994690414e-11,0
-3.9968486133452957e-07,2.3190085715467418e-05,6.122173349080906e-10,2.982008457016856e-10,1.1855044923983134e-10,3.3692672062208176e-11,8.655574355066799e-11,5.281823879618864e-11,0
1.234932422796482e-07,2.960297217358213e-05,1.2297080572458835e-09,7.184041839123727e-10,1.6306478984526546e-10,3.2733705731487984e-11,8.24321992496001e-11,5.555002447450826e-11,0
-1.904415807432795e-07,1.6124547083110195e-05,2.71393274902695e-10,7.822648405007715e-11,4.556901815624609e-11,1.8010397572289082e-11,6.244592649641112e-11,3.767137103033924e-11,0
2.9103899939817776e-07,1.8516303441288125e-05,3.553376554475319e-10,1.2647725109285677e-10,5.34914704819085e-11,2.5603135337202598e-11,6.246523625926117e-11,4.047265451926846e-11,0
-1.517374240832785e-07,1.787606685732931e-05,3.272882735373755e-10,9.302579798357685e-11,5.202709319120081e-11,1.9262222476853028e-11,8.046491558137359e-11,5.5747979211305457e-11,0
-3.1901409235088248e-09,3.262593115524715e-05,1.321541503209006e-09,1.309745255767594e-09,1.2221353341746694e-10,3.744764151399762e-11,9.82243774309627e-11,6.413973451462345e-11,0
-1.2397543255218435e-08,3.3049483526401394e-05,1.3873007664640565e-09,1.1259949144705192e-09,1.2836548707905924e-10,4.919548988407991e-11,1.5039928099931996e-10,1.2481725681808073e-10,0
-4.447072421478446e-08,2.0381225411271097e-05,4.281430025982294e-10,1.556840019254353e-10,9.371401331203927e-11,2.2513763698009322e-11,8.343293164909233e-11,5.077644950428027e-11,0
3.353126926333055e-07,4.797229852207854e-05,3.739596751634162e-09,2.562019817976061e-09,1.4800582436196041e-10,3.597643807630278e-11,9.289768420481605e-11,6.849215791831816e-11,0
6.506299225314152e-08,4.26108010717099e-05,3.045284872677675e-09,1.4985451918777757e-09,1.484856012613439e-10,3.322732983333056e-11,9.96092153742338e-11,6.32097997936771e-11,0
2.396353036782626e-07,2.3639325357065632e-05,5.999145811182933e-10,2.681028781349213e-10,4.7883175367865434e-11,2.19483741810056e-11,1.2984710485921768e-10,8.370353656326359e-11,0
-9.483654941208399e-07,2.6278510031405095e-05,7.98512635688527e-10,2.3042908839765334e-10,8.020317013882694e-11,2.469285988979943e-11,8.687377586937114e-11,5.426142684313806e-11,0
9.536852478917891e-07,1.9181168411978805e-05,3.805773001368189e-10,1.053126109903972e-10,4.8971659719251625e-11,2.3319615571870316e-11,9.478433260557394e-11,5.7121200000593095e-11,1
-2.9434595723935164e-07,3.285384286605039e-05,1.6558274599544092e-09,2.895152763780626e-10,4.100793388766976e-11,1.7324395288706757e-11,5.92927274140844e-11,4.0704343674259434e-11,1
-2.7843747032315464e-07,3.102765396892232e-05,1.4581541842563933e-09,9.422899606078308e-10,1.157513510176757e-10,3.403201631124813e-11,1.0809686925596608e-10,5.6944118824548096e-11,1
-2.591821544612521e-08,2.0855868021256773e-05,4.5657575520671187e-10,1.4012496709574027e-10,5.0194160391873636e-11,1.8101297892848824e-11,1.2117865279833177e-10,6.560691010209927e-11,1
7.725001747949142e-09,2.3109698196692314e-05,6.36285901973183e-10,3.083928335476621e-10,9.947737485704308e-11,2.8908617996974836e-11,9.59241854368226e-11,6.535241688143142e-11,1
1.3169942256347624e-06,3.6644804588412534e-05,2.2251858067726155e-09,1.9541090847253445e-09,7.304299366072189e-11,2.4296769387948995e-11,9.34983941431265e-11,7.608209110568169e-11,1
-1.2782862034414538e-06,3.387654865464999e-05,1.4338981261186085e-09,9.13146925923837e-10,1.7820225967654992e-10,5.376927106547925e-11,1.2796987065023532e-10,7.522829538559168e-11,1
-1.5794350070296597e-07,1.8950889295795318e-05,3.7399590642673695e-10,8.925932046013419e-11,4.4876737155465295e-11,1.9763309503264493e-11,1.106600634738189e-10,6.019699166084658e-11,1
2.280477307825347e-07,4.6988238165446455e-05,3.3506005021580337e-09,3.620730007839365e-09,2.3050551779520822e-10,6.33635232357128e-11,1.8581926364126746e-10,1.3275835928551698e-10,1
-1.6483227240411893e-07,2.2584260029515e-05,5.312065956633376e-10,1.5471099683416445e-10,6.325723077320819e-11,2.3342913710357124e-11,1.4683688807427438e-10,9.626797692411058e-11,1
-5.07825675163559e-09,3.3881778233653427e-05,1.8183871351958337e-09,1.5990298362272213e-09,6.526691734352752e-11,2.6561311821299453e-11,7.123742351435971e-11,4.913032182980032e-11,0
1.0804712517318944e-06,5.4048552445137164e-05,4.7003856281036544e-09,2.1064226339521715e-09,1.0153025169347389e-10,3.864858638372513e-11,1.5160202004226237e-10,1.1755628359784576e-10,0
-9.821592018132306e-07,2.0023585711223386e-05,4.127143508891875e-10,8.862355230356021e-11,4.6614960303839487e-11,2.1359535678234582e-11,8.482510151997535e-11,5.548168822685682e-11,0
3.4157849749277664e-08,2.0171036813916404e-05,4.2490468759539026e-10,1.601122747329668e-10,5.6934792149781766e-11,2.832244859447942e-11,8.801957017341794e-11,5.443879794102018e-11,0
4.630327605760297e-07,3.933012172392738e-05,2.577916145650626e-09,2.741986345244082e-09,1.3303472558218278e-10,5.898184366201685e-11,1.3459615276836125e-10,1.1229157037336658e-10,0
7.843819020667563e-08,2.0207181637733152e-05,4.5049420268227656e-10,1.3567890885543253e-10,3.1699127230810524e-11,1.9403254928352837e-11,1.1531619430796387e-10,6.767608804499474e-11,0
-5.856354841272989e-07,5.64831632775046e-05,4.44272749999838e-09,2.6371109387108045e-09,4.03300294405548e-10,5.561764129840421e-11,1.2513729768388566e-10,1.1250700519398607e-10,0
-3.8356729886150443e-07,2.440213479618545e-05,6.365795651984778e-10,2.0218105241684348e-10,6.181387772663612e-11,3.0889126650631624e-11,9.854554798808459e-11,7.534013663210332e-11,0
4.824820657381781e-07,2.1046481753055557e-05,5.427436277008657e-10,1.143062544923977e-10,4.16778929493525e-11,1.8040517046375675e-11,1.1461719668585494e-10,8.250331873820781e-11,0
-4.6500455659532046e-09,1.8326026371815807e-05,3.586868042073081e-10,1.0162282128339269e-10,5.369849258268622e-11,2.196411511310604e-11,9.370492085351938e-11,6.367510056432737e-11,0
-2.601579724306567e-07,1.970112454071382e-05,4.605962194715846e-10,1.8374828716751595e-10,1.0270402517126155e-10,2.3850945466804105e-11,1.0550011456938883e-10,5.437711691977862e-11,0
5.439690747883871e-07,3.376739600551364e-05,1.6020676377498277e-09,1.2166252745438964e-09,1.0913365437435393e-10,3.7594982902313114e-11,1.5538827773250664e-10,1.1275333287841076e-10,0
-2.2004693153268727e-06,4.178558193631691e-05,2.5060183977091244e-09,9.899479967698463e-10,1.2107450944047297e-10,3.899011689163976e-11,8.545110698149707e-11,5.118166671301583e-11,0
1.3086845851358378e-06,1.9110914164009823e-05,3.81045348459487e-10,1.3607157634937222e-10,4.5658971983398855e-11,1.5970720739482904e-11,4.935654919666391e-11,3.763757707451083e-11,0
4.79507155310965e-07,4.314272931508491e-05,3.24924622550043e-09,2.157626458386999e-09,8.214001836753996e-11,2.829016565860165e-11,6.391585610332132e-11,4.92274371910263e-11,0
-6.825658467649733e-07,3.5352718720293685e-05,1.5961736145564645e-09,1.3489144289888204e-09,1.8186843800988476e-10,5.254941379923345e-11,1.2338369751149414e-10,1.3109697940967566e-10,0
3.451653400493105e-06,2.8536328325904647e-05,9.919969854962523e-10,2.668031177247201e-10,5.5496859156302e-11,2.13121758814133e-11,9.462517764408691e-11,5.902681064960798e-11,0
-3.2066802929908666e-06,4.662648364455721e-05,3.0672137160853345e-09,1.2280762660074933e-09,1.4309757287731525e-10,4.149074342009446e-11,1.7827029738047812e-10,1.6283425407515932e-10,0
3.7345493544235656e-07,3.354445551272034e-05,1.3003515801605826e-09,4.460578930168125e-10,1.0929269346443799e-10,4.2460991005824655e-11,2.564585598014356e-10,3.3100599832954375e-10,0
-1.1285734298572019e-07,3.1154687846540367e-05,1.13978171835154e-09,3.773425659685855e-10,6.993481131664141e-11,2.829368083694461e-11,2.655969096127721e-10,1.9445049697643379e-10,0
4.0313045621963723e-07,2.3192354777168005e-05,5.78050778841553e-10,1.3554035797466448e-10,5.897396290259905e-11,2.4252188157365825e-11,1.6819073866403184e-10,1.1716373688235451e-10,0
-6.01829689036421e-07,4.493526473081021e-05,3.1951148673807265e-09,3.145256137754011e-09,3.206454697490997e-10,6.559074174035761e-11,1.6619334798767833e-10,1.4108893123009245e-10,0
5.142800892390475e-07,2.1485666709198102e-05,4.850680817523404e-10,1.2513500127232205e-10,4.918758002844635e-11,2.3209099809960144e-11,1.3282120192106047e-10,9.029357513277333e-11,0
-3.8255755751543695e-07,2.5484073959385717e-05,7.472105959978465e-10,3.3047942936242007e-10,9.382075641555899e-11,2.7152815401204496e-11,1.5455243286604547e-10,9.601174131814813e-11,0
1.6816393016944396e-06,3.0339991413239487e-05,1.2235619637174102e-09,8.295215460631539e-10,7.638788925962096e-11,3.5033770155918885e-11,1.4278074101853611e-10,8.16990185811798e-11,0
-1.4551897996475866e-06,4.3698498506790624e-05,2.496046544345531e-09,7.806254479820985e-10,1.2758363215439912e-10,4.7247570565336303e-11,1.7045587871498084e-10,1.3825041775784826e-10,0
2.516166052159492e-07,1.9059500236052462e-05,3.7405400319854215e-10,1.1546614773020556e-10,4.506733788305755e-11,2.8997566909292567e-11,1.0838720565265647e-10,6.60034962313585e-11,0
-7.98035352630217e-07,2.2172006155109517e-05,5.057280784672175e-10,1.567911806701591e-10,6.623067517377524e-11,2.102310576327186e-11,1.057332780327867e-10,7.508367437048578e-11,0
5.863983011281794e-07,2.1062225009134096e-05,4.883177110122375e-10,2.2304078950432307e-10,1.1088493751564967e-10,2.968460605687571e-11,8.152072216948485e-11,5.3867238642861416e-11,0
-3.4378810355897106e-07,4.500402164476788e-05,3.0615095687677756e-09,1.7487719978592838e-09,2.7138652095305267e-10,4.176364031726007e-11,2.1861499106874897e-10,1.7276769920302793e-10,0
6.499764443295678e-07,2.147277828028259e-05,4.741805311433926e-10,1.521097498477903e-10,5.91654150998317e-11,2.1219283764694838e-11,1.097127062587255e-10,6.787922494682115e-11,0
7.922040147013962e-08,2.2495206912848137e-05,5.40863350707008e-10,1.565115275313654e-10,6.041253790194088e-11,2.6246235889195546e-11,1.184686730383166e-10,6.632819321485617e-11,0
-7.319055791767175e-07,2.5123980838794285e-05,6.585365795611204e-10,3.1229050184996604e-10,1.1620079587847356e-10,2.6261432481044712e-11,8.427587158961595e-11,5.32821689394879e-11,0
9.366820571608797e-07,3.9079840240558205e-05,2.4021742997093526e-09,1.9961203740188935e-09,1.3947036751784254e-10,3.2596968723037814e-11,9.058627826855829e-11,5.949908220324411e-11,0
-2.706367297704089e-07,4.872720743095587e-05,3.613776490987239e-09,3.3972112482887652e-09,2.371098433560578e-10,4.534606493755389e-11,1.5561440970985086e-10,1.732965818497296e-10,0
4.629693012761617e-07,3.4825709982060996e-05,1.8497112880507623e-09,3.252623568943021e-10,1.0549049443080467e-10,2.27761227405692e-11,1.5036589660953942e-10,1.0900985278639796e-10,0
-2.1343247332757146e-06,3.328021312050128e-05,1.5931366418238423e-09,5.644213470325092e-10,1.1145722995572381e-10,2.7001337771744535e-11,1.3793899953008705e-10,7.596170792513645e-11,0
1.5652626342120003e-06,2.9798814923859654e-05,1.0453711624602025e-09,4.043178223400163e-10,7.107648246960417e-11,2.7327105482754778e-11,8.670483760207128e-11,6.006332795344856e-11,0
4.4730054212353206e-08,2.6227716035329758e-05,7.387465148207189e-10,1.7673595223022175e-10,5.967032550399078e-11,2.683097001874256e-11,2.2219141789976847e-10,2.2528945889685707e-10,0
5.401027146033937e-09,3.443474537418738e-05,1.8121776067887121e-09,1.7541964258328883e-09,1.6647611352544226e-10,3.875590795096988e-11,1.0808950908819087e-10,5.439470152265609e-11,0
-7.016809344926765e-08,1.864973030662491e-05,3.5880199647656923e-10,1.317708489494342e-10,5.4637205104969e-11,2.1365540897610754e-11,5.425584829835811e-11,3.768850567789135e-11,0
-1.7987541199192005e-07,2.046964519203322e-05,4.595152752143237e-10,2.6083843864517466e-10,4.533799040171185e-11,2.157501490194596e-11,6.11160368232543e-11,3.888903224892875e-11,0
-1.1620584991768534e-07,1.9988274299012743e-05,4.20696351580241e-10,2.2024042389407794e-10,6.324713084220021e-11,2.0073520973268167e-11,5.773389627025077e-11,4.624293470907005e-11,0
2.7501773827996184e-07,2.451658365758909e-05,7.721727018916322e-10,8.082559672912762e-11,4.820568076521143e-11,2.3705517809188118e-11,6.395119871362601e-11,4.456856054973714e-11,0
6.085760868154317e-08,3.154380826167407e-05,1.4329771907857683e-09,1.028037556555964e-09,1.0494355534557302e-10,2.7437792190804643e-11,6.328927962654052e-11,4.2402737643995366e-11,0
-1.3158868592902687e-07,1.7875180148818237e-05,3.2971110950341564e-10,1.39956248302947e-10,3.658607125497684e-11,2.3182430362237853e-11,5.30066556806218e-11,3.6831034708537774e-11,0
3.403477046937723e-07,3.99846555071116e-05,2.130321880829442e-09,9.762164786187945e-10,1.7728089349537585e-10,2.988812694512087e-11,6.024082671808463e-11,3.6484906837462094e-11,0
-4.536072322692511e-07,2.1101409517044553e-05,4.816970525201414e-10,2.3089336974077944e-10,6.885987052156259e-11,1.8263369036102595e-11,5.6523387386360444e-11,4.010817269420532e-11,0
-2.2744331042294626e-08,5.3394575303228034e-05,4.346411264243174e-09,4.193065367522955e-09,4.67764981399248e-10,4.931620653334706e-11,9.999912311791524e-11,5.948197019055754e-11,0
-3.393352969034587e-07,3.4246661056577354e-05,1.6412094380832967e-09,8.126233568863582e-10,1.857639417230458e-10,3.153700739992695e-11,6.626877152312121e-11,4.6798083175921736e-11,0
4.447637790838404e-07,2.8063270186345287e-05,9.190654612905392e-10,5.836442102423419e-10,1.2272406911937789e-10,3.098314502125228e-11,7.062807624172143e-11,4.7021705368858187e-11,0
5.280415071590369e-07,3.910504435874311e-05,2.2774993408964665e-09,1.9377016247295046e-09,3.4789133164216006e-10,4.10305645092072e-11,5.797518436371636e-11,4.0082311766308354e-11,0
4.4939138329086e-07,4.8076726350021706e-05,3.3472308769854768e-09,1.801750195803777e-09,2.5345406293849784e-10,2.014474319633497e-11,6.033197845607261e-11,4.378948864728317e-11,0
-7.496493869065065e-08,5.6900044324968264e-05,4.59850199070688e-09,1.9311228004004922e-09,3.290588447976859e-10,5.5833232668202044e-11,1.4713820712625506e-10,1.0608440962922333e-10,0
-3.1583045298025724e-07,5.128457060233566e-05,3.263501937448938e-09,1.0700236618657544e-09,1.4826920690776746e-10,4.571295908075602e-11,3.855795231904984e-10,3.512699118499893e-10,0
-1.3202465151862796e-06,4.7424541805422e-05,2.8517876894211717e-09,2.2989972387011926e-09,2.838828960156513e-10,5.835848855077515e-11,2.1864697353161923e-10,1.7523926731906807e-10,0
8.561227577464374e-07,4.85602123866123e-05,3.2918093036986995e-09,1.9953652734290075e-09,4.357746667978639e-10,4.1807022513408506e-11,1.4232460330208127e-10,1.1712747254881935e-10,0
4.934572233729481e-08,3.0356278701910636e-05,1.093689359198636e-09,7.808780220588254e-10,1.306480042475763e-10,3.7396074802041124e-11,1.0486657449095382e-10,7.541345959072468e-11,0
-3.8035272296811684e-08,2.2787749750924218e-05,5.731853967976707e-10,2.6215343250398976e-10,4.1528869538845824e-11,1.989767985981222e-11,9.836774414585352e-11,8.130382288671598e-11,0
5.503238680537953e-08,2.0321988062123778e-05,4.272521741187176e-10,1.1021463824815729e-10,4.9187783218006585e-11,1.983077308783263e-11,1.1451512954916893e-10,8.356984791394477e-11,0
-2.2890420639960865e-07,1.9486063463938236e-05,3.917732900838029e-10,1.2604621282300796e-10,4.611878612699806e-11,1.783772622927421e-11,1.0697743015868282e-10,7.077967449154574e-11,0
1.1939892558615959e-08,2.033355310692854e-05,4.2683244021015e-10,1.5670302322347952e-10,5.4647085010349184e-11,1.9432354731245613e-11,9.980721495493056e-11,6.373846974942436e-11,0
-1.0478823458308593e-07,2.414242734925308e-05,7.061183561134924e-10,3.934095433935344e-10,1.0495147516932465e-10,2.7021718490796156e-11,1.1265656000848789e-10,7.460416786325648e-11,0
1.3295520375334389e-08,2.430078291889241e-05,7.278544667816041e-10,4.957777459453161e-10,1.6649972196526997e-10,4.2241986096200236e-11,9.518212235941119e-11,7.375732889984077e-11,0
-9.573438500919578e-08,2.315248044170677e-05,5.615832390007298e-10,2.3066243878894887e-10,6.227327854016812e-11,2.7304924657975814e-11,1.0687987010842443e-10,6.898761781885313e-11,0
1.1188198684386486e-07,2.2658946113877136e-05,5.742340902611574e-10,1.9058956312221777e-10,5.792522309359853e-11,2.7407683091075955e-11,8.436847902094815e-11,5.832816997505746e-11,0
-4.2446284644467446e-08,1.8189914495067497e-05,3.431770406302411e-10,1.0405498434812037e-10,4.0453034153225166e-11,2.0365736678695812e-11,6.991202126024117e-11,5.181315710694113e-11,0
-4.0754144297885224e-08,2.2377754052451704e-05,5.520466138785753e-10,2.9977008678936796e-10,6.809306665385436e-11,3.078038377462167e-11,8.466750329554512e-11,5.637278414344777e-11,0
2.7212175862978324e-07,1.82184333393129e-05,3.416005903668201e-10,1.2835887280111587e-10,4.741717844151368e-11,2.1933194256304925e-11,7.757076142470146e-11,5.149705456983543e-11,0
-1.911898936191581e-07,2.015451429616014e-05,4.19573613847575e-10,1.3676448372397257e-10,5.2656262573018373e-11,2.1318624430974487e-11,9.955516583381592e-11,7.177524468765859e-11,0
4.552387543563219e-08,1.8152722260005057e-05,3.494118353486186e-10,1.4999281735686617e-10,5.395827204956586e-11,2.0412599405074868e-11,7.856039884259977e-11,5.0793595093660595e-11,0
2.6712971138061144e-07,1.81443227711669e-05,3.3803083155792034e-10,1.0738583695186552e-10,4.063680973776907e-11,1.9072376901423627e-11,7.493374629929373e-11,4.863284419961294e-11,0
1.6485041040970222e-07,1.900343349027159e-05,3.778877873094146e-10,9.315005314287584e-11,4.8946505006579286e-11,1.988426240444514e-11,8.15038185960698e-11,5.763714070156066e-11,0
-2.177566612236656e-07,1.8351445506779272e-05,3.556289206902061e-10,1.095331466542535e-10,4.0269719478416845e-11,1.6905061541635072e-11,7.839167724488328e-11,5.029791193397057e-11,0
1.170078613873401e-07,1.938659329177049e-05,4.043466695804219e-10,1.396546140937566e-10,4.190320696812591e-11,1.5726510664273057e-11,8.308556267742202e-11,5.458138368321769e-11,0
-6.164209198318995e-08,3.0006121613522398e-05,1.3467554568001127e-09,9.619910877199515e-10,1.4738124097638376e-10,3.540517212754963e-11,8.07941264078874e-11,4.470297744311597e-11,0
2.1435269540802275e-07,1.7090928763407162e-05,3.0772292471967573e-10,8.796676107092358e-11,3.439773243327039e-11,2.3588154190579605e-11,7.318400723924607e-11,4.7334950727161785e-11,0
-2.485644231892089e-07,2.0458052661468986e-05,4.625510314269883e-10,1.4619554382865973e-10,6.197571250512947e-11,2.106795162622926e-11,7.347667942684786e-11,4.6694796170967446e-11,0
-2.897335240891632e-07,1.7010496710148694e-05,3.007427178841539e-10,8.695256020051818e-11,3.738669439693861e-11,2.0578476187356716e-11,6.759217040411329e-11,4.136062352598075e-11,0
9.252479589017939e-08,2.1610750372858804e-05,4.880049840178921e-10,1.8986951600451092e-10,7.675349827609307e-11,2.391080589973686e-11,6.28340971981125e-11,3.941554312430946e-11,0
-4.366838606650814e-07,1.7610068222682826e-05,3.2033732030942113e-10,9.32823230946612e-11,6.400946730234889e-11,1.7415291212663804e-11,5.94530257563851e-11,3.951387181134273e-11,0
6.161708202442103e-07,4.085176102025987e-05,2.176977187588611e-09,2.1771171383923523e-09,2.343062245425552e-10,8.224292118983856e-11,1.0276638325341386e-10,7.001146074155647e-11,0
-7.594334965262751e-07,2.9697137509488094e-05,1.1496745714082015e-09,1.1327556477544544e-09,7.996035315981272e-11,2.090380695919725e-11,5.998555561679532e-11,4.0862183981440654e-11,0
-2.936312980382888e-07,5.1801624461573286e-05,3.3017231769228283e-09,1.708841582927756e-09,2.267117129670868e-10,4.2707788090691775e-11,2.0149025885517876e-10,3.0137852278080443e-10,0
1.3172346822175965e-06,3.2135252367132424e-05,1.2550029144362563e-09,5.235468463608014e-10,1.430075779384211e-10,3.7182225748209685e-11,2.127019705469399e-10,1.6987514684344664e-10,0
-1.5485750131669912e-07,4.343418835201744e-05,2.970091463771501e-09,1.2688668248852465e-09,1.6760437258393209e-10,6.497664351373688e-11,2.883493318953429e-10,2.8592682868468926e-10,0
6.724172852116482e-08,2.0992316781767743e-05,5.038475526653299e-10,9.944497754654653e-11,5.0716988492393315e-11,2.8625174234271303e-11,1.518283678894994e-10,9.859840998304488e-11,0
-4.330004772586013e-07,2.0198352634420523e-05,4.536688529471568e-10,1.1123316935657536e-10,5.1766261805597576e-11,2.4341641397645548e-11,1.2743248692669178e-10,1.013658413463289e-10,0
-9.11430613361821e-08,2.0761824675915613e-05,4.876781041688865e-10,1.0369954080828099e-10,4.767057693170329e-11,2.0909133439374582e-11,1.7546459172792838e-10,1.175050280774541e-10,0
-2.230441986315765e-07,1.994716955668133e-05,4.4396016038479157e-10,1.196172761101968e-10,4.56358824800439e-11,2.44168536245047e-11,1.3082919569846667e-10,7.29241072606699e-11,0
4.601794789681559e-07,1.9781381200809124e-05,4.2015715411045857e-10,1.099293195001916e-10,3.534720336064886e-11,2.8299006197944686e-11,1.2864933153289102e-10,7.117413322217628e-11,0
-1.3612007410376297e-07,1.8866951726092218e-05,3.948772495881712e-10,7.885855566415184e-11,5.5089215963137485e-11,2.0414824105537254e-11,1.2768323810034043e-10,7.767208330071634e-11,0
-1.6911719818723753e-07,1.9392085764454607e-05,4.331215852148275e-10,1.4147234681141915e-10,6.429009531977792e-11,3.2528352058537674e-11,1.152640372475163e-10,6.405252074240687e-11,0
1.2427371213770755e-07,1.966704225971774e-05,4.206188954457193e-10,1.0955531688016482e-10,4.717177149292004e-11,2.6664874436222922e-11,1.1247881073375084e-10,7.798769556006418e-11,0
3.2861385158417085e-07,1.9445610356676046e-05,4.0625354554534357e-10,1.1594979000842766e-10,4.0043946532413704e-11,1.9485605459968454e-11,1.1263242140590706e-10,6.894531385288725e-11,0
-1.333535748337491e-07,1.873745755102914e-05,3.8366875224971195e-10,1.0012724560074777e-10,4.303539408860081e-11,2.0086166839692293e-11,1.0938069330326027e-10,6.292487594664731e-11,0
-4.698930839191412e-08,1.853242850665311e-05,3.630020701971217e-10,1.4286302765840083e-10,5.0757221311445604e-11,2.5765055487493647e-11,7.583585641587844e-11,4.895485364001749e-11,0
9.585847707201477e-08,1.769903329138345e-05,3.269647515032546e-10,1.0698330228178127e-10,4.68562156713524e-11,2.3620788998137675e-11,6.680148900543218e-11,4.3908807638761635e-11,0
9.364735022505664e-08,2.1916376761520153e-05,4.97016644182462e-10,1.7461365145312535e-10,6.127013333322156e-11,2.317367157626675e-11,1.1240068909849301e-10,9.100860749477747e-11,0
1.1532378881343759e-08,1.9956276259615864e-05,4.106809782191783e-10,1.6295133594718042e-10,5.4105265200951615e-11,2.0026251443521596e-11,6.425284452931374e-11,4.347854916475592e-11,0
-6.847880650063507e-07,2.7456295174406564e-05,9.724724865321718e-10,4.977939061382792e-10,7.826048779890371e-11,2.967087876276758e-11,5.892309465051967e-11,4.475109740333934e-11,0
5.513620816867306e-07,1.8997852594479607e-05,3.7190461177021034e-10,1.3129652794785463e-10,3.8740538214055983e-11,1.9760313250564815e-11,6.537820186590369e-11,4.826373291251086e-11,0
-2.450745342877827e-07,1.7397318646312176e-05,3.1440956270783587e-10,9.240089975123939e-11,5.045373027401039e-11,2.1287587937815245e-11,7.396743266383397e-11,4.661104671947337e-11,0
3.81648827718344e-07,1.6790992907465242e-05,2.974402375155971e-10,7.643184992898184e-11,3.6201300682938986e-11,2.25399278163814e-11,7.82130882020897e-11,5.011253345645259e-11,0
-4.632987067688287e-07,1.7913328540148564e-05,3.300046851185367e-10,8.330882755745534e-11,4.923868756239971e-11,2.2714622739606184e-11,7.382227632865626e-11,4.599758781198099e-11,0
6.260565050959003e-07,2.695762511995195e-05,9.758310504977854e-10,5.566111914609505e-10,7.265501555712434e-11,2.3407611386058763e-11,8.305821789247864e-11,5.473175003547953e-11,0
-3.282392891006845e-07,1.920955217669504e-05,3.8584372466309733e-10,1.1628995818479921e-10,5.2043875494286715e-11,3.09594719941516e-11,8.850233282691392e-11,7.194455689203609e-11,0
-1.3214671712895397e-07,1.7667426505952472e-05,3.288724475124105e-10,1.0130665693989976e-10,4.560846014252772e-11,1.906310899586043e-11,8.860963736009825e-11,5.346402171547341e-11,0
-9.542571117149005e-08,3.5351723128321445e-05,1.5177034993457935e-09,1.351621806155097e-09,2.3015419439454143e-10,3.530943685662224e-11,1.0229631774949959e-10,6.326585017889471e-11,0
5.6120678313087e-07,3.3450377364119485e-05,1.4582181831808994e-09,1.6675125193527396e-10,7.11421916797857e-11,2.2047978415298625e-11,1.3107360912958857e-10,8.949523265613767e-11,0
-1.0247249022399193e-07,1.8255482382016822e-05,3.4326305002202555e-10,1.0067721805626479e-10,5.6183721192937205e-11,2.4647008828117096e-11,8.132086307237908e-11,4.588156161270519e-11,0
-2.847679760757196e-07,1.8625657008524607e-05,3.600312150953173e-10,1.1771534069577455e-10,4.570207156035436e-11,1.6050731771854842e-11,7.849345811573022e-11,4.70285964590743e-11,0
-5.080673716242788e-08,1.945305807317649e-05,4.0966007165916333e-10,8.813568778265308e-11,4.962935545077254e-11,2.2986771990938447e-11,1.1650530824711773e-10,8.014857159199118e-11,0
-3.8714807647761295e-07,3.641865153903502e-05,1.8548798360423622e-09,1.537629561519995e-09,1.6559737877999456e-10,3.5212119247989836e-11,1.193316514229296e-10,8.216060929355045e-11,0
3.9954989709067403e-07,3.300613654599954e-05,1.4129071169113163e-09,2.857752283067289e-10,5.988124009286617e-11,2.6973174417245784e-11,8.717196499103052e-11,5.0978382102950793e-11,0
1.329806771694765e-08,1.746520302308359e-05,3.2381428106345114e-10,7.088604915196779e-11,3.899109208310971e-11,3.1391118192045844e-11,8.584866379035276e-11,5.41989411841704e-11,0
-2.011608608976497e-07,2.063573072044808e-05,4.4490709211265654e-10,1.6450671228591655e-10,5.431456275080037e-11,2.3648486852214347e-11,8.813645399736521e-11,5.205645264837762e-11,0
1.9101734041587614e-07,1.8863434253289715e-05,3.8433791349923976e-10,7.94538005714733e-11,5.24047374305694e-11,2.5187135015621596e-11,1.1949310431526446e-10,8.761680743057548e-11,0
3.594710557077573e-07,1.8211652337448984e-05,3.536482608172008e-10,8.649005360334475e-11,4.425343229513534e-11,2.159641927808827e-11,1.0024409323339485e-10,6.142454971773799e-11,0
1.1256333231505907e-06,2.3212425434137237e-05,6.649571254615647e-10,9.591858623533467e-11,4.129774916151611e-11,2.3805804019114497e-11,1.4497153090612103e-10,6.560626183395663e-11,0
-1.0460263220505298e-06,2.131695841231372e-05,5.047444482669914e-10,1.1763029184680393e-10,5.711436275056786e-11,2.420675489794091e-11,1.1901539928846172e-10,5.879380017946227e-11,0
-7.303520058557609e-07,2.3211825589809423e-05,5.752403660779212e-10,2.0842191056953085e-10,6.603680804846647e-11,3.571432647624352e-11,9.676850561503709e-11,5.35298502722624e-11,0
4.937205426055584e-07,2.8252844848361066e-05,8.938529560359464e-10,4.0616540142198514e-10,7.209151560718819e-11,2.1025534431193845e-11,1.325791939452271e-10,8.216184471711673e-11,0
4.2934209425014617e-07,2.5019819252402248e-05,6.767358820470321e-10,2.917929616751777e-10,6.868515326743565e-11,2.999041562051444e-11,1.0907681150970589e-10,7.03244752900688e-11,0
-9.941825716047245e-07,2.5610771913009935e-05,7.199024028682171e-10,2.409650755569287e-10,5.540287421111582e-11,2.0588906658033963e-11,6.685288518074866e-11,4.4345686425785396e-11,0
1.7245342720830782e-07,4.132953692928703e-05,2.3328430819322596e-09,1.4697446004911283e-09,2.2724028099296926e-10,5.43414797806459e-11,8.656744210296012e-11,5.90383519732504e-11,0
1.3342937177152964e-07,2.7738930964858542e-05,9.040603309885143e-10,5.21934255589046e-10,1.4211014391186935e-10,3.8152426149814975e-11,9.350549231742791e-11,5.626347193394173e-11,0
-5.784724997450206e-08,2.148530889351608e-05,5.016228364257633e-10,1.529105336028174e-10,1.0607725660420076e-10,4.212958339783554e-11,9.719332677212674e-11,5.934674458790877e-11,0
1.8967956658126228e-07,1.8687764249150075e-05,3.6243499353634276e-10,1.0898687524637774e-10,4.963150317476928e-11,2.2778840897534515e-11,9.500333594399403e-11,6.167462378619083e-11,0
-5.6130953900899316e-08,1.790083110314276e-05,3.3569636832919954e-10,8.393577531574398e-11,4.4581311575358164e-11,2.224723806689169e-11,9.223728629598856e-11,5.4193114863152594e-11,0
-8.107908533879217e-08,1.871380340633219e-05,3.7502333273395586e-10,1.0016970324005247e-10,3.956787394671513e-11,2.4740618978816776e-11,1.0437345729700323e-10,6.982331299360639e-11,0
8.236126591106246e-08,1.9778890318727243e-05,4.080027178055462e-10,9.91955148246889e-11,7.710940061012004e-11,2.3386910486272472e-11,9.977221276934153e-11,5.6460555269876226e-11,0
4.231255450243375e-09,2.0907984523753495e-05,4.813365777845446e-10,1.6015308980699387e-10,5.558377575302296e-11,2.7422122050975956e-11,8.405899606194447e-11,4.4582274436885693e-11,0
7.731375802381902e-09,1.7317294626834676e-05,3.0838672443558106e-10,1.1698112570211774e-10,4.0270323364933506e-11,2.473583840749676e-11,5.90304603611613e-11,3.811083726680125e-11,0
1.266072132535793e-07,1.707345492063044e-05,3.0548974824903253e-10,1.0234432519077683e-10,3.537823656711492e-11,1.7642186919152675e-11,5.833315443494125e-11,4.352652828600579e-11,0
2.2955384870862236e-07,1.9307007808948004e-05,4.049689886175351e-10,1.7796460561557472e-10,1.0138809043551776e-10,2.2515631544639036e-11,6.217010423140464e-11,3.963772263057272e-11,0
-3.8132468531434285e-07,1.6992084814040037e-05,3.022745095900046e-10,8.820376317042034e-11,4.300344571010302e-11,1.4882830394433504e-11,6.087466828650463e-11,3.8803650558538385e-11,0
1.2418640481540308e-07,1.6452284638940704e-05,2.8113194522440637e-10,8.32351644532337e-11,4.150855485224209e-11,1.7426296444381018e-11,6.75842269345128e-11,4.768665805518397e-11,0
2.7530176448069024e-06,3.201418841145742e-05,1.5358260407447237e-09,8.68174223770708e-10,9.070920385177139e-11,2.059259819978168e-11,5.742060843840803e-11,3.7904706363858413e-11,0
-1.857365442701248e-06,3.634672443230079e-05,1.865854532134002e-09,9.854488306925778e-10,1.1001726976965703e-10,3.616247828157027e-11,9.91482450509195e-11,7.006493546809103e-11,0
-1.7232328900844987e-06,2.0308118536314295e-05,4.4407724155900223e-10,1.0245784398139258e-10,4.2791540894392926e-11,2.4349438747584535e-11,6.741941837023084e-11,4.2619797701777e-11,0
