file,window_start,window_end,label
chb01_01.edf,0.0,4.0,0
chb01_01.edf,4.0,8.0,0
chb01_01.edf,8.0,12.0,0
chb01_01.edf,12.0,16.0,0
chb01_01.edf,16.0,20.0,0
chb01_01.edf,20.0,24.0,0
chb01_01.edf,24.0,28.0,0
chb01_01.edf,28.0,32.0,0
chb01_01.edf,32.0,36.0,0
chb01_01.edf,36.0,40.0,0
chb01_01.edf,40.0,44.0,0
chb01_01.edf,44.0,48.0,0
chb01_01.edf,48.0,52.0,0
chb01_01.edf,52.0,56.0,0
chb01_01.edf,56.0,60.0,0
chb01_01.edf,60.0,64.0,0
chb01_01.edf,64.0,68.0,0
chb01_01.edf,68.0,72.0,0
chb01_01.edf,72.0,76.0,0
chb01_01.edf,76.0,80.0,0
chb01_01.edf,80.0,84.0,0
chb01_01.edf,84.0,88.0,0
chb01_01.edf,88.0,92.0,0
chb01_01.edf,92.0,96.0,0
chb01_01.edf,96.0,100.0,0
chb01_01.edf,100.0,104.0,0
chb01_01.edf,104.0,108.0,0
chb01_01.edf,108.0,112.0,0
chb01_01.edf,112.0,116.0,0
chb01_01.edf,116.0,120.0,0
chb01_01.edf,120.0,124.0,0
chb01_01.edf,124.0,128.0,0
chb01_01.edf,128.0,132.0,0
chb01_01.edf,132.0,136.0,0
chb01_01.edf,136.0,140.0,0
chb01_01.edf,140.0,144.0,0
chb01_01.edf,144.0,148.0,0
chb01_01.edf,148.0,152.0,0
chb01_01.edf,152.0,156.0,0
chb01_01.edf,156.0,160.0,0
chb01_01.edf,160.0,164.0,0
chb01_01.edf,164.0,168.0,0
chb01_01.edf,168.0,172.0,0
chb01_01.edf,172.0,176.0,0
chb01_01.edf,176.0,180.0,0
chb01_01.edf,180.0,184.0,0
chb01_01.edf,184.0,188.0,0
chb01_01.edf,188.0,192.0,0
chb01_01.edf,192.0,196.0,0
chb01_01.edf,196.0,200.0,0
chb01_01.edf,200.0,204.0,0
chb01_01.edf,204.0,208.0,0
chb01_01.edf,208.0,212.0,0
chb01_01.edf,212.0,216.0,0
chb01_01.edf,216.0,220.0,0
chb01_01.edf,220.0,224.0,0
chb01_01.edf,224.0,228.0,0
chb01_01.edf,228.0,232.0,0
chb01_01.edf,232.0,236.0,0
chb01_01.edf,236.0,240.0,0
chb01_01.edf,240.0,244.0,0
chb01_01.edf,244.0,248.0,0
chb01_01.edf,248.0,252.0,0
chb01_01.edf,252.0,256.0,0
chb01_01.edf,256.0,260.0,0
chb01_01.edf,260.0,264.0,0
chb01_01.edf,264.0,268.0,0
chb01_01.edf,268.0,272.0,0
chb01_01.edf,272.0,276.0,0
chb01_01.edf,276.0,280.0,0
chb01_01.edf,280.0,284.0,0
chb01_01.edf,284.0,288.0,0
chb01_01.edf,288.0,292.0,0
chb01_01.edf,292.0,296.0,0
chb01_01.edf,296.0,300.0,0
chb01_01.edf,300.0,304.0,0
chb01_01.edf,304.0,308.0,0
chb01_01.edf,308.0,312.0,0
chb01_01.edf,312.0,316.0,0
chb01_01.edf,316.0,320.0,0
chb01_01.edf,320.0,324.0,0
chb01_01.edf,324.0,328.0,0
chb01_01.edf,328.0,332.0,0
chb01_01.edf,332.0,336.0,0
chb01_01.edf,336.0,340.0,0
chb01_01.edf,340.0,344.0,0
chb01_01.edf,344.0,348.0,0
chb01_01.edf,348.0,352.0,0
chb01_01.edf,352.0,356.0,0
chb01_01.edf,356.0,360.0,0
chb01_01.edf,360.0,364.0,0
chb01_01.edf,364.0,368.0,0
chb01_01.edf,368.0,372.0,0
chb01_01.edf,372.0,376.0,0
chb01_01.edf,376.0,380.0,0
chb01_01.edf,380.0,384.0,0
chb01_01.edf,384.0,388.0,0
chb01_01.edf,388.0,392.0,0
chb01_01.edf,392.0,396.0,0
chb01_01.edf,396.0,400.0,0
chb01_01.edf,400.0,404.0,0
chb01_01.edf,404.0,408.0,0
chb01_01.edf,408.0,412.0,0
chb01_01.edf,412.0,416.0,0
chb01_01.edf,416.0,420.0,0
chb01_01.edf,420.0,424.0,0
chb01_01.edf,424.0,428.0,0
chb01_01.edf,428.0,432.0,0
chb01_01.edf,432.0,436.0,0
chb01_01.edf,436.0,440.0,0
chb01_01.edf,440.0,444.0,0
chb01_01.edf,444.0,448.0,0
chb01_01.edf,448.0,452.0,0
chb01_01.edf,452.0,456.0,0
chb01_01.edf,456.0,460.0,0
chb01_01.edf,460.0,464.0,0
chb01_01.edf,464.0,468.0,0
chb01_01.edf,468.0,472.0,0
chb01_01.edf,472.0,476.0,0
chb01_01.edf,476.0,480.0,0
chb01_01.edf,480.0,484.0,0
chb01_01.edf,484.0,488.0,0
chb01_01.edf,488.0,492.0,0
chb01_01.edf,492.0,496.0,0
chb01_01.edf,496.0,500.0,0
chb01_01.edf,500.0,504.0,0
chb01_01.edf,504.0,508.0,0
chb01_01.edf,508.0,512.0,0
chb01_01.edf,512.0,516.0,0
chb01_01.edf,516.0,520.0,0
chb01_01.edf,520.0,524.0,0
chb01_01.edf,524.0,528.0,0
chb01_01.edf,528.0,532.0,0
chb01_01.edf,532.0,536.0,0
chb01_01.edf,536.0,540.0,0
chb01_01.edf,540.0,544.0,0
chb01_01.edf,544.0,548.0,0
chb01_01.edf,548.0,552.0,0
chb01_01.edf,552.0,556.0,0
chb01_01.edf,556.0,560.0,0
chb01_01.edf,560.0,564.0,0
chb01_01.edf,564.0,568.0,0
chb01_01.edf,568.0,572.0,0
chb01_01.edf,572.0,576.0,0
chb01_01.edf,576.0,580.0,0
chb01_01.edf,580.0,584.0,0
chb01_01.edf,584.0,588.0,0
chb01_01.edf,588.0,592.0,0
chb01_01.edf,592.0,596.0,0
chb01_01.edf,596.0,600.0,0
chb01_01.edf,600.0,604.0,0
chb01_01.edf,604.0,608.0,0
chb01_01.edf,608.0,612.0,0
chb01_01.edf,612.0,616.0,0
chb01_01.edf,616.0,620.0,0
chb01_01.edf,620.0,624.0,0
chb01_01.edf,624.0,628.0,0
chb01_01.edf,628.0,632.0,0
chb01_01.edf,632.0,636.0,0
chb01_01.edf,636.0,640.0,0
chb01_01.edf,640.0,644.0,0
chb01_01.edf,644.0,648.0,0
chb01_01.edf,648.0,652.0,0
chb01_01.edf,652.0,656.0,0
chb01_01.edf,656.0,660.0,0
chb01_01.edf,660.0,664.0,0
chb01_01.edf,664.0,668.0,0
chb01_01.edf,668.0,672.0,0
chb01_01.edf,672.0,676.0,0
chb01_01.edf,676.0,680.0,0
chb01_01.edf,680.0,684.0,0
chb01_01.edf,684.0,688.0,0
chb01_01.edf,688.0,692.0,0
chb01_01.edf,692.0,696.0,0
chb01_01.edf,696.0,700.0,0
chb01_01.edf,700.0,704.0,0
chb01_01.edf,704.0,708.0,0
chb01_01.edf,708.0,712.0,0
chb01_01.edf,712.0,716.0,0
chb01_01.edf,716.0,720.0,0
chb01_01.edf,720.0,724.0,0
chb01_01.edf,724.0,728.0,0
chb01_01.edf,728.0,732.0,0
chb01_01.edf,732.0,736.0,0
chb01_01.edf,736.0,740.0,0
chb01_01.edf,740.0,744.0,0
chb01_01.edf,744.0,748.0,0
chb01_01.edf,748.0,752.0,0
chb01_01.edf,752.0,756.0,0
chb01_01.edf,756.0,760.0,0
chb01_01.edf,760.0,764.0,0
chb01_01.edf,764.0,768.0,0
chb01_01.edf,768.0,772.0,0
chb01_01.edf,772.0,776.0,0
chb01_01.edf,776.0,780.0,0
chb01_01.edf,780.0,784.0,0
chb01_01.edf,784.0,788.0,0
chb01_01.edf,788.0,792.0,0
chb01_01.edf,792.0,796.0,0
chb01_01.edf,796.0,800.0,0
chb01_01.edf,800.0,804.0,0
chb01_01.edf,804.0,808.0,0
chb01_01.edf,808.0,812.0,0
chb01_01.edf,812.0,816.0,0
chb01_01.edf,816.0,820.0,0
chb01_01.edf,820.0,824.0,0
chb01_01.edf,824.0,828.0,0
chb01_01.edf,828.0,832.0,0
chb01_01.edf,832.0,836.0,0
chb01_01.edf,836.0,840.0,0
chb01_01.edf,840.0,844.0,0
chb01_01.edf,844.0,848.0,0
chb01_01.edf,848.0,852.0,0
chb01_01.edf,852.0,856.0,0
chb01_01.edf,856.0,860.0,0
chb01_01.edf,860.0,864.0,0
chb01_01.edf,864.0,868.0,0
chb01_01.edf,868.0,872.0,0
chb01_01.edf,872.0,876.0,0
chb01_01.edf,876.0,880.0,0
chb01_01.edf,880.0,884.0,0
chb01_01.edf,884.0,888.0,0
chb01_01.edf,888.0,892.0,0
chb01_01.edf,892.0,896.0,0
chb01_01.edf,896.0,900.0,0
chb01_01.edf,900.0,904.0,0
chb01_01.edf,904.0,908.0,0
chb01_01.edf,908.0,912.0,0
chb01_01.edf,912.0,916.0,0
chb01_01.edf,916.0,920.0,0
chb01_01.edf,920.0,924.0,0
chb01_01.edf,924.0,928.0,0
chb01_01.edf,928.0,932.0,0
chb01_01.edf,932.0,936.0,0
chb01_01.edf,936.0,940.0,0
chb01_01.edf,940.0,944.0,0
chb01_01.edf,944.0,948.0,0
chb01_01.edf,948.0,952.0,0
chb01_01.edf,952.0,956.0,0
chb01_01.edf,956.0,960.0,0
chb01_01.edf,960.0,964.0,0
chb01_01.edf,964.0,968.0,0
chb01_01.edf,968.0,972.0,0
chb01_01.edf,972.0,976.0,0
chb01_01.edf,976.0,980.0,0
chb01_01.edf,980.0,984.0,0
chb01_01.edf,984.0,988.0,0
chb01_01.edf,988.0,992.0,0
chb01_01.edf,992.0,996.0,0
chb01_01.edf,996.0,1000.0,0
chb01_01.edf,1000.0,1004.0,0
chb01_01.edf,1004.0,1008.0,0
chb01_01.edf,1008.0,1012.0,0
chb01_01.edf,1012.0,1016.0,0
chb01_01.edf,1016.0,1020.0,0
chb01_01.edf,1020.0,1024.0,0
chb01_01.edf,1024.0,1028.0,0
chb01_01.edf,1028.0,1032.0,0
chb01_01.edf,1032.0,1036.0,0
chb01_01.edf,1036.0,1040.0,0
chb01_01.edf,1040.0,1044.0,0
chb01_01.edf,1044.0,1048.0,0
chb01_01.edf,1048.0,1052.0,0
chb01_01.edf,1052.0,1056.0,0
chb01_01.edf,1056.0,1060.0,0
chb01_01.edf,1060.0,1064.0,0
chb01_01.edf,1064.0,1068.0,0
chb01_01.edf,1068.0,1072.0,0
chb01_01.edf,1072.0,1076.0,0
chb01_01.edf,1076.0,1080.0,0
chb01_01.edf,1080.0,1084.0,0
chb01_01.edf,1084.0,1088.0,0
chb01_01.edf,1088.0,1092.0,0
chb01_01.edf,1092.0,1096.0,0
chb01_01.edf,1096.0,1100.0,0
chb01_01.edf,1100.0,1104.0,0
chb01_01.edf,1104.0,1108.0,0
chb01_01.edf,1108.0,1112.0,0
chb01_01.edf,1112.0,1116.0,0
chb01_01.edf,1116.0,1120.0,0
chb01_01.edf,1120.0,1124.0,0
chb01_01.edf,1124.0,1128.0,0
chb01_01.edf,1128.0,1132.0,0
chb01_01.edf,1132.0,1136.0,0
chb01_01.edf,1136.0,1140.0,0
chb01_01.edf,1140.0,1144.0,0
chb01_01.edf,1144.0,1148.0,0
chb01_01.edf,1148.0,1152.0,0
chb01_01.edf,1152.0,1156.0,0
chb01_01.edf,1156.0,1160.0,0
chb01_01.edf,1160.0,1164.0,0
chb01_01.edf,1164.0,1168.0,0
chb01_01.edf,1168.0,1172.0,0
chb01_01.edf,1172.0,1176.0,0
chb01_01.edf,1176.0,1180.0,0
chb01_01.edf,1180.0,1184.0,0
chb01_01.edf,1184.0,1188.0,0
chb01_01.edf,1188.0,1192.0,0
chb01_01.edf,1192.0,1196.0,0
chb01_01.edf,1196.0,1200.0,0
chb01_01.edf,1200.0,1204.0,0
chb01_01.edf,1204.0,1208.0,0
chb01_01.edf,1208.0,1212.0,0
chb01_01.edf,1212.0,1216.0,0
chb01_01.edf,1216.0,1220.0,0
chb01_01.edf,1220.0,1224.0,0
chb01_01.edf,1224.0,1228.0,0
chb01_01.edf,1228.0,1232.0,0
chb01_01.edf,1232.0,1236.0,0
chb01_01.edf,1236.0,1240.0,0
chb01_01.edf,1240.0,1244.0,0
chb01_01.edf,1244.0,1248.0,0
chb01_01.edf,1248.0,1252.0,0
chb01_01.edf,1252.0,1256.0,0
chb01_01.edf,1256.0,1260.0,0
chb01_01.edf,1260.0,1264.0,0
chb01_01.edf,1264.0,1268.0,0
chb01_01.edf,1268.0,1272.0,0
chb01_01.edf,1272.0,1276.0,0
chb01_01.edf,1276.0,1280.0,0
chb01_01.edf,1280.0,1284.0,0
chb01_01.edf,1284.0,1288.0,0
chb01_01.edf,1288.0,1292.0,0
chb01_01.edf,1292.0,1296.0,0
chb01_01.edf,1296.0,1300.0,0
chb01_01.edf,1300.0,1304.0,0
chb01_01.edf,1304.0,1308.0,0
chb01_01.edf,1308.0,1312.0,0
chb01_01.edf,1312.0,1316.0,0
chb01_01.edf,1316.0,1320.0,0
chb01_01.edf,1320.0,1324.0,0
chb01_01.edf,1324.0,1328.0,0
chb01_01.edf,1328.0,1332.0,0
chb01_01.edf,1332.0,1336.0,0
chb01_01.edf,1336.0,1340.0,0
chb01_01.edf,1340.0,1344.0,0
chb01_01.edf,1344.0,1348.0,0
chb01_01.edf,1348.0,1352.0,0
chb01_01.edf,1352.0,1356.0,0
chb01_01.edf,1356.0,1360.0,0
chb01_01.edf,1360.0,1364.0,0
chb01_01.edf,1364.0,1368.0,0
chb01_01.edf,1368.0,1372.0,0
chb01_01.edf,1372.0,1376.0,0
chb01_01.edf,1376.0,1380.0,0
chb01_01.edf,1380.0,1384.0,0
chb01_01.edf,1384.0,1388.0,0
chb01_01.edf,1388.0,1392.0,0
chb01_01.edf,1392.0,1396.0,0
chb01_01.edf,1396.0,1400.0,0
chb01_01.edf,1400.0,1404.0,0
chb01_01.edf,1404.0,1408.0,0
chb01_01.edf,1408.0,1412.0,0
chb01_01.edf,1412.0,1416.0,0
chb01_01.edf,1416.0,1420.0,0
chb01_01.edf,1420.0,1424.0,0
chb01_01.edf,1424.0,1428.0,0
chb01_01.edf,1428.0,1432.0,0
chb01_01.edf,1432.0,1436.0,0
chb01_01.edf,1436.0,1440.0,0
chb01_01.edf,1440.0,1444.0,0
chb01_01.edf,1444.0,1448.0,0
chb01_01.edf,1448.0,1452.0,0
chb01_01.edf,1452.0,1456.0,0
chb01_01.edf,1456.0,1460.0,0
chb01_01.edf,1460.0,1464.0,0
chb01_01.edf,1464.0,1468.0,0
chb01_01.edf,1468.0,1472.0,0
chb01_01.edf,1472.0,1476.0,0
chb01_01.edf,1476.0,1480.0,0
chb01_01.edf,1480.0,1484.0,0
chb01_01.edf,1484.0,1488.0,0
chb01_01.edf,1488.0,1492.0,0
chb01_01.edf,1492.0,1496.0,0
chb01_01.edf,1496.0,1500.0,0
chb01_01.edf,1500.0,1504.0,0
chb01_01.edf,1504.0,1508.0,0
chb01_01.edf,1508.0,1512.0,0
chb01_01.edf,1512.0,1516.0,0
chb01_01.edf,1516.0,1520.0,0
chb01_01.edf,1520.0,1524.0,0
chb01_01.edf,1524.0,1528.0,0
chb01_01.edf,1528.0,1532.0,0
chb01_01.edf,1532.0,1536.0,0
chb01_01.edf,1536.0,1540.0,0
chb01_01.edf,1540.0,1544.0,0
chb01_01.edf,1544.0,1548.0,0
chb01_01.edf,1548.0,1552.0,0
chb01_01.edf,1552.0,1556.0,0
chb01_01.edf,1556.0,1560.0,0
chb01_01.edf,1560.0,1564.0,0
chb01_01.edf,1564.0,1568.0,0
chb01_01.edf,1568.0,1572.0,0
chb01_01.edf,1572.0,1576.0,0
chb01_01.edf,1576.0,1580.0,0
chb01_01.edf,1580.0,1584.0,0
chb01_01.edf,1584.0,1588.0,0
chb01_01.edf,1588.0,1592.0,0
chb01_01.edf,1592.0,1596.0,0
chb01_01.edf,1596.0,1600.0,0
chb01_01.edf,1600.0,1604.0,0
chb01_01.edf,1604.0,1608.0,0
chb01_01.edf,1608.0,1612.0,0
chb01_01.edf,1612.0,1616.0,0
chb01_01.edf,1616.0,1620.0,0
chb01_01.edf,1620.0,1624.0,0
chb01_01.edf,1624.0,1628.0,0
chb01_01.edf,1628.0,1632.0,0
chb01_01.edf,1632.0,1636.0,0
chb01_01.edf,1636.0,1640.0,0
chb01_01.edf,1640.0,1644.0,0
chb01_01.edf,1644.0,1648.0,0
chb01_01.edf,1648.0,1652.0,0
chb01_01.edf,1652.0,1656.0,0
chb01_01.edf,1656.0,1660.0,0
chb01_01.edf,1660.0,1664.0,0
chb01_01.edf,1664.0,1668.0,0
chb01_01.edf,1668.0,1672.0,0
chb01_01.edf,1672.0,1676.0,0
chb01_01.edf,1676.0,1680.0,0
chb01_01.edf,1680.0,1684.0,0
chb01_01.edf,1684.0,1688.0,0
chb01_01.edf,1688.0,1692.0,0
chb01_01.edf,1692.0,1696.0,0
chb01_01.edf,1696.0,1700.0,0
chb01_01.edf,1700.0,1704.0,0
chb01_01.edf,1704.0,1708.0,0
chb01_01.edf,1708.0,1712.0,0
chb01_01.edf,1712.0,1716.0,0
chb01_01.edf,1716.0,1720.0,0
chb01_01.edf,1720.0,1724.0,0
chb01_01.edf,1724.0,1728.0,0
chb01_01.edf,1728.0,1732.0,0
chb01_01.edf,1732.0,1736.0,0
chb01_01.edf,1736.0,1740.0,0
chb01_01.edf,1740.0,1744.0,0
chb01_01.edf,1744.0,1748.0,0
chb01_01.edf,1748.0,1752.0,0
chb01_01.edf,1752.0,1756.0,0
chb01_01.edf,1756.0,1760.0,0
chb01_01.edf,1760.0,1764.0,0
chb01_01.edf,1764.0,1768.0,0
chb01_01.edf,1768.0,1772.0,0
chb01_01.edf,1772.0,1776.0,0
chb01_01.edf,1776.0,1780.0,0
chb01_01.edf,1780.0,1784.0,0
chb01_01.edf,1784.0,1788.0,0
chb01_01.edf,1788.0,1792.0,0
chb01_01.edf,1792.0,1796.0,0
chb01_01.edf,1796.0,1800.0,0
chb01_01.edf,1800.0,1804.0,0
chb01_01.edf,1804.0,1808.0,0
chb01_01.edf,1808.0,1812.0,0
chb01_01.edf,1812.0,1816.0,0
chb01_01.edf,1816.0,1820.0,0
chb01_01.edf,1820.0,1824.0,0
chb01_01.edf,1824.0,1828.0,0
chb01_01.edf,1828.0,1832.0,0
chb01_01.edf,1832.0,1836.0,0
chb01_01.edf,1836.0,1840.0,0
chb01_01.edf,1840.0,1844.0,0
chb01_01.edf,1844.0,1848.0,0
chb01_01.edf,1848.0,1852.0,0
chb01_01.edf,1852.0,1856.0,0
chb01_01.edf,1856.0,1860.0,0
chb01_01.edf,1860.0,1864.0,0
chb01_01.edf,1864.0,1868.0,0
chb01_01.edf,1868.0,1872.0,0
chb01_01.edf,1872.0,1876.0,0
chb01_01.edf,1876.0,1880.0,0
chb01_01.edf,1880.0,1884.0,0
chb01_01.edf,1884.0,1888.0,0
chb01_01.edf,1888.0,1892.0,0
chb01_01.edf,1892.0,1896.0,0
chb01_01.edf,1896.0,1900.0,0
chb01_01.edf,1900.0,1904.0,0
chb01_01.edf,1904.0,1908.0,0
chb01_01.edf,1908.0,1912.0,0
chb01_01.edf,1912.0,1916.0,0
chb01_01.edf,1916.0,1920.0,0
chb01_01.edf,1920.0,1924.0,0
chb01_01.edf,1924.0,1928.0,0
chb01_01.edf,1928.0,1932.0,0
chb01_01.edf,1932.0,1936.0,0
chb01_01.edf,1936.0,1940.0,0
chb01_01.edf,1940.0,1944.0,0
chb01_01.edf,1944.0,1948.0,0
chb01_01.edf,1948.0,1952.0,0
chb01_01.edf,1952.0,1956.0,0
chb01_01.edf,1956.0,1960.0,0
chb01_01.edf,1960.0,1964.0,0
chb01_01.edf,1964.0,1968.0,0
chb01_01.edf,1968.0,1972.0,0
chb01_01.edf,1972.0,1976.0,0
chb01_01.edf,1976.0,1980.0,0
chb01_01.edf,1980.0,1984.0,0
chb01_01.edf,1984.0,1988.0,0
chb01_01.edf,1988.0,1992.0,0
chb01_01.edf,1992.0,1996.0,0
chb01_01.edf,1996.0,2000.0,0
chb01_01.edf,2000.0,2004.0,0
chb01_01.edf,2004.0,2008.0,0
chb01_01.edf,2008.0,2012.0,0
chb01_01.edf,2012.0,2016.0,0
chb01_01.edf,2016.0,2020.0,0
chb01_01.edf,2020.0,2024.0,0
chb01_01.edf,2024.0,2028.0,0
chb01_01.edf,2028.0,2032.0,0
chb01_01.edf,2032.0,2036.0,0
chb01_01.edf,2036.0,2040.0,0
chb01_01.edf,2040.0,2044.0,0
chb01_01.edf,2044.0,2048.0,0
chb01_01.edf,2048.0,2052.0,0
chb01_01.edf,2052.0,2056.0,0
chb01_01.edf,2056.0,2060.0,0
chb01_01.edf,2060.0,2064.0,0
chb01_01.edf,2064.0,2068.0,0
chb01_01.edf,2068.0,2072.0,0
chb01_01.edf,2072.0,2076.0,0
chb01_01.edf,2076.0,2080.0,0
chb01_01.edf,2080.0,2084.0,0
chb01_01.edf,2084.0,2088.0,0
chb01_01.edf,2088.0,2092.0,0
chb01_01.edf,2092.0,2096.0,0
chb01_01.edf,2096.0,2100.0,0
chb01_01.edf,2100.0,2104.0,0
chb01_01.edf,2104.0,2108.0,0
chb01_01.edf,2108.0,2112.0,0
chb01_01.edf,2112.0,2116.0,0
chb01_01.edf,2116.0,2120.0,0
chb01_01.edf,2120.0,2124.0,0
chb01_01.edf,2124.0,2128.0,0
chb01_01.edf,2128.0,2132.0,0
chb01_01.edf,2132.0,2136.0,0
chb01_01.edf,2136.0,2140.0,0
chb01_01.edf,2140.0,2144.0,0
chb01_01.edf,2144.0,2148.0,0
chb01_01.edf,2148.0,2152.0,0
chb01_01.edf,2152.0,2156.0,0
chb01_01.edf,2156.0,2160.0,0
chb01_01.edf,2160.0,2164.0,0
chb01_01.edf,2164.0,2168.0,0
chb01_01.edf,2168.0,2172.0,0
chb01_01.edf,2172.0,2176.0,0
chb01_01.edf,2176.0,2180.0,0
chb01_01.edf,2180.0,2184.0,0
chb01_01.edf,2184.0,2188.0,0
chb01_01.edf,2188.0,2192.0,0
chb01_01.edf,2192.0,2196.0,0
chb01_01.edf,2196.0,2200.0,0
chb01_01.edf,2200.0,2204.0,0
chb01_01.edf,2204.0,2208.0,0
chb01_01.edf,2208.0,2212.0,0
chb01_01.edf,2212.0,2216.0,0
chb01_01.edf,2216.0,2220.0,0
chb01_01.edf,2220.0,2224.0,0
chb01_01.edf,2224.0,2228.0,0
chb01_01.edf,2228.0,2232.0,0
chb01_01.edf,2232.0,2236.0,0
chb01_01.edf,2236.0,2240.0,0
chb01_01.edf,2240.0,2244.0,0
chb01_01.edf,2244.0,2248.0,0
chb01_01.edf,2248.0,2252.0,0
chb01_01.edf,2252.0,2256.0,0
chb01_01.edf,2256.0,2260.0,0
chb01_01.edf,2260.0,2264.0,0
chb01_01.edf,2264.0,2268.0,0
chb01_01.edf,2268.0,2272.0,0
chb01_01.edf,2272.0,2276.0,0
chb01_01.edf,2276.0,2280.0,0
chb01_01.edf,2280.0,2284.0,0
chb01_01.edf,2284.0,2288.0,0
chb01_01.edf,2288.0,2292.0,0
chb01_01.edf,2292.0,2296.0,0
chb01_01.edf,2296.0,2300.0,0
chb01_01.edf,2300.0,2304.0,0
chb01_01.edf,2304.0,2308.0,0
chb01_01.edf,2308.0,2312.0,0
chb01_01.edf,2312.0,2316.0,0
chb01_01.edf,2316.0,2320.0,0
chb01_01.edf,2320.0,2324.0,0
chb01_01.edf,2324.0,2328.0,0
chb01_01.edf,2328.0,2332.0,0
chb01_01.edf,2332.0,2336.0,0
chb01_01.edf,2336.0,2340.0,0
chb01_01.edf,2340.0,2344.0,0
chb01_01.edf,2344.0,2348.0,0
chb01_01.edf,2348.0,2352.0,0
chb01_01.edf,2352.0,2356.0,0
chb01_01.edf,2356.0,2360.0,0
chb01_01.edf,2360.0,2364.0,0
chb01_01.edf,2364.0,2368.0,0
chb01_01.edf,2368.0,2372.0,0
chb01_01.edf,2372.0,2376.0,0
chb01_01.edf,2376.0,2380.0,0
chb01_01.edf,2380.0,2384.0,0
chb01_01.edf,2384.0,2388.0,0
chb01_01.edf,2388.0,2392.0,0
chb01_01.edf,2392.0,2396.0,0
chb01_01.edf,2396.0,2400.0,0
chb01_01.edf,2400.0,2404.0,0
chb01_01.edf,2404.0,2408.0,0
chb01_01.edf,2408.0,2412.0,0
chb01_01.edf,2412.0,2416.0,0
chb01_01.edf,2416.0,2420.0,0
chb01_01.edf,2420.0,2424.0,0
chb01_01.edf,2424.0,2428.0,0
chb01_01.edf,2428.0,2432.0,0
chb01_01.edf,2432.0,2436.0,0
chb01_01.edf,2436.0,2440.0,0
chb01_01.edf,2440.0,2444.0,0
chb01_01.edf,2444.0,2448.0,0
chb01_01.edf,2448.0,2452.0,0
chb01_01.edf,2452.0,2456.0,0
chb01_01.edf,2456.0,2460.0,0
chb01_01.edf,2460.0,2464.0,0
chb01_01.edf,2464.0,2468.0,0
chb01_01.edf,2468.0,2472.0,0
chb01_01.edf,2472.0,2476.0,0
chb01_01.edf,2476.0,2480.0,0
chb01_01.edf,2480.0,2484.0,0
chb01_01.edf,2484.0,2488.0,0
chb01_01.edf,2488.0,2492.0,0
chb01_01.edf,2492.0,2496.0,0
chb01_01.edf,2496.0,2500.0,0
chb01_01.edf,2500.0,2504.0,0
chb01_01.edf,2504.0,2508.0,0
chb01_01.edf,2508.0,2512.0,0
chb01_01.edf,2512.0,2516.0,0
chb01_01.edf,2516.0,2520.0,0
chb01_01.edf,2520.0,2524.0,0
chb01_01.edf,2524.0,2528.0,0
chb01_01.edf,2528.0,2532.0,0
chb01_01.edf,2532.0,2536.0,0
chb01_01.edf,2536.0,2540.0,0
chb01_01.edf,2540.0,2544.0,0
chb01_01.edf,2544.0,2548.0,0
chb01_01.edf,2548.0,2552.0,0
chb01_01.edf,2552.0,2556.0,0
chb01_01.edf,2556.0,2560.0,0
chb01_01.edf,2560.0,2564.0,0
chb01_01.edf,2564.0,2568.0,0
chb01_01.edf,2568.0,2572.0,0
chb01_01.edf,2572.0,2576.0,0
chb01_01.edf,2576.0,2580.0,0
chb01_01.edf,2580.0,2584.0,0
chb01_01.edf,2584.0,2588.0,0
chb01_01.edf,2588.0,2592.0,0
chb01_01.edf,2592.0,2596.0,0
chb01_01.edf,2596.0,2600.0,0
chb01_01.edf,2600.0,2604.0,0
chb01_01.edf,2604.0,2608.0,0
chb01_01.edf,2608.0,2612.0,0
chb01_01.edf,2612.0,2616.0,0
chb01_01.edf,2616.0,2620.0,0
chb01_01.edf,2620.0,2624.0,0
chb01_01.edf,2624.0,2628.0,0
chb01_01.edf,2628.0,2632.0,0
chb01_01.edf,2632.0,2636.0,0
chb01_01.edf,2636.0,2640.0,0
chb01_01.edf,2640.0,2644.0,0
chb01_01.edf,2644.0,2648.0,0
chb01_01.edf,2648.0,2652.0,0
chb01_01.edf,2652.0,2656.0,0
chb01_01.edf,2656.0,2660.0,0
chb01_01.edf,2660.0,2664.0,0
chb01_01.edf,2664.0,2668.0,0
chb01_01.edf,2668.0,2672.0,0
chb01_01.edf,2672.0,2676.0,0
chb01_01.edf,2676.0,2680.0,0
chb01_01.edf,2680.0,2684.0,0
chb01_01.edf,2684.0,2688.0,0
chb01_01.edf,2688.0,2692.0,0
chb01_01.edf,2692.0,2696.0,0
chb01_01.edf,2696.0,2700.0,0
chb01_01.edf,2700.0,2704.0,0
chb01_01.edf,2704.0,2708.0,0
chb01_01.edf,2708.0,2712.0,0
chb01_01.edf,2712.0,2716.0,0
chb01_01.edf,2716.0,2720.0,0
chb01_01.edf,2720.0,2724.0,0
chb01_01.edf,2724.0,2728.0,0
chb01_01.edf,2728.0,2732.0,0
chb01_01.edf,2732.0,2736.0,0
chb01_01.edf,2736.0,2740.0,0
chb01_01.edf,2740.0,2744.0,0
chb01_01.edf,2744.0,2748.0,0
chb01_01.edf,2748.0,2752.0,0
chb01_01.edf,2752.0,2756.0,0
chb01_01.edf,2756.0,2760.0,0
chb01_01.edf,2760.0,2764.0,0
chb01_01.edf,2764.0,2768.0,0
chb01_01.edf,2768.0,2772.0,0
chb01_01.edf,2772.0,2776.0,0
chb01_01.edf,2776.0,2780.0,0
chb01_01.edf,2780.0,2784.0,0
chb01_01.edf,2784.0,2788.0,0
chb01_01.edf,2788.0,2792.0,0
chb01_01.edf,2792.0,2796.0,0
chb01_01.edf,2796.0,2800.0,0
chb01_01.edf,2800.0,2804.0,0
chb01_01.edf,2804.0,2808.0,0
chb01_01.edf,2808.0,2812.0,0
chb01_01.edf,2812.0,2816.0,0
chb01_01.edf,2816.0,2820.0,0
chb01_01.edf,2820.0,2824.0,0
chb01_01.edf,2824.0,2828.0,0
chb01_01.edf,2828.0,2832.0,0
chb01_01.edf,2832.0,2836.0,0
chb01_01.edf,2836.0,2840.0,0
chb01_01.edf,2840.0,2844.0,0
chb01_01.edf,2844.0,2848.0,0
chb01_01.edf,2848.0,2852.0,0
chb01_01.edf,2852.0,2856.0,0
chb01_01.edf,2856.0,2860.0,0
chb01_01.edf,2860.0,2864.0,0
chb01_01.edf,2864.0,2868.0,0
chb01_01.edf,2868.0,2872.0,0
chb01_01.edf,2872.0,2876.0,0
chb01_01.edf,2876.0,2880.0,0
chb01_01.edf,2880.0,2884.0,0
chb01_01.edf,2884.0,2888.0,0
chb01_01.edf,2888.0,2892.0,0
chb01_01.edf,2892.0,2896.0,0
chb01_01.edf,2896.0,2900.0,0
chb01_01.edf,2900.0,2904.0,0
chb01_01.edf,2904.0,2908.0,0
chb01_01.edf,2908.0,2912.0,0
chb01_01.edf,2912.0,2916.0,0
chb01_01.edf,2916.0,2920.0,0
chb01_01.edf,2920.0,2924.0,0
chb01_01.edf,2924.0,2928.0,0
chb01_01.edf,2928.0,2932.0,0
chb01_01.edf,2932.0,2936.0,0
chb01_01.edf,2936.0,2940.0,0
chb01_01.edf,2940.0,2944.0,0
chb01_01.edf,2944.0,2948.0,0
chb01_01.edf,2948.0,2952.0,0
chb01_01.edf,2952.0,2956.0,0
chb01_01.edf,2956.0,2960.0,0
chb01_01.edf,2960.0,2964.0,0
chb01_01.edf,2964.0,2968.0,0
chb01_01.edf,2968.0,2972.0,0
chb01_01.edf,2972.0,2976.0,0
chb01_01.edf,2976.0,2980.0,0
chb01_01.edf,2980.0,2984.0,0
chb01_01.edf,2984.0,2988.0,0
chb01_01.edf,2988.0,2992.0,0
chb01_01.edf,2992.0,2996.0,0
chb01_01.edf,2996.0,3000.0,0
chb01_01.edf,3000.0,3004.0,0
chb01_01.edf,3004.0,3008.0,0
chb01_01.edf,3008.0,3012.0,0
chb01_01.edf,3012.0,3016.0,0
chb01_01.edf,3016.0,3020.0,0
chb01_01.edf,3020.0,3024.0,0
chb01_01.edf,3024.0,3028.0,0
chb01_01.edf,3028.0,3032.0,0
chb01_01.edf,3032.0,3036.0,0
chb01_01.edf,3036.0,3040.0,0
chb01_01.edf,3040.0,3044.0,0
chb01_01.edf,3044.0,3048.0,0
chb01_01.edf,3048.0,3052.0,0
chb01_01.edf,3052.0,3056.0,0
chb01_01.edf,3056.0,3060.0,0
chb01_01.edf,3060.0,3064.0,0
chb01_01.edf,3064.0,3068.0,0
chb01_01.edf,3068.0,3072.0,0
chb01_01.edf,3072.0,3076.0,0
chb01_01.edf,3076.0,3080.0,0
chb01_01.edf,3080.0,3084.0,0
chb01_01.edf,3084.0,3088.0,0
chb01_01.edf,3088.0,3092.0,0
chb01_01.edf,3092.0,3096.0,0
chb01_01.edf,3096.0,3100.0,0
chb01_01.edf,3100.0,3104.0,0
chb01_01.edf,3104.0,3108.0,0
chb01_01.edf,3108.0,3112.0,0
chb01_01.edf,3112.0,3116.0,0
chb01_01.edf,3116.0,3120.0,0
chb01_01.edf,3120.0,3124.0,0
chb01_01.edf,3124.0,3128.0,0
chb01_01.edf,3128.0,3132.0,0
chb01_01.edf,3132.0,3136.0,0
chb01_01.edf,3136.0,3140.0,0
chb01_01.edf,3140.0,3144.0,0
chb01_01.edf,3144.0,3148.0,0
chb01_01.edf,3148.0,3152.0,0
chb01_01.edf,3152.0,3156.0,0
chb01_01.edf,3156.0,3160.0,0
chb01_01.edf,3160.0,3164.0,0
chb01_01.edf,3164.0,3168.0,0
chb01_01.edf,3168.0,3172.0,0
chb01_01.edf,3172.0,3176.0,0
chb01_01.edf,3176.0,3180.0,0
chb01_01.edf,3180.0,3184.0,0
chb01_01.edf,3184.0,3188.0,0
chb01_01.edf,3188.0,3192.0,0
chb01_01.edf,3192.0,3196.0,0
chb01_01.edf,3196.0,3200.0,0
chb01_01.edf,3200.0,3204.0,0
chb01_01.edf,3204.0,3208.0,0
chb01_01.edf,3208.0,3212.0,0
chb01_01.edf,3212.0,3216.0,0
chb01_01.edf,3216.0,3220.0,0
chb01_01.edf,3220.0,3224.0,0
chb01_01.edf,3224.0,3228.0,0
chb01_01.edf,3228.0,3232.0,0
chb01_01.edf,3232.0,3236.0,0
chb01_01.edf,3236.0,3240.0,0
chb01_01.edf,3240.0,3244.0,0
chb01_01.edf,3244.0,3248.0,0
chb01_01.edf,3248.0,3252.0,0
chb01_01.edf,3252.0,3256.0,0
chb01_01.edf,3256.0,3260.0,0
chb01_01.edf,3260.0,3264.0,0
chb01_01.edf,3264.0,3268.0,0
chb01_01.edf,3268.0,3272.0,0
chb01_01.edf,3272.0,3276.0,0
chb01_01.edf,3276.0,3280.0,0
chb01_01.edf,3280.0,3284.0,0
chb01_01.edf,3284.0,3288.0,0
chb01_01.edf,3288.0,3292.0,0
chb01_01.edf,3292.0,3296.0,0
chb01_01.edf,3296.0,3300.0,0
chb01_01.edf,3300.0,3304.0,0
chb01_01.edf,3304.0,3308.0,0
chb01_01.edf,3308.0,3312.0,0
chb01_01.edf,3312.0,3316.0,0
chb01_01.edf,3316.0,3320.0,0
chb01_01.edf,3320.0,3324.0,0
chb01_01.edf,3324.0,3328.0,0
chb01_01.edf,3328.0,3332.0,0
chb01_01.edf,3332.0,3336.0,0
chb01_01.edf,3336.0,3340.0,0
chb01_01.edf,3340.0,3344.0,0
chb01_01.edf,3344.0,3348.0,0
chb01_01.edf,3348.0,3352.0,0
chb01_01.edf,3352.0,3356.0,0
chb01_01.edf,3356.0,3360.0,0
chb01_01.edf,3360.0,3364.0,0
chb01_01.edf,3364.0,3368.0,0
chb01_01.edf,3368.0,3372.0,0
chb01_01.edf,3372.0,3376.0,0
chb01_01.edf,3376.0,3380.0,0
chb01_01.edf,3380.0,3384.0,0
chb01_01.edf,3384.0,3388.0,0
chb01_01.edf,3388.0,3392.0,0
chb01_01.edf,3392.0,3396.0,0
chb01_01.edf,3396.0,3400.0,0
chb01_01.edf,3400.0,3404.0,0
chb01_01.edf,3404.0,3408.0,0
chb01_01.edf,3408.0,3412.0,0
chb01_01.edf,3412.0,3416.0,0
chb01_01.edf,3416.0,3420.0,0
chb01_01.edf,3420.0,3424.0,0
chb01_01.edf,3424.0,3428.0,0
chb01_01.edf,3428.0,3432.0,0
chb01_01.edf,3432.0,3436.0,0
chb01_01.edf,3436.0,3440.0,0
chb01_01.edf,3440.0,3444.0,0
chb01_01.edf,3444.0,3448.0,0
chb01_01.edf,3448.0,3452.0,0
chb01_01.edf,3452.0,3456.0,0
chb01_01.edf,3456.0,3460.0,0
chb01_01.edf,3460.0,3464.0,0
chb01_01.edf,3464.0,3468.0,0
chb01_01.edf,3468.0,3472.0,0
chb01_01.edf,3472.0,3476.0,0
chb01_01.edf,3476.0,3480.0,0
chb01_01.edf,3480.0,3484.0,0
chb01_01.edf,3484.0,3488.0,0
chb01_01.edf,3488.0,3492.0,0
chb01_01.edf,3492.0,3496.0,0
chb01_01.edf,3496.0,3500.0,0
chb01_01.edf,3500.0,3504.0,0
chb01_01.edf,3504.0,3508.0,0
chb01_01.edf,3508.0,3512.0,0
chb01_01.edf,3512.0,3516.0,0
chb01_01.edf,3516.0,3520.0,0
chb01_01.edf,3520.0,3524.0,0
chb01_01.edf,3524.0,3528.0,0
chb01_01.edf,3528.0,3532.0,0
chb01_01.edf,3532.0,3536.0,0
chb01_01.edf,3536.0,3540.0,0
chb01_01.edf,3540.0,3544.0,0
chb01_01.edf,3544.0,3548.0,0
chb01_01.edf,3548.0,3552.0,0
chb01_01.edf,3552.0,3556.0,0
chb01_01.edf,3556.0,3560.0,0
chb01_01.edf,3560.0,3564.0,0
chb01_01.edf,3564.0,3568.0,0
chb01_01.edf,3568.0,3572.0,0
chb01_01.edf,3572.0,3576.0,0
chb01_01.edf,3576.0,3580.0,0
chb01_01.edf,3580.0,3584.0,0
chb01_01.edf,3584.0,3588.0,0
chb01_01.edf,3588.0,3592.0,0
chb01_01.edf,3592.0,3596.0,0
chb01_01.edf,3596.0,3600.0,0
chb01_03.edf,0.0,4.0,0
chb01_03.edf,4.0,8.0,0
chb01_03.edf,8.0,12.0,0
chb01_03.edf,12.0,16.0,0
chb01_03.edf,16.0,20.0,0
chb01_03.edf,20.0,24.0,0
chb01_03.edf,24.0,28.0,0
chb01_03.edf,28.0,32.0,0
chb01_03.edf,32.0,36.0,0
chb01_03.edf,36.0,40.0,0
chb01_03.edf,40.0,44.0,0
chb01_03.edf,44.0,48.0,0
chb01_03.edf,48.0,52.0,0
chb01_03.edf,52.0,56.0,0
chb01_03.edf,56.0,60.0,0
chb01_03.edf,60.0,64.0,0
chb01_03.edf,64.0,68.0,0
chb01_03.edf,68.0,72.0,0
chb01_03.edf,72.0,76.0,0
chb01_03.edf,76.0,80.0,0
chb01_03.edf,80.0,84.0,0
chb01_03.edf,84.0,88.0,0
chb01_03.edf,88.0,92.0,0
chb01_03.edf,92.0,96.0,0
chb01_03.edf,96.0,100.0,0
chb01_03.edf,100.0,104.0,0
chb01_03.edf,104.0,108.0,0
chb01_03.edf,108.0,112.0,0
chb01_03.edf,112.0,116.0,0
chb01_03.edf,116.0,120.0,0
chb01_03.edf,120.0,124.0,0
chb01_03.edf,124.0,128.0,0
chb01_03.edf,128.0,132.0,0
chb01_03.edf,132.0,136.0,0
chb01_03.edf,136.0,140.0,0
chb01_03.edf,140.0,144.0,0
chb01_03.edf,144.0,148.0,0
chb01_03.edf,148.0,152.0,0
chb01_03.edf,152.0,156.0,0
chb01_03.edf,156.0,160.0,0
chb01_03.edf,160.0,164.0,0
chb01_03.edf,164.0,168.0,0
chb01_03.edf,168.0,172.0,0
chb01_03.edf,172.0,176.0,0
chb01_03.edf,176.0,180.0,0
chb01_03.edf,180.0,184.0,0
chb01_03.edf,184.0,188.0,0
chb01_03.edf,188.0,192.0,0
chb01_03.edf,192.0,196.0,0
chb01_03.edf,196.0,200.0,0
chb01_03.edf,200.0,204.0,0
chb01_03.edf,204.0,208.0,0
chb01_03.edf,208.0,212.0,0
chb01_03.edf,212.0,216.0,0
chb01_03.edf,216.0,220.0,0
chb01_03.edf,220.0,224.0,0
chb01_03.edf,224.0,228.0,0
chb01_03.edf,228.0,232.0,0
chb01_03.edf,232.0,236.0,0
chb01_03.edf,236.0,240.0,0
chb01_03.edf,240.0,244.0,0
chb01_03.edf,244.0,248.0,0
chb01_03.edf,248.0,252.0,0
chb01_03.edf,252.0,256.0,0
chb01_03.edf,256.0,260.0,0
chb01_03.edf,260.0,264.0,0
chb01_03.edf,264.0,268.0,0
chb01_03.edf,268.0,272.0,0
chb01_03.edf,272.0,276.0,0
chb01_03.edf,276.0,280.0,0
chb01_03.edf,280.0,284.0,0
chb01_03.edf,284.0,288.0,0
chb01_03.edf,288.0,292.0,0
chb01_03.edf,292.0,296.0,0
chb01_03.edf,296.0,300.0,0
chb01_03.edf,300.0,304.0,0
chb01_03.edf,304.0,308.0,0
chb01_03.edf,308.0,312.0,0
chb01_03.edf,312.0,316.0,0
chb01_03.edf,316.0,320.0,0
chb01_03.edf,320.0,324.0,0
chb01_03.edf,324.0,328.0,0
chb01_03.edf,328.0,332.0,0
chb01_03.edf,332.0,336.0,0
chb01_03.edf,336.0,340.0,0
chb01_03.edf,340.0,344.0,0
chb01_03.edf,344.0,348.0,0
chb01_03.edf,348.0,352.0,0
chb01_03.edf,352.0,356.0,0
chb01_03.edf,356.0,360.0,0
chb01_03.edf,360.0,364.0,0
chb01_03.edf,364.0,368.0,0
chb01_03.edf,368.0,372.0,0
chb01_03.edf,372.0,376.0,0
chb01_03.edf,376.0,380.0,0
chb01_03.edf,380.0,384.0,0
chb01_03.edf,384.0,388.0,0
chb01_03.edf,388.0,392.0,0
chb01_03.edf,392.0,396.0,0
chb01_03.edf,396.0,400.0,0
chb01_03.edf,400.0,404.0,0
chb01_03.edf,404.0,408.0,0
chb01_03.edf,408.0,412.0,0
chb01_03.edf,412.0,416.0,0
chb01_03.edf,416.0,420.0,0
chb01_03.edf,420.0,424.0,0
chb01_03.edf,424.0,428.0,0
chb01_03.edf,428.0,432.0,0
chb01_03.edf,432.0,436.0,0
chb01_03.edf,436.0,440.0,0
chb01_03.edf,440.0,444.0,0
chb01_03.edf,444.0,448.0,0
chb01_03.edf,448.0,452.0,0
chb01_03.edf,452.0,456.0,0
chb01_03.edf,456.0,460.0,0
chb01_03.edf,460.0,464.0,0
chb01_03.edf,464.0,468.0,0
chb01_03.edf,468.0,472.0,0
chb01_03.edf,472.0,476.0,0
chb01_03.edf,476.0,480.0,0
chb01_03.edf,480.0,484.0,0
chb01_03.edf,484.0,488.0,0
chb01_03.edf,488.0,492.0,0
chb01_03.edf,492.0,496.0,0
chb01_03.edf,496.0,500.0,0
chb01_03.edf,500.0,504.0,0
chb01_03.edf,504.0,508.0,0
chb01_03.edf,508.0,512.0,0
chb01_03.edf,512.0,516.0,0
chb01_03.edf,516.0,520.0,0
chb01_03.edf,520.0,524.0,0
chb01_03.edf,524.0,528.0,0
chb01_03.edf,528.0,532.0,0
chb01_03.edf,532.0,536.0,0
chb01_03.edf,536.0,540.0,0
chb01_03.edf,540.0,544.0,0
chb01_03.edf,544.0,548.0,0
chb01_03.edf,548.0,552.0,0
chb01_03.edf,552.0,556.0,0
chb01_03.edf,556.0,560.0,0
chb01_03.edf,560.0,564.0,0
chb01_03.edf,564.0,568.0,0
chb01_03.edf,568.0,572.0,0
chb01_03.edf,572.0,576.0,0
chb01_03.edf,576.0,580.0,0
chb01_03.edf,580.0,584.0,0
chb01_03.edf,584.0,588.0,0
chb01_03.edf,588.0,592.0,0
chb01_03.edf,592.0,596.0,0
chb01_03.edf,596.0,600.0,0
chb01_03.edf,600.0,604.0,0
chb01_03.edf,604.0,608.0,0
chb01_03.edf,608.0,612.0,0
chb01_03.edf,612.0,616.0,0
chb01_03.edf,616.0,620.0,0
chb01_03.edf,620.0,624.0,0
chb01_03.edf,624.0,628.0,0
chb01_03.edf,628.0,632.0,0
chb01_03.edf,632.0,636.0,0
chb01_03.edf,636.0,640.0,0
chb01_03.edf,640.0,644.0,0
chb01_03.edf,644.0,648.0,0
chb01_03.edf,648.0,652.0,0
chb01_03.edf,652.0,656.0,0
chb01_03.edf,656.0,660.0,0
chb01_03.edf,660.0,664.0,0
chb01_03.edf,664.0,668.0,0
chb01_03.edf,668.0,672.0,0
chb01_03.edf,672.0,676.0,0
chb01_03.edf,676.0,680.0,0
chb01_03.edf,680.0,684.0,0
chb01_03.edf,684.0,688.0,0
chb01_03.edf,688.0,692.0,0
chb01_03.edf,692.0,696.0,0
chb01_03.edf,696.0,700.0,0
chb01_03.edf,700.0,704.0,0
chb01_03.edf,704.0,708.0,0
chb01_03.edf,708.0,712.0,0
chb01_03.edf,712.0,716.0,0
chb01_03.edf,716.0,720.0,0
chb01_03.edf,720.0,724.0,0
chb01_03.edf,724.0,728.0,0
chb01_03.edf,728.0,732.0,0
chb01_03.edf,732.0,736.0,0
chb01_03.edf,736.0,740.0,0
chb01_03.edf,740.0,744.0,0
chb01_03.edf,744.0,748.0,0
chb01_03.edf,748.0,752.0,0
chb01_03.edf,752.0,756.0,0
chb01_03.edf,756.0,760.0,0
chb01_03.edf,760.0,764.0,0
chb01_03.edf,764.0,768.0,0
chb01_03.edf,768.0,772.0,0
chb01_03.edf,772.0,776.0,0
chb01_03.edf,776.0,780.0,0
chb01_03.edf,780.0,784.0,0
chb01_03.edf,784.0,788.0,0
chb01_03.edf,788.0,792.0,0
chb01_03.edf,792.0,796.0,0
chb01_03.edf,796.0,800.0,0
chb01_03.edf,800.0,804.0,0
chb01_03.edf,804.0,808.0,0
chb01_03.edf,808.0,812.0,0
chb01_03.edf,812.0,816.0,0
chb01_03.edf,816.0,820.0,0
chb01_03.edf,820.0,824.0,0
chb01_03.edf,824.0,828.0,0
chb01_03.edf,828.0,832.0,0
chb01_03.edf,832.0,836.0,0
chb01_03.edf,836.0,840.0,0
chb01_03.edf,840.0,844.0,0
chb01_03.edf,844.0,848.0,0
chb01_03.edf,848.0,852.0,0
chb01_03.edf,852.0,856.0,0
chb01_03.edf,856.0,860.0,0
chb01_03.edf,860.0,864.0,0
chb01_03.edf,864.0,868.0,0
chb01_03.edf,868.0,872.0,0
chb01_03.edf,872.0,876.0,0
chb01_03.edf,876.0,880.0,0
chb01_03.edf,880.0,884.0,0
chb01_03.edf,884.0,888.0,0
chb01_03.edf,888.0,892.0,0
chb01_03.edf,892.0,896.0,0
chb01_03.edf,896.0,900.0,0
chb01_03.edf,900.0,904.0,0
chb01_03.edf,904.0,908.0,0
chb01_03.edf,908.0,912.0,0
chb01_03.edf,912.0,916.0,0
chb01_03.edf,916.0,920.0,0
chb01_03.edf,920.0,924.0,0
chb01_03.edf,924.0,928.0,0
chb01_03.edf,928.0,932.0,0
chb01_03.edf,932.0,936.0,0
chb01_03.edf,936.0,940.0,0
chb01_03.edf,940.0,944.0,0
chb01_03.edf,944.0,948.0,0
chb01_03.edf,948.0,952.0,0
chb01_03.edf,952.0,956.0,0
chb01_03.edf,956.0,960.0,0
chb01_03.edf,960.0,964.0,0
chb01_03.edf,964.0,968.0,0
chb01_03.edf,968.0,972.0,0
chb01_03.edf,972.0,976.0,0
chb01_03.edf,976.0,980.0,0
chb01_03.edf,980.0,984.0,0
chb01_03.edf,984.0,988.0,0
chb01_03.edf,988.0,992.0,0
chb01_03.edf,992.0,996.0,0
chb01_03.edf,996.0,1000.0,0
chb01_03.edf,1000.0,1004.0,0
chb01_03.edf,1004.0,1008.0,0
chb01_03.edf,1008.0,1012.0,0
chb01_03.edf,1012.0,1016.0,0
chb01_03.edf,1016.0,1020.0,0
chb01_03.edf,1020.0,1024.0,0
chb01_03.edf,1024.0,1028.0,0
chb01_03.edf,1028.0,1032.0,0
chb01_03.edf,1032.0,1036.0,0
chb01_03.edf,1036.0,1040.0,0
chb01_03.edf,1040.0,1044.0,0
chb01_03.edf,1044.0,1048.0,0
chb01_03.edf,1048.0,1052.0,0
chb01_03.edf,1052.0,1056.0,0
chb01_03.edf,1056.0,1060.0,0
chb01_03.edf,1060.0,1064.0,0
chb01_03.edf,1064.0,1068.0,0
chb01_03.edf,1068.0,1072.0,0
chb01_03.edf,1072.0,1076.0,0
chb01_03.edf,1076.0,1080.0,0
chb01_03.edf,1080.0,1084.0,0
chb01_03.edf,1084.0,1088.0,0
chb01_03.edf,1088.0,1092.0,0
chb01_03.edf,1092.0,1096.0,0
chb01_03.edf,1096.0,1100.0,0
chb01_03.edf,1100.0,1104.0,0
chb01_03.edf,1104.0,1108.0,0
chb01_03.edf,1108.0,1112.0,0
chb01_03.edf,1112.0,1116.0,0
chb01_03.edf,1116.0,1120.0,0
chb01_03.edf,1120.0,1124.0,0
chb01_03.edf,1124.0,1128.0,0
chb01_03.edf,1128.0,1132.0,0
chb01_03.edf,1132.0,1136.0,0
chb01_03.edf,1136.0,1140.0,0
chb01_03.edf,1140.0,1144.0,0
chb01_03.edf,1144.0,1148.0,0
chb01_03.edf,1148.0,1152.0,0
chb01_03.edf,1152.0,1156.0,0
chb01_03.edf,1156.0,1160.0,0
chb01_03.edf,1160.0,1164.0,0
chb01_03.edf,1164.0,1168.0,0
chb01_03.edf,1168.0,1172.0,0
chb01_03.edf,1172.0,1176.0,0
chb01_03.edf,1176.0,1180.0,0
chb01_03.edf,1180.0,1184.0,0
chb01_03.edf,1184.0,1188.0,0
chb01_03.edf,1188.0,1192.0,0
chb01_03.edf,1192.0,1196.0,0
chb01_03.edf,1196.0,1200.0,0
chb01_03.edf,1200.0,1204.0,0
chb01_03.edf,1204.0,1208.0,0
chb01_03.edf,1208.0,1212.0,0
chb01_03.edf,1212.0,1216.0,0
chb01_03.edf,1216.0,1220.0,0
chb01_03.edf,1220.0,1224.0,0
chb01_03.edf,1224.0,1228.0,0
chb01_03.edf,1228.0,1232.0,0
chb01_03.edf,1232.0,1236.0,0
chb01_03.edf,1236.0,1240.0,0
chb01_03.edf,1240.0,1244.0,0
chb01_03.edf,1244.0,1248.0,0
chb01_03.edf,1248.0,1252.0,0
chb01_03.edf,1252.0,1256.0,0
chb01_03.edf,1256.0,1260.0,0
chb01_03.edf,1260.0,1264.0,0
chb01_03.edf,1264.0,1268.0,0
chb01_03.edf,1268.0,1272.0,0
chb01_03.edf,1272.0,1276.0,0
chb01_03.edf,1276.0,1280.0,0
chb01_03.edf,1280.0,1284.0,0
chb01_03.edf,1284.0,1288.0,0
chb01_03.edf,1288.0,1292.0,0
chb01_03.edf,1292.0,1296.0,0
chb01_03.edf,1296.0,1300.0,0
chb01_03.edf,1300.0,1304.0,0
chb01_03.edf,1304.0,1308.0,0
chb01_03.edf,1308.0,1312.0,0
chb01_03.edf,1312.0,1316.0,0
chb01_03.edf,1316.0,1320.0,0
chb01_03.edf,1320.0,1324.0,0
chb01_03.edf,1324.0,1328.0,0
chb01_03.edf,1328.0,1332.0,0
chb01_03.edf,1332.0,1336.0,0
chb01_03.edf,1336.0,1340.0,0
chb01_03.edf,1340.0,1344.0,0
chb01_03.edf,1344.0,1348.0,0
chb01_03.edf,1348.0,1352.0,0
chb01_03.edf,1352.0,1356.0,0
chb01_03.edf,1356.0,1360.0,0
chb01_03.edf,1360.0,1364.0,0
chb01_03.edf,1364.0,1368.0,0
chb01_03.edf,1368.0,1372.0,0
chb01_03.edf,1372.0,1376.0,0
chb01_03.edf,1376.0,1380.0,0
chb01_03.edf,1380.0,1384.0,0
chb01_03.edf,1384.0,1388.0,0
chb01_03.edf,1388.0,1392.0,0
chb01_03.edf,1392.0,1396.0,0
chb01_03.edf,1396.0,1400.0,0
chb01_03.edf,1400.0,1404.0,0
chb01_03.edf,1404.0,1408.0,0
chb01_03.edf,1408.0,1412.0,0
chb01_03.edf,1412.0,1416.0,0
chb01_03.edf,1416.0,1420.0,0
chb01_03.edf,1420.0,1424.0,0
chb01_03.edf,1424.0,1428.0,0
chb01_03.edf,1428.0,1432.0,0
chb01_03.edf,1432.0,1436.0,0
chb01_03.edf,1436.0,1440.0,0
chb01_03.edf,1440.0,1444.0,0
chb01_03.edf,1444.0,1448.0,0
chb01_03.edf,1448.0,1452.0,0
chb01_03.edf,1452.0,1456.0,0
chb01_03.edf,1456.0,1460.0,0
chb01_03.edf,1460.0,1464.0,0
chb01_03.edf,1464.0,1468.0,0
chb01_03.edf,1468.0,1472.0,0
chb01_03.edf,1472.0,1476.0,0
chb01_03.edf,1476.0,1480.0,0
chb01_03.edf,1480.0,1484.0,0
chb01_03.edf,1484.0,1488.0,0
chb01_03.edf,1488.0,1492.0,0
chb01_03.edf,1492.0,1496.0,0
chb01_03.edf,1496.0,1500.0,0
chb01_03.edf,1500.0,1504.0,0
chb01_03.edf,1504.0,1508.0,0
chb01_03.edf,1508.0,1512.0,0
chb01_03.edf,1512.0,1516.0,0
chb01_03.edf,1516.0,1520.0,0
chb01_03.edf,1520.0,1524.0,0
chb01_03.edf,1524.0,1528.0,0
chb01_03.edf,1528.0,1532.0,0
chb01_03.edf,1532.0,1536.0,0
chb01_03.edf,1536.0,1540.0,0
chb01_03.edf,1540.0,1544.0,0
chb01_03.edf,1544.0,1548.0,0
chb01_03.edf,1548.0,1552.0,0
chb01_03.edf,1552.0,1556.0,0
chb01_03.edf,1556.0,1560.0,0
chb01_03.edf,1560.0,1564.0,0
chb01_03.edf,1564.0,1568.0,0
chb01_03.edf,1568.0,1572.0,0
chb01_03.edf,1572.0,1576.0,0
chb01_03.edf,1576.0,1580.0,0
chb01_03.edf,1580.0,1584.0,0
chb01_03.edf,1584.0,1588.0,0
chb01_03.edf,1588.0,1592.0,0
chb01_03.edf,1592.0,1596.0,0
chb01_03.edf,1596.0,1600.0,0
chb01_03.edf,1600.0,1604.0,0
chb01_03.edf,1604.0,1608.0,0
chb01_03.edf,1608.0,1612.0,0
chb01_03.edf,1612.0,1616.0,0
chb01_03.edf,1616.0,1620.0,0
chb01_03.edf,1620.0,1624.0,0
chb01_03.edf,1624.0,1628.0,0
chb01_03.edf,1628.0,1632.0,0
chb01_03.edf,1632.0,1636.0,0
chb01_03.edf,1636.0,1640.0,0
chb01_03.edf,1640.0,1644.0,0
chb01_03.edf,1644.0,1648.0,0
chb01_03.edf,1648.0,1652.0,0
chb01_03.edf,1652.0,1656.0,0
chb01_03.edf,1656.0,1660.0,0
chb01_03.edf,1660.0,1664.0,0
chb01_03.edf,1664.0,1668.0,0
chb01_03.edf,1668.0,1672.0,0
chb01_03.edf,1672.0,1676.0,0
chb01_03.edf,1676.0,1680.0,0
chb01_03.edf,1680.0,1684.0,0
chb01_03.edf,1684.0,1688.0,0
chb01_03.edf,1688.0,1692.0,0
chb01_03.edf,1692.0,1696.0,0
chb01_03.edf,1696.0,1700.0,0
chb01_03.edf,1700.0,1704.0,0
chb01_03.edf,1704.0,1708.0,0
chb01_03.edf,1708.0,1712.0,0
chb01_03.edf,1712.0,1716.0,0
chb01_03.edf,1716.0,1720.0,0
chb01_03.edf,1720.0,1724.0,0
chb01_03.edf,1724.0,1728.0,0
chb01_03.edf,1728.0,1732.0,0
chb01_03.edf,1732.0,1736.0,0
chb01_03.edf,1736.0,1740.0,0
chb01_03.edf,1740.0,1744.0,0
chb01_03.edf,1744.0,1748.0,0
chb01_03.edf,1748.0,1752.0,0
chb01_03.edf,1752.0,1756.0,0
chb01_03.edf,1756.0,1760.0,0
chb01_03.edf,1760.0,1764.0,0
chb01_03.edf,1764.0,1768.0,0
chb01_03.edf,1768.0,1772.0,0
chb01_03.edf,1772.0,1776.0,0
chb01_03.edf,1776.0,1780.0,0
chb01_03.edf,1780.0,1784.0,0
chb01_03.edf,1784.0,1788.0,0
chb01_03.edf,1788.0,1792.0,0
chb01_03.edf,1792.0,1796.0,0
chb01_03.edf,1796.0,1800.0,0
chb01_03.edf,1800.0,1804.0,0
chb01_03.edf,1804.0,1808.0,0
chb01_03.edf,1808.0,1812.0,0
chb01_03.edf,1812.0,1816.0,0
chb01_03.edf,1816.0,1820.0,0
chb01_03.edf,1820.0,1824.0,0
chb01_03.edf,1824.0,1828.0,0
chb01_03.edf,1828.0,1832.0,0
chb01_03.edf,1832.0,1836.0,0
chb01_03.edf,1836.0,1840.0,0
chb01_03.edf,1840.0,1844.0,0
chb01_03.edf,1844.0,1848.0,0
chb01_03.edf,1848.0,1852.0,0
chb01_03.edf,1852.0,1856.0,0
chb01_03.edf,1856.0,1860.0,0
chb01_03.edf,1860.0,1864.0,0
chb01_03.edf,1864.0,1868.0,0
chb01_03.edf,1868.0,1872.0,0
chb01_03.edf,1872.0,1876.0,0
chb01_03.edf,1876.0,1880.0,0
chb01_03.edf,1880.0,1884.0,0
chb01_03.edf,1884.0,1888.0,0
chb01_03.edf,1888.0,1892.0,0
chb01_03.edf,1892.0,1896.0,0
chb01_03.edf,1896.0,1900.0,0
chb01_03.edf,1900.0,1904.0,0
chb01_03.edf,1904.0,1908.0,0
chb01_03.edf,1908.0,1912.0,0
chb01_03.edf,1912.0,1916.0,0
chb01_03.edf,1916.0,1920.0,0
chb01_03.edf,1920.0,1924.0,0
chb01_03.edf,1924.0,1928.0,0
chb01_03.edf,1928.0,1932.0,0
chb01_03.edf,1932.0,1936.0,0
chb01_03.edf,1936.0,1940.0,0
chb01_03.edf,1940.0,1944.0,0
chb01_03.edf,1944.0,1948.0,0
chb01_03.edf,1948.0,1952.0,0
chb01_03.edf,1952.0,1956.0,0
chb01_03.edf,1956.0,1960.0,0
chb01_03.edf,1960.0,1964.0,0
chb01_03.edf,1964.0,1968.0,0
chb01_03.edf,1968.0,1972.0,0
chb01_03.edf,1972.0,1976.0,0
chb01_03.edf,1976.0,1980.0,0
chb01_03.edf,1980.0,1984.0,0
chb01_03.edf,1984.0,1988.0,0
chb01_03.edf,1988.0,1992.0,0
chb01_03.edf,1992.0,1996.0,0
chb01_03.edf,1996.0,2000.0,0
chb01_03.edf,2000.0,2004.0,0
chb01_03.edf,2004.0,2008.0,0
chb01_03.edf,2008.0,2012.0,0
chb01_03.edf,2012.0,2016.0,0
chb01_03.edf,2016.0,2020.0,0
chb01_03.edf,2020.0,2024.0,0
chb01_03.edf,2024.0,2028.0,0
chb01_03.edf,2028.0,2032.0,0
chb01_03.edf,2032.0,2036.0,0
chb01_03.edf,2036.0,2040.0,0
chb01_03.edf,2040.0,2044.0,0
chb01_03.edf,2044.0,2048.0,0
chb01_03.edf,2048.0,2052.0,0
chb01_03.edf,2052.0,2056.0,0
chb01_03.edf,2056.0,2060.0,0
chb01_03.edf,2060.0,2064.0,0
chb01_03.edf,2064.0,2068.0,0
chb01_03.edf,2068.0,2072.0,0
chb01_03.edf,2072.0,2076.0,0
chb01_03.edf,2076.0,2080.0,0
chb01_03.edf,2080.0,2084.0,0
chb01_03.edf,2084.0,2088.0,0
chb01_03.edf,2088.0,2092.0,0
chb01_03.edf,2092.0,2096.0,0
chb01_03.edf,2096.0,2100.0,0
chb01_03.edf,2100.0,2104.0,0
chb01_03.edf,2104.0,2108.0,0
chb01_03.edf,2108.0,2112.0,0
chb01_03.edf,2112.0,2116.0,0
chb01_03.edf,2116.0,2120.0,0
chb01_03.edf,2120.0,2124.0,0
chb01_03.edf,2124.0,2128.0,0
chb01_03.edf,2128.0,2132.0,0
chb01_03.edf,2132.0,2136.0,0
chb01_03.edf,2136.0,2140.0,0
chb01_03.edf,2140.0,2144.0,0
chb01_03.edf,2144.0,2148.0,0
chb01_03.edf,2148.0,2152.0,0
chb01_03.edf,2152.0,2156.0,0
chb01_03.edf,2156.0,2160.0,0
chb01_03.edf,2160.0,2164.0,0
chb01_03.edf,2164.0,2168.0,0
chb01_03.edf,2168.0,2172.0,0
chb01_03.edf,2172.0,2176.0,0
chb01_03.edf,2176.0,2180.0,0
chb01_03.edf,2180.0,2184.0,0
chb01_03.edf,2184.0,2188.0,0
chb01_03.edf,2188.0,2192.0,0
chb01_03.edf,2192.0,2196.0,0
chb01_03.edf,2196.0,2200.0,0
chb01_03.edf,2200.0,2204.0,0
chb01_03.edf,2204.0,2208.0,0
chb01_03.edf,2208.0,2212.0,0
chb01_03.edf,2212.0,2216.0,0
chb01_03.edf,2216.0,2220.0,0
chb01_03.edf,2220.0,2224.0,0
chb01_03.edf,2224.0,2228.0,0
chb01_03.edf,2228.0,2232.0,0
chb01_03.edf,2232.0,2236.0,0
chb01_03.edf,2236.0,2240.0,0
chb01_03.edf,2240.0,2244.0,0
chb01_03.edf,2244.0,2248.0,0
chb01_03.edf,2248.0,2252.0,0
chb01_03.edf,2252.0,2256.0,0
chb01_03.edf,2256.0,2260.0,0
chb01_03.edf,2260.0,2264.0,0
chb01_03.edf,2264.0,2268.0,0
chb01_03.edf,2268.0,2272.0,0
chb01_03.edf,2272.0,2276.0,0
chb01_03.edf,2276.0,2280.0,0
chb01_03.edf,2280.0,2284.0,0
chb01_03.edf,2284.0,2288.0,0
chb01_03.edf,2288.0,2292.0,0
chb01_03.edf,2292.0,2296.0,0
chb01_03.edf,2296.0,2300.0,0
chb01_03.edf,2300.0,2304.0,0
chb01_03.edf,2304.0,2308.0,0
chb01_03.edf,2308.0,2312.0,0
chb01_03.edf,2312.0,2316.0,0
chb01_03.edf,2316.0,2320.0,0
chb01_03.edf,2320.0,2324.0,0
chb01_03.edf,2324.0,2328.0,0
chb01_03.edf,2328.0,2332.0,0
chb01_03.edf,2332.0,2336.0,0
chb01_03.edf,2336.0,2340.0,0
chb01_03.edf,2340.0,2344.0,0
chb01_03.edf,2344.0,2348.0,0
chb01_03.edf,2348.0,2352.0,0
chb01_03.edf,2352.0,2356.0,0
chb01_03.edf,2356.0,2360.0,0
chb01_03.edf,2360.0,2364.0,0
chb01_03.edf,2364.0,2368.0,0
chb01_03.edf,2368.0,2372.0,0
chb01_03.edf,2372.0,2376.0,0
chb01_03.edf,2376.0,2380.0,0
chb01_03.edf,2380.0,2384.0,0
chb01_03.edf,2384.0,2388.0,0
chb01_03.edf,2388.0,2392.0,0
chb01_03.edf,2392.0,2396.0,0
chb01_03.edf,2396.0,2400.0,0
chb01_03.edf,2400.0,2404.0,0
chb01_03.edf,2404.0,2408.0,0
chb01_03.edf,2408.0,2412.0,0
chb01_03.edf,2412.0,2416.0,0
chb01_03.edf,2416.0,2420.0,0
chb01_03.edf,2420.0,2424.0,0
chb01_03.edf,2424.0,2428.0,0
chb01_03.edf,2428.0,2432.0,0
chb01_03.edf,2432.0,2436.0,0
chb01_03.edf,2436.0,2440.0,0
chb01_03.edf,2440.0,2444.0,0
chb01_03.edf,2444.0,2448.0,0
chb01_03.edf,2448.0,2452.0,0
chb01_03.edf,2452.0,2456.0,0
chb01_03.edf,2456.0,2460.0,0
chb01_03.edf,2460.0,2464.0,0
chb01_03.edf,2464.0,2468.0,0
chb01_03.edf,2468.0,2472.0,0
chb01_03.edf,2472.0,2476.0,0
chb01_03.edf,2476.0,2480.0,0
chb01_03.edf,2480.0,2484.0,0
chb01_03.edf,2484.0,2488.0,0
chb01_03.edf,2488.0,2492.0,0
chb01_03.edf,2492.0,2496.0,0
chb01_03.edf,2496.0,2500.0,0
chb01_03.edf,2500.0,2504.0,0
chb01_03.edf,2504.0,2508.0,0
chb01_03.edf,2508.0,2512.0,0
chb01_03.edf,2512.0,2516.0,0
chb01_03.edf,2516.0,2520.0,0
chb01_03.edf,2520.0,2524.0,0
chb01_03.edf,2524.0,2528.0,0
chb01_03.edf,2528.0,2532.0,0
chb01_03.edf,2532.0,2536.0,0
chb01_03.edf,2536.0,2540.0,0
chb01_03.edf,2540.0,2544.0,0
chb01_03.edf,2544.0,2548.0,0
chb01_03.edf,2548.0,2552.0,0
chb01_03.edf,2552.0,2556.0,0
chb01_03.edf,2556.0,2560.0,0
chb01_03.edf,2560.0,2564.0,0
chb01_03.edf,2564.0,2568.0,0
chb01_03.edf,2568.0,2572.0,0
chb01_03.edf,2572.0,2576.0,0
chb01_03.edf,2576.0,2580.0,0
chb01_03.edf,2580.0,2584.0,0
chb01_03.edf,2584.0,2588.0,0
chb01_03.edf,2588.0,2592.0,0
chb01_03.edf,2592.0,2596.0,0
chb01_03.edf,2596.0,2600.0,0
chb01_03.edf,2600.0,2604.0,0
chb01_03.edf,2604.0,2608.0,0
chb01_03.edf,2608.0,2612.0,0
chb01_03.edf,2612.0,2616.0,0
chb01_03.edf,2616.0,2620.0,0
chb01_03.edf,2620.0,2624.0,0
chb01_03.edf,2624.0,2628.0,0
chb01_03.edf,2628.0,2632.0,0
chb01_03.edf,2632.0,2636.0,0
chb01_03.edf,2636.0,2640.0,0
chb01_03.edf,2640.0,2644.0,0
chb01_03.edf,2644.0,2648.0,0
chb01_03.edf,2648.0,2652.0,0
chb01_03.edf,2652.0,2656.0,0
chb01_03.edf,2656.0,2660.0,0
chb01_03.edf,2660.0,2664.0,0
chb01_03.edf,2664.0,2668.0,0
chb01_03.edf,2668.0,2672.0,0
chb01_03.edf,2672.0,2676.0,0
chb01_03.edf,2676.0,2680.0,0
chb01_03.edf,2680.0,2684.0,0
chb01_03.edf,2684.0,2688.0,0
chb01_03.edf,2688.0,2692.0,0
chb01_03.edf,2692.0,2696.0,0
chb01_03.edf,2696.0,2700.0,0
chb01_03.edf,2700.0,2704.0,0
chb01_03.edf,2704.0,2708.0,0
chb01_03.edf,2708.0,2712.0,0
chb01_03.edf,2712.0,2716.0,0
chb01_03.edf,2716.0,2720.0,0
chb01_03.edf,2720.0,2724.0,0
chb01_03.edf,2724.0,2728.0,0
chb01_03.edf,2728.0,2732.0,0
chb01_03.edf,2732.0,2736.0,0
chb01_03.edf,2736.0,2740.0,0
chb01_03.edf,2740.0,2744.0,0
chb01_03.edf,2744.0,2748.0,0
chb01_03.edf,2748.0,2752.0,0
chb01_03.edf,2752.0,2756.0,0
chb01_03.edf,2756.0,2760.0,0
chb01_03.edf,2760.0,2764.0,0
chb01_03.edf,2764.0,2768.0,0
chb01_03.edf,2768.0,2772.0,0
chb01_03.edf,2772.0,2776.0,0
chb01_03.edf,2776.0,2780.0,0
chb01_03.edf,2780.0,2784.0,0
chb01_03.edf,2784.0,2788.0,0
chb01_03.edf,2788.0,2792.0,0
chb01_03.edf,2792.0,2796.0,0
chb01_03.edf,2796.0,2800.0,0
chb01_03.edf,2800.0,2804.0,0
chb01_03.edf,2804.0,2808.0,0
chb01_03.edf,2808.0,2812.0,0
chb01_03.edf,2812.0,2816.0,0
chb01_03.edf,2816.0,2820.0,0
chb01_03.edf,2820.0,2824.0,0
chb01_03.edf,2824.0,2828.0,0
chb01_03.edf,2828.0,2832.0,0
chb01_03.edf,2832.0,2836.0,0
chb01_03.edf,2836.0,2840.0,0
chb01_03.edf,2840.0,2844.0,0
chb01_03.edf,2844.0,2848.0,0
chb01_03.edf,2848.0,2852.0,0
chb01_03.edf,2852.0,2856.0,0
chb01_03.edf,2856.0,2860.0,0
chb01_03.edf,2860.0,2864.0,0
chb01_03.edf,2864.0,2868.0,0
chb01_03.edf,2868.0,2872.0,0
chb01_03.edf,2872.0,2876.0,0
chb01_03.edf,2876.0,2880.0,0
chb01_03.edf,2880.0,2884.0,0
chb01_03.edf,2884.0,2888.0,0
chb01_03.edf,2888.0,2892.0,0
chb01_03.edf,2892.0,2896.0,0
chb01_03.edf,2896.0,2900.0,0
chb01_03.edf,2900.0,2904.0,0
chb01_03.edf,2904.0,2908.0,0
chb01_03.edf,2908.0,2912.0,0
chb01_03.edf,2912.0,2916.0,0
chb01_03.edf,2916.0,2920.0,0
chb01_03.edf,2920.0,2924.0,0
chb01_03.edf,2924.0,2928.0,0
chb01_03.edf,2928.0,2932.0,0
chb01_03.edf,2932.0,2936.0,0
chb01_03.edf,2936.0,2940.0,0
chb01_03.edf,2940.0,2944.0,0
chb01_03.edf,2944.0,2948.0,0
chb01_03.edf,2948.0,2952.0,0
chb01_03.edf,2952.0,2956.0,0
chb01_03.edf,2956.0,2960.0,0
chb01_03.edf,2960.0,2964.0,0
chb01_03.edf,2964.0,2968.0,0
chb01_03.edf,2968.0,2972.0,0
chb01_03.edf,2972.0,2976.0,0
chb01_03.edf,2976.0,2980.0,0
chb01_03.edf,2980.0,2984.0,0
chb01_03.edf,2984.0,2988.0,0
chb01_03.edf,2988.0,2992.0,0
chb01_03.edf,2992.0,2996.0,0
chb01_03.edf,2996.0,3000.0,1
chb01_03.edf,3000.0,3004.0,1
chb01_03.edf,3004.0,3008.0,1
chb01_03.edf,3008.0,3012.0,1
chb01_03.edf,3012.0,3016.0,1
chb01_03.edf,3016.0,3020.0,1
chb01_03.edf,3020.0,3024.0,1
chb01_03.edf,3024.0,3028.0,1
chb01_03.edf,3028.0,3032.0,1
chb01_03.edf,3032.0,3036.0,1
chb01_03.edf,3036.0,3040.0,0
chb01_03.edf,3040.0,3044.0,0
chb01_03.edf,3044.0,3048.0,0
chb01_03.edf,3048.0,3052.0,0
chb01_03.edf,3052.0,3056.0,0
chb01_03.edf,3056.0,3060.0,0
chb01_03.edf,3060.0,3064.0,0
chb01_03.edf,3064.0,3068.0,0
chb01_03.edf,3068.0,3072.0,0
chb01_03.edf,3072.0,3076.0,0
chb01_03.edf,3076.0,3080.0,0
chb01_03.edf,3080.0,3084.0,0
chb01_03.edf,3084.0,3088.0,0
chb01_03.edf,3088.0,3092.0,0
chb01_03.edf,3092.0,3096.0,0
chb01_03.edf,3096.0,3100.0,0
chb01_03.edf,3100.0,3104.0,0
chb01_03.edf,3104.0,3108.0,0
chb01_03.edf,3108.0,3112.0,0
chb01_03.edf,3112.0,3116.0,0
chb01_03.edf,3116.0,3120.0,0
chb01_03.edf,3120.0,3124.0,0
chb01_03.edf,3124.0,3128.0,0
chb01_03.edf,3128.0,3132.0,0
chb01_03.edf,3132.0,3136.0,0
chb01_03.edf,3136.0,3140.0,0
chb01_03.edf,3140.0,3144.0,0
chb01_03.edf,3144.0,3148.0,0
chb01_03.edf,3148.0,3152.0,0
chb01_03.edf,3152.0,3156.0,0
chb01_03.edf,3156.0,3160.0,0
chb01_03.edf,3160.0,3164.0,0
chb01_03.edf,3164.0,3168.0,0
chb01_03.edf,3168.0,3172.0,0
chb01_03.edf,3172.0,3176.0,0
chb01_03.edf,3176.0,3180.0,0
chb01_03.edf,3180.0,3184.0,0
chb01_03.edf,3184.0,3188.0,0
chb01_03.edf,3188.0,3192.0,0
chb01_03.edf,3192.0,3196.0,0
chb01_03.edf,3196.0,3200.0,0
chb01_03.edf,3200.0,3204.0,0
chb01_03.edf,3204.0,3208.0,0
chb01_03.edf,3208.0,3212.0,0
chb01_03.edf,3212.0,3216.0,0
chb01_03.edf,3216.0,3220.0,0
chb01_03.edf,3220.0,3224.0,0
chb01_03.edf,3224.0,3228.0,0
chb01_03.edf,3228.0,3232.0,0
chb01_03.edf,3232.0,3236.0,0
chb01_03.edf,3236.0,3240.0,0
chb01_03.edf,3240.0,3244.0,0
chb01_03.edf,3244.0,3248.0,0
chb01_03.edf,3248.0,3252.0,0
chb01_03.edf,3252.0,3256.0,0
chb01_03.edf,3256.0,3260.0,0
chb01_03.edf,3260.0,3264.0,0
chb01_03.edf,3264.0,3268.0,0
chb01_03.edf,3268.0,3272.0,0
chb01_03.edf,3272.0,3276.0,0
chb01_03.edf,3276.0,3280.0,0
chb01_03.edf,3280.0,3284.0,0
chb01_03.edf,3284.0,3288.0,0
chb01_03.edf,3288.0,3292.0,0
chb01_03.edf,3292.0,3296.0,0
chb01_03.edf,3296.0,3300.0,0
chb01_03.edf,3300.0,3304.0,0
chb01_03.edf,3304.0,3308.0,0
chb01_03.edf,3308.0,3312.0,0
chb01_03.edf,3312.0,3316.0,0
chb01_03.edf,3316.0,3320.0,0
chb01_03.edf,3320.0,3324.0,0
chb01_03.edf,3324.0,3328.0,0
chb01_03.edf,3328.0,3332.0,0
chb01_03.edf,3332.0,3336.0,0
chb01_03.edf,3336.0,3340.0,0
chb01_03.edf,3340.0,3344.0,0
chb01_03.edf,3344.0,3348.0,0
chb01_03.edf,3348.0,3352.0,0
chb01_03.edf,3352.0,3356.0,0
chb01_03.edf,3356.0,3360.0,0
chb01_03.edf,3360.0,3364.0,0
chb01_03.edf,3364.0,3368.0,0
chb01_03.edf,3368.0,3372.0,0
chb01_03.edf,3372.0,3376.0,0
chb01_03.edf,3376.0,3380.0,0
chb01_03.edf,3380.0,3384.0,0
chb01_03.edf,3384.0,3388.0,0
chb01_03.edf,3388.0,3392.0,0
chb01_03.edf,3392.0,3396.0,0
chb01_03.edf,3396.0,3400.0,0
chb01_03.edf,3400.0,3404.0,0
chb01_03.edf,3404.0,3408.0,0
chb01_03.edf,3408.0,3412.0,0
chb01_03.edf,3412.0,3416.0,0
chb01_03.edf,3416.0,3420.0,0
chb01_03.edf,3420.0,3424.0,0
chb01_03.edf,3424.0,3428.0,0
chb01_03.edf,3428.0,3432.0,0
chb01_03.edf,3432.0,3436.0,0
chb01_03.edf,3436.0,3440.0,0
chb01_03.edf,3440.0,3444.0,0
chb01_03.edf,3444.0,3448.0,0
chb01_03.edf,3448.0,3452.0,0
chb01_03.edf,3452.0,3456.0,0
chb01_03.edf,3456.0,3460.0,0
chb01_03.edf,3460.0,3464.0,0
chb01_03.edf,3464.0,3468.0,0
chb01_03.edf,3468.0,3472.0,0
chb01_03.edf,3472.0,3476.0,0
chb01_03.edf,3476.0,3480.0,0
chb01_03.edf,3480.0,3484.0,0
chb01_03.edf,3484.0,3488.0,0
chb01_03.edf,3488.0,3492.0,0
chb01_03.edf,3492.0,3496.0,0
chb01_03.edf,3496.0,3500.0,0
chb01_03.edf,3500.0,3504.0,0
chb01_03.edf,3504.0,3508.0,0
chb01_03.edf,3508.0,3512.0,0
chb01_03.edf,3512.0,3516.0,0
chb01_03.edf,3516.0,3520.0,0
chb01_03.edf,3520.0,3524.0,0
chb01_03.edf,3524.0,3528.0,0
chb01_03.edf,3528.0,3532.0,0
chb01_03.edf,3532.0,3536.0,0
chb01_03.edf,3536.0,3540.0,0
chb01_03.edf,3540.0,3544.0,0
chb01_03.edf,3544.0,3548.0,0
chb01_03.edf,3548.0,3552.0,0
chb01_03.edf,3552.0,3556.0,0
chb01_03.edf,3556.0,3560.0,0
chb01_03.edf,3560.0,3564.0,0
chb01_03.edf,3564.0,3568.0,0
chb01_03.edf,3568.0,3572.0,0
chb01_03.edf,3572.0,3576.0,0
chb01_03.edf,3576.0,3580.0,0
chb01_03.edf,3580.0,3584.0,0
chb01_03.edf,3584.0,3588.0,0
chb01_03.edf,3588.0,3592.0,0
chb01_03.edf,3592.0,3596.0,0
chb01_03.edf,3596.0,3600.0,0
chb01_04.edf,0.0,4.0,0
chb01_04.edf,4.0,8.0,0
chb01_04.edf,8.0,12.0,0
chb01_04.edf,12.0,16.0,0
chb01_04.edf,16.0,20.0,0
chb01_04.edf,20.0,24.0,0
chb01_04.edf,24.0,28.0,0
chb01_04.edf,28.0,32.0,0
chb01_04.edf,32.0,36.0,0
chb01_04.edf,36.0,40.0,0
chb01_04.edf,40.0,44.0,0
chb01_04.edf,44.0,48.0,0
chb01_04.edf,48.0,52.0,0
chb01_04.edf,52.0,56.0,0
chb01_04.edf,56.0,60.0,0
chb01_04.edf,60.0,64.0,0
chb01_04.edf,64.0,68.0,0
chb01_04.edf,68.0,72.0,0
chb01_04.edf,72.0,76.0,0
chb01_04.edf,76.0,80.0,0
chb01_04.edf,80.0,84.0,0
chb01_04.edf,84.0,88.0,0
chb01_04.edf,88.0,92.0,0
chb01_04.edf,92.0,96.0,0
chb01_04.edf,96.0,100.0,0
chb01_04.edf,100.0,104.0,0
chb01_04.edf,104.0,108.0,0
chb01_04.edf,108.0,112.0,0
chb01_04.edf,112.0,116.0,0
chb01_04.edf,116.0,120.0,0
chb01_04.edf,120.0,124.0,0
chb01_04.edf,124.0,128.0,0
chb01_04.edf,128.0,132.0,0
chb01_04.edf,132.0,136.0,0
chb01_04.edf,136.0,140.0,0
chb01_04.edf,140.0,144.0,0
chb01_04.edf,144.0,148.0,0
chb01_04.edf,148.0,152.0,0
chb01_04.edf,152.0,156.0,0
chb01_04.edf,156.0,160.0,0
chb01_04.edf,160.0,164.0,0
chb01_04.edf,164.0,168.0,0
chb01_04.edf,168.0,172.0,0
chb01_04.edf,172.0,176.0,0
chb01_04.edf,176.0,180.0,0
chb01_04.edf,180.0,184.0,0
chb01_04.edf,184.0,188.0,0
chb01_04.edf,188.0,192.0,0
chb01_04.edf,192.0,196.0,0
chb01_04.edf,196.0,200.0,0
chb01_04.edf,200.0,204.0,0
chb01_04.edf,204.0,208.0,0
chb01_04.edf,208.0,212.0,0
chb01_04.edf,212.0,216.0,0
chb01_04.edf,216.0,220.0,0
chb01_04.edf,220.0,224.0,0
chb01_04.edf,224.0,228.0,0
chb01_04.edf,228.0,232.0,0
chb01_04.edf,232.0,236.0,0
chb01_04.edf,236.0,240.0,0
chb01_04.edf,240.0,244.0,0
chb01_04.edf,244.0,248.0,0
chb01_04.edf,248.0,252.0,0
chb01_04.edf,252.0,256.0,0
chb01_04.edf,256.0,260.0,0
chb01_04.edf,260.0,264.0,0
chb01_04.edf,264.0,268.0,0
chb01_04.edf,268.0,272.0,0
chb01_04.edf,272.0,276.0,0
chb01_04.edf,276.0,280.0,0
chb01_04.edf,280.0,284.0,0
chb01_04.edf,284.0,288.0,0
chb01_04.edf,288.0,292.0,0
chb01_04.edf,292.0,296.0,0
chb01_04.edf,296.0,300.0,0
chb01_04.edf,300.0,304.0,0
chb01_04.edf,304.0,308.0,0
chb01_04.edf,308.0,312.0,0
chb01_04.edf,312.0,316.0,0
chb01_04.edf,316.0,320.0,0
chb01_04.edf,320.0,324.0,0
chb01_04.edf,324.0,328.0,0
chb01_04.edf,328.0,332.0,0
chb01_04.edf,332.0,336.0,0
chb01_04.edf,336.0,340.0,0
chb01_04.edf,340.0,344.0,0
chb01_04.edf,344.0,348.0,0
chb01_04.edf,348.0,352.0,0
chb01_04.edf,352.0,356.0,0
chb01_04.edf,356.0,360.0,0
chb01_04.edf,360.0,364.0,0
chb01_04.edf,364.0,368.0,0
chb01_04.edf,368.0,372.0,0
chb01_04.edf,372.0,376.0,0
chb01_04.edf,376.0,380.0,0
chb01_04.edf,380.0,384.0,0
chb01_04.edf,384.0,388.0,0
chb01_04.edf,388.0,392.0,0
chb01_04.edf,392.0,396.0,0
chb01_04.edf,396.0,400.0,0
chb01_04.edf,400.0,404.0,0
chb01_04.edf,404.0,408.0,0
chb01_04.edf,408.0,412.0,0
chb01_04.edf,412.0,416.0,0
chb01_04.edf,416.0,420.0,0
chb01_04.edf,420.0,424.0,0
chb01_04.edf,424.0,428.0,0
chb01_04.edf,428.0,432.0,0
chb01_04.edf,432.0,436.0,0
chb01_04.edf,436.0,440.0,0
chb01_04.edf,440.0,444.0,0
chb01_04.edf,444.0,448.0,0
chb01_04.edf,448.0,452.0,0
chb01_04.edf,452.0,456.0,0
chb01_04.edf,456.0,460.0,0
chb01_04.edf,460.0,464.0,0
chb01_04.edf,464.0,468.0,0
chb01_04.edf,468.0,472.0,0
chb01_04.edf,472.0,476.0,0
chb01_04.edf,476.0,480.0,0
chb01_04.edf,480.0,484.0,0
chb01_04.edf,484.0,488.0,0
chb01_04.edf,488.0,492.0,0
chb01_04.edf,492.0,496.0,0
chb01_04.edf,496.0,500.0,0
chb01_04.edf,500.0,504.0,0
chb01_04.edf,504.0,508.0,0
chb01_04.edf,508.0,512.0,0
chb01_04.edf,512.0,516.0,0
chb01_04.edf,516.0,520.0,0
chb01_04.edf,520.0,524.0,0
chb01_04.edf,524.0,528.0,0
chb01_04.edf,528.0,532.0,0
chb01_04.edf,532.0,536.0,0
chb01_04.edf,536.0,540.0,0
chb01_04.edf,540.0,544.0,0
chb01_04.edf,544.0,548.0,0
chb01_04.edf,548.0,552.0,0
chb01_04.edf,552.0,556.0,0
chb01_04.edf,556.0,560.0,0
chb01_04.edf,560.0,564.0,0
chb01_04.edf,564.0,568.0,0
chb01_04.edf,568.0,572.0,0
chb01_04.edf,572.0,576.0,0
chb01_04.edf,576.0,580.0,0
chb01_04.edf,580.0,584.0,0
chb01_04.edf,584.0,588.0,0
chb01_04.edf,588.0,592.0,0
chb01_04.edf,592.0,596.0,0
chb01_04.edf,596.0,600.0,0
chb01_04.edf,600.0,604.0,0
chb01_04.edf,604.0,608.0,0
chb01_04.edf,608.0,612.0,0
chb01_04.edf,612.0,616.0,0
chb01_04.edf,616.0,620.0,0
chb01_04.edf,620.0,624.0,0
chb01_04.edf,624.0,628.0,0
chb01_04.edf,628.0,632.0,0
chb01_04.edf,632.0,636.0,0
chb01_04.edf,636.0,640.0,0
chb01_04.edf,640.0,644.0,0
chb01_04.edf,644.0,648.0,0
chb01_04.edf,648.0,652.0,0
chb01_04.edf,652.0,656.0,0
chb01_04.edf,656.0,660.0,0
chb01_04.edf,660.0,664.0,0
chb01_04.edf,664.0,668.0,0
chb01_04.edf,668.0,672.0,0
chb01_04.edf,672.0,676.0,0
chb01_04.edf,676.0,680.0,0
chb01_04.edf,680.0,684.0,0
chb01_04.edf,684.0,688.0,0
chb01_04.edf,688.0,692.0,0
chb01_04.edf,692.0,696.0,0
chb01_04.edf,696.0,700.0,0
chb01_04.edf,700.0,704.0,0
chb01_04.edf,704.0,708.0,0
chb01_04.edf,708.0,712.0,0
chb01_04.edf,712.0,716.0,0
chb01_04.edf,716.0,720.0,0
chb01_04.edf,720.0,724.0,0
chb01_04.edf,724.0,728.0,0
chb01_04.edf,728.0,732.0,0
chb01_04.edf,732.0,736.0,0
chb01_04.edf,736.0,740.0,0
chb01_04.edf,740.0,744.0,0
chb01_04.edf,744.0,748.0,0
chb01_04.edf,748.0,752.0,0
chb01_04.edf,752.0,756.0,0
chb01_04.edf,756.0,760.0,0
chb01_04.edf,760.0,764.0,0
chb01_04.edf,764.0,768.0,0
chb01_04.edf,768.0,772.0,0
chb01_04.edf,772.0,776.0,0
chb01_04.edf,776.0,780.0,0
chb01_04.edf,780.0,784.0,0
chb01_04.edf,784.0,788.0,0
chb01_04.edf,788.0,792.0,0
chb01_04.edf,792.0,796.0,0
chb01_04.edf,796.0,800.0,0
chb01_04.edf,800.0,804.0,0
chb01_04.edf,804.0,808.0,0
chb01_04.edf,808.0,812.0,0
chb01_04.edf,812.0,816.0,0
chb01_04.edf,816.0,820.0,0
chb01_04.edf,820.0,824.0,0
chb01_04.edf,824.0,828.0,0
chb01_04.edf,828.0,832.0,0
chb01_04.edf,832.0,836.0,0
chb01_04.edf,836.0,840.0,0
chb01_04.edf,840.0,844.0,0
chb01_04.edf,844.0,848.0,0
chb01_04.edf,848.0,852.0,0
chb01_04.edf,852.0,856.0,0
chb01_04.edf,856.0,860.0,0
chb01_04.edf,860.0,864.0,0
chb01_04.edf,864.0,868.0,0
chb01_04.edf,868.0,872.0,0
chb01_04.edf,872.0,876.0,0
chb01_04.edf,876.0,880.0,0
chb01_04.edf,880.0,884.0,0
chb01_04.edf,884.0,888.0,0
chb01_04.edf,888.0,892.0,0
chb01_04.edf,892.0,896.0,0
chb01_04.edf,896.0,900.0,0
chb01_04.edf,900.0,904.0,0
chb01_04.edf,904.0,908.0,0
chb01_04.edf,908.0,912.0,0
chb01_04.edf,912.0,916.0,0
chb01_04.edf,916.0,920.0,0
chb01_04.edf,920.0,924.0,0
chb01_04.edf,924.0,928.0,0
chb01_04.edf,928.0,932.0,0
chb01_04.edf,932.0,936.0,0
chb01_04.edf,936.0,940.0,0
chb01_04.edf,940.0,944.0,0
chb01_04.edf,944.0,948.0,0
chb01_04.edf,948.0,952.0,0
chb01_04.edf,952.0,956.0,0
chb01_04.edf,956.0,960.0,0
chb01_04.edf,960.0,964.0,0
chb01_04.edf,964.0,968.0,0
chb01_04.edf,968.0,972.0,0
chb01_04.edf,972.0,976.0,0
chb01_04.edf,976.0,980.0,0
chb01_04.edf,980.0,984.0,0
chb01_04.edf,984.0,988.0,0
chb01_04.edf,988.0,992.0,0
chb01_04.edf,992.0,996.0,0
chb01_04.edf,996.0,1000.0,0
chb01_04.edf,1000.0,1004.0,0
chb01_04.edf,1004.0,1008.0,0
chb01_04.edf,1008.0,1012.0,0
chb01_04.edf,1012.0,1016.0,0
chb01_04.edf,1016.0,1020.0,0
chb01_04.edf,1020.0,1024.0,0
chb01_04.edf,1024.0,1028.0,0
chb01_04.edf,1028.0,1032.0,0
chb01_04.edf,1032.0,1036.0,0
chb01_04.edf,1036.0,1040.0,0
chb01_04.edf,1040.0,1044.0,0
chb01_04.edf,1044.0,1048.0,0
chb01_04.edf,1048.0,1052.0,0
chb01_04.edf,1052.0,1056.0,0
chb01_04.edf,1056.0,1060.0,0
chb01_04.edf,1060.0,1064.0,0
chb01_04.edf,1064.0,1068.0,0
chb01_04.edf,1068.0,1072.0,0
chb01_04.edf,1072.0,1076.0,0
chb01_04.edf,1076.0,1080.0,0
chb01_04.edf,1080.0,1084.0,0
chb01_04.edf,1084.0,1088.0,0
chb01_04.edf,1088.0,1092.0,0
chb01_04.edf,1092.0,1096.0,0
chb01_04.edf,1096.0,1100.0,0
chb01_04.edf,1100.0,1104.0,0
chb01_04.edf,1104.0,1108.0,0
chb01_04.edf,1108.0,1112.0,0
chb01_04.edf,1112.0,1116.0,0
chb01_04.edf,1116.0,1120.0,0
chb01_04.edf,1120.0,1124.0,0
chb01_04.edf,1124.0,1128.0,0
chb01_04.edf,1128.0,1132.0,0
chb01_04.edf,1132.0,1136.0,0
chb01_04.edf,1136.0,1140.0,0
chb01_04.edf,1140.0,1144.0,0
chb01_04.edf,1144.0,1148.0,0
chb01_04.edf,1148.0,1152.0,0
chb01_04.edf,1152.0,1156.0,0
chb01_04.edf,1156.0,1160.0,0
chb01_04.edf,1160.0,1164.0,0
chb01_04.edf,1164.0,1168.0,0
chb01_04.edf,1168.0,1172.0,0
chb01_04.edf,1172.0,1176.0,0
chb01_04.edf,1176.0,1180.0,0
chb01_04.edf,1180.0,1184.0,0
chb01_04.edf,1184.0,1188.0,0
chb01_04.edf,1188.0,1192.0,0
chb01_04.edf,1192.0,1196.0,0
chb01_04.edf,1196.0,1200.0,0
chb01_04.edf,1200.0,1204.0,0
chb01_04.edf,1204.0,1208.0,0
chb01_04.edf,1208.0,1212.0,0
chb01_04.edf,1212.0,1216.0,0
chb01_04.edf,1216.0,1220.0,0
chb01_04.edf,1220.0,1224.0,0
chb01_04.edf,1224.0,1228.0,0
chb01_04.edf,1228.0,1232.0,0
chb01_04.edf,1232.0,1236.0,0
chb01_04.edf,1236.0,1240.0,0
chb01_04.edf,1240.0,1244.0,0
chb01_04.edf,1244.0,1248.0,0
chb01_04.edf,1248.0,1252.0,0
chb01_04.edf,1252.0,1256.0,0
chb01_04.edf,1256.0,1260.0,0
chb01_04.edf,1260.0,1264.0,0
chb01_04.edf,1264.0,1268.0,0
chb01_04.edf,1268.0,1272.0,0
chb01_04.edf,1272.0,1276.0,0
chb01_04.edf,1276.0,1280.0,0
chb01_04.edf,1280.0,1284.0,0
chb01_04.edf,1284.0,1288.0,0
chb01_04.edf,1288.0,1292.0,0
chb01_04.edf,1292.0,1296.0,0
chb01_04.edf,1296.0,1300.0,0
chb01_04.edf,1300.0,1304.0,0
chb01_04.edf,1304.0,1308.0,0
chb01_04.edf,1308.0,1312.0,0
chb01_04.edf,1312.0,1316.0,0
chb01_04.edf,1316.0,1320.0,0
chb01_04.edf,1320.0,1324.0,0
chb01_04.edf,1324.0,1328.0,0
chb01_04.edf,1328.0,1332.0,0
chb01_04.edf,1332.0,1336.0,0
chb01_04.edf,1336.0,1340.0,0
chb01_04.edf,1340.0,1344.0,0
chb01_04.edf,1344.0,1348.0,0
chb01_04.edf,1348.0,1352.0,0
chb01_04.edf,1352.0,1356.0,0
chb01_04.edf,1356.0,1360.0,0
chb01_04.edf,1360.0,1364.0,0
chb01_04.edf,1364.0,1368.0,0
chb01_04.edf,1368.0,1372.0,0
chb01_04.edf,1372.0,1376.0,0
chb01_04.edf,1376.0,1380.0,0
chb01_04.edf,1380.0,1384.0,0
chb01_04.edf,1384.0,1388.0,0
chb01_04.edf,1388.0,1392.0,0
chb01_04.edf,1392.0,1396.0,0
chb01_04.edf,1396.0,1400.0,0
chb01_04.edf,1400.0,1404.0,0
chb01_04.edf,1404.0,1408.0,0
chb01_04.edf,1408.0,1412.0,0
chb01_04.edf,1412.0,1416.0,0
chb01_04.edf,1416.0,1420.0,0
chb01_04.edf,1420.0,1424.0,0
chb01_04.edf,1424.0,1428.0,0
chb01_04.edf,1428.0,1432.0,0
chb01_04.edf,1432.0,1436.0,0
chb01_04.edf,1436.0,1440.0,0
chb01_04.edf,1440.0,1444.0,0
chb01_04.edf,1444.0,1448.0,0
chb01_04.edf,1448.0,1452.0,0
chb01_04.edf,1452.0,1456.0,0
chb01_04.edf,1456.0,1460.0,0
chb01_04.edf,1460.0,1464.0,0
chb01_04.edf,1464.0,1468.0,1
chb01_04.edf,1468.0,1472.0,1
chb01_04.edf,1472.0,1476.0,1
chb01_04.edf,1476.0,1480.0,1
chb01_04.edf,1480.0,1484.0,1
chb01_04.edf,1484.0,1488.0,1
chb01_04.edf,1488.0,1492.0,1
chb01_04.edf,1492.0,1496.0,1
chb01_04.edf,1496.0,1500.0,0
chb01_04.edf,1500.0,1504.0,0
chb01_04.edf,1504.0,1508.0,0
chb01_04.edf,1508.0,1512.0,0
chb01_04.edf,1512.0,1516.0,0
chb01_04.edf,1516.0,1520.0,0
chb01_04.edf,1520.0,1524.0,0
chb01_04.edf,1524.0,1528.0,0
chb01_04.edf,1528.0,1532.0,0
chb01_04.edf,1532.0,1536.0,0
chb01_04.edf,1536.0,1540.0,0
chb01_04.edf,1540.0,1544.0,0
chb01_04.edf,1544.0,1548.0,0
chb01_04.edf,1548.0,1552.0,0
chb01_04.edf,1552.0,1556.0,0
chb01_04.edf,1556.0,1560.0,0
chb01_04.edf,1560.0,1564.0,0
chb01_04.edf,1564.0,1568.0,0
chb01_04.edf,1568.0,1572.0,0
chb01_04.edf,1572.0,1576.0,0
chb01_04.edf,1576.0,1580.0,0
chb01_04.edf,1580.0,1584.0,0
chb01_04.edf,1584.0,1588.0,0
chb01_04.edf,1588.0,1592.0,0
chb01_04.edf,1592.0,1596.0,0
chb01_04.edf,1596.0,1600.0,0
chb01_04.edf,1600.0,1604.0,0
chb01_04.edf,1604.0,1608.0,0
chb01_04.edf,1608.0,1612.0,0
chb01_04.edf,1612.0,1616.0,0
chb01_04.edf,1616.0,1620.0,0
chb01_04.edf,1620.0,1624.0,0
chb01_04.edf,1624.0,1628.0,0
chb01_04.edf,1628.0,1632.0,0
chb01_04.edf,1632.0,1636.0,0
chb01_04.edf,1636.0,1640.0,0
chb01_04.edf,1640.0,1644.0,0
chb01_04.edf,1644.0,1648.0,0
chb01_04.edf,1648.0,1652.0,0
chb01_04.edf,1652.0,1656.0,0
chb01_04.edf,1656.0,1660.0,0
chb01_04.edf,1660.0,1664.0,0
chb01_04.edf,1664.0,1668.0,0
chb01_04.edf,1668.0,1672.0,0
chb01_04.edf,1672.0,1676.0,0
chb01_04.edf,1676.0,1680.0,0
chb01_04.edf,1680.0,1684.0,0
chb01_04.edf,1684.0,1688.0,0
chb01_04.edf,1688.0,1692.0,0
chb01_04.edf,1692.0,1696.0,0
chb01_04.edf,1696.0,1700.0,0
chb01_04.edf,1700.0,1704.0,0
chb01_04.edf,1704.0,1708.0,0
chb01_04.edf,1708.0,1712.0,0
chb01_04.edf,1712.0,1716.0,0
chb01_04.edf,1716.0,1720.0,0
chb01_04.edf,1720.0,1724.0,0
chb01_04.edf,1724.0,1728.0,0
chb01_04.edf,1728.0,1732.0,0
chb01_04.edf,1732.0,1736.0,0
chb01_04.edf,1736.0,1740.0,0
chb01_04.edf,1740.0,1744.0,0
chb01_04.edf,1744.0,1748.0,0
chb01_04.edf,1748.0,1752.0,0
chb01_04.edf,1752.0,1756.0,0
chb01_04.edf,1756.0,1760.0,0
chb01_04.edf,1760.0,1764.0,0
chb01_04.edf,1764.0,1768.0,0
chb01_04.edf,1768.0,1772.0,0
chb01_04.edf,1772.0,1776.0,0
chb01_04.edf,1776.0,1780.0,0
chb01_04.edf,1780.0,1784.0,0
chb01_04.edf,1784.0,1788.0,0
chb01_04.edf,1788.0,1792.0,0
chb01_04.edf,1792.0,1796.0,0
chb01_04.edf,1796.0,1800.0,0
chb01_04.edf,1800.0,1804.0,0
chb01_04.edf,1804.0,1808.0,0
chb01_04.edf,1808.0,1812.0,0
chb01_04.edf,1812.0,1816.0,0
chb01_04.edf,1816.0,1820.0,0
chb01_04.edf,1820.0,1824.0,0
chb01_04.edf,1824.0,1828.0,0
chb01_04.edf,1828.0,1832.0,0
chb01_04.edf,1832.0,1836.0,0
chb01_04.edf,1836.0,1840.0,0
chb01_04.edf,1840.0,1844.0,0
chb01_04.edf,1844.0,1848.0,0
chb01_04.edf,1848.0,1852.0,0
chb01_04.edf,1852.0,1856.0,0
chb01_04.edf,1856.0,1860.0,0
chb01_04.edf,1860.0,1864.0,0
chb01_04.edf,1864.0,1868.0,0
chb01_04.edf,1868.0,1872.0,0
chb01_04.edf,1872.0,1876.0,0
chb01_04.edf,1876.0,1880.0,0
chb01_04.edf,1880.0,1884.0,0
chb01_04.edf,1884.0,1888.0,0
chb01_04.edf,1888.0,1892.0,0
chb01_04.edf,1892.0,1896.0,0
chb01_04.edf,1896.0,1900.0,0
chb01_04.edf,1900.0,1904.0,0
chb01_04.edf,1904.0,1908.0,0
chb01_04.edf,1908.0,1912.0,0
chb01_04.edf,1912.0,1916.0,0
chb01_04.edf,1916.0,1920.0,0
chb01_04.edf,1920.0,1924.0,0
chb01_04.edf,1924.0,1928.0,0
chb01_04.edf,1928.0,1932.0,0
chb01_04.edf,1932.0,1936.0,0
chb01_04.edf,1936.0,1940.0,0
chb01_04.edf,1940.0,1944.0,0
chb01_04.edf,1944.0,1948.0,0
chb01_04.edf,1948.0,1952.0,0
chb01_04.edf,1952.0,1956.0,0
chb01_04.edf,1956.0,1960.0,0
chb01_04.edf,1960.0,1964.0,0
chb01_04.edf,1964.0,1968.0,0
chb01_04.edf,1968.0,1972.0,0
chb01_04.edf,1972.0,1976.0,0
chb01_04.edf,1976.0,1980.0,0
chb01_04.edf,1980.0,1984.0,0
chb01_04.edf,1984.0,1988.0,0
chb01_04.edf,1988.0,1992.0,0
chb01_04.edf,1992.0,1996.0,0
chb01_04.edf,1996.0,2000.0,0
chb01_04.edf,2000.0,2004.0,0
chb01_04.edf,2004.0,2008.0,0
chb01_04.edf,2008.0,2012.0,0
chb01_04.edf,2012.0,2016.0,0
chb01_04.edf,2016.0,2020.0,0
chb01_04.edf,2020.0,2024.0,0
chb01_04.edf,2024.0,2028.0,0
chb01_04.edf,2028.0,2032.0,0
chb01_04.edf,2032.0,2036.0,0
chb01_04.edf,2036.0,2040.0,0
chb01_04.edf,2040.0,2044.0,0
chb01_04.edf,2044.0,2048.0,0
chb01_04.edf,2048.0,2052.0,0
chb01_04.edf,2052.0,2056.0,0
chb01_04.edf,2056.0,2060.0,0
chb01_04.edf,2060.0,2064.0,0
chb01_04.edf,2064.0,2068.0,0
chb01_04.edf,2068.0,2072.0,0
chb01_04.edf,2072.0,2076.0,0
chb01_04.edf,2076.0,2080.0,0
chb01_04.edf,2080.0,2084.0,0
chb01_04.edf,2084.0,2088.0,0
chb01_04.edf,2088.0,2092.0,0
chb01_04.edf,2092.0,2096.0,0
chb01_04.edf,2096.0,2100.0,0
chb01_04.edf,2100.0,2104.0,0
chb01_04.edf,2104.0,2108.0,0
chb01_04.edf,2108.0,2112.0,0
chb01_04.edf,2112.0,2116.0,0
chb01_04.edf,2116.0,2120.0,0
chb01_04.edf,2120.0,2124.0,0
chb01_04.edf,2124.0,2128.0,0
chb01_04.edf,2128.0,2132.0,0
chb01_04.edf,2132.0,2136.0,0
chb01_04.edf,2136.0,2140.0,0
chb01_04.edf,2140.0,2144.0,0
chb01_04.edf,2144.0,2148.0,0
chb01_04.edf,2148.0,2152.0,0
chb01_04.edf,2152.0,2156.0,0
chb01_04.edf,2156.0,2160.0,0
chb01_04.edf,2160.0,2164.0,0
chb01_04.edf,2164.0,2168.0,0
chb01_04.edf,2168.0,2172.0,0
chb01_04.edf,2172.0,2176.0,0
chb01_04.edf,2176.0,2180.0,0
chb01_04.edf,2180.0,2184.0,0
chb01_04.edf,2184.0,2188.0,0
chb01_04.edf,2188.0,2192.0,0
chb01_04.edf,2192.0,2196.0,0
chb01_04.edf,2196.0,2200.0,0
chb01_04.edf,2200.0,2204.0,0
chb01_04.edf,2204.0,2208.0,0
chb01_04.edf,2208.0,2212.0,0
chb01_04.edf,2212.0,2216.0,0
chb01_04.edf,2216.0,2220.0,0
chb01_04.edf,2220.0,2224.0,0
chb01_04.edf,2224.0,2228.0,0
chb01_04.edf,2228.0,2232.0,0
chb01_04.edf,2232.0,2236.0,0
chb01_04.edf,2236.0,2240.0,0
chb01_04.edf,2240.0,2244.0,0
chb01_04.edf,2244.0,2248.0,0
chb01_04.edf,2248.0,2252.0,0
chb01_04.edf,2252.0,2256.0,0
chb01_04.edf,2256.0,2260.0,0
chb01_04.edf,2260.0,2264.0,0
chb01_04.edf,2264.0,2268.0,0
chb01_04.edf,2268.0,2272.0,0
chb01_04.edf,2272.0,2276.0,0
chb01_04.edf,2276.0,2280.0,0
chb01_04.edf,2280.0,2284.0,0
chb01_04.edf,2284.0,2288.0,0
chb01_04.edf,2288.0,2292.0,0
chb01_04.edf,2292.0,2296.0,0
chb01_04.edf,2296.0,2300.0,0
chb01_04.edf,2300.0,2304.0,0
chb01_04.edf,2304.0,2308.0,0
chb01_04.edf,2308.0,2312.0,0
chb01_04.edf,2312.0,2316.0,0
chb01_04.edf,2316.0,2320.0,0
chb01_04.edf,2320.0,2324.0,0
chb01_04.edf,2324.0,2328.0,0
chb01_04.edf,2328.0,2332.0,0
chb01_04.edf,2332.0,2336.0,0
chb01_04.edf,2336.0,2340.0,0
chb01_04.edf,2340.0,2344.0,0
chb01_04.edf,2344.0,2348.0,0
chb01_04.edf,2348.0,2352.0,0
chb01_04.edf,2352.0,2356.0,0
chb01_04.edf,2356.0,2360.0,0
chb01_04.edf,2360.0,2364.0,0
chb01_04.edf,2364.0,2368.0,0
chb01_04.edf,2368.0,2372.0,0
chb01_04.edf,2372.0,2376.0,0
chb01_04.edf,2376.0,2380.0,0
chb01_04.edf,2380.0,2384.0,0
chb01_04.edf,2384.0,2388.0,0
chb01_04.edf,2388.0,2392.0,0
chb01_04.edf,2392.0,2396.0,0
chb01_04.edf,2396.0,2400.0,0
chb01_04.edf,2400.0,2404.0,0
chb01_04.edf,2404.0,2408.0,0
chb01_04.edf,2408.0,2412.0,0
chb01_04.edf,2412.0,2416.0,0
chb01_04.edf,2416.0,2420.0,0
chb01_04.edf,2420.0,2424.0,0
chb01_04.edf,2424.0,2428.0,0
chb01_04.edf,2428.0,2432.0,0
chb01_04.edf,2432.0,2436.0,0
chb01_04.edf,2436.0,2440.0,0
chb01_04.edf,2440.0,2444.0,0
chb01_04.edf,2444.0,2448.0,0
chb01_04.edf,2448.0,2452.0,0
chb01_04.edf,2452.0,2456.0,0
chb01_04.edf,2456.0,2460.0,0
chb01_04.edf,2460.0,2464.0,0
chb01_04.edf,2464.0,2468.0,0
chb01_04.edf,2468.0,2472.0,0
chb01_04.edf,2472.0,2476.0,0
chb01_04.edf,2476.0,2480.0,0
chb01_04.edf,2480.0,2484.0,0
chb01_04.edf,2484.0,2488.0,0
chb01_04.edf,2488.0,2492.0,0
chb01_04.edf,2492.0,2496.0,0
chb01_04.edf,2496.0,2500.0,0
chb01_04.edf,2500.0,2504.0,0
chb01_04.edf,2504.0,2508.0,0
chb01_04.edf,2508.0,2512.0,0
chb01_04.edf,2512.0,2516.0,0
chb01_04.edf,2516.0,2520.0,0
chb01_04.edf,2520.0,2524.0,0
chb01_04.edf,2524.0,2528.0,0
chb01_04.edf,2528.0,2532.0,0
chb01_04.edf,2532.0,2536.0,0
chb01_04.edf,2536.0,2540.0,0
chb01_04.edf,2540.0,2544.0,0
chb01_04.edf,2544.0,2548.0,0
chb01_04.edf,2548.0,2552.0,0
chb01_04.edf,2552.0,2556.0,0
chb01_04.edf,2556.0,2560.0,0
chb01_04.edf,2560.0,2564.0,0
chb01_04.edf,2564.0,2568.0,0
chb01_04.edf,2568.0,2572.0,0
chb01_04.edf,2572.0,2576.0,0
chb01_04.edf,2576.0,2580.0,0
chb01_04.edf,2580.0,2584.0,0
chb01_04.edf,2584.0,2588.0,0
chb01_04.edf,2588.0,2592.0,0
chb01_04.edf,2592.0,2596.0,0
chb01_04.edf,2596.0,2600.0,0
chb01_04.edf,2600.0,2604.0,0
chb01_04.edf,2604.0,2608.0,0
chb01_04.edf,2608.0,2612.0,0
chb01_04.edf,2612.0,2616.0,0
chb01_04.edf,2616.0,2620.0,0
chb01_04.edf,2620.0,2624.0,0
chb01_04.edf,2624.0,2628.0,0
chb01_04.edf,2628.0,2632.0,0
chb01_04.edf,2632.0,2636.0,0
chb01_04.edf,2636.0,2640.0,0
chb01_04.edf,2640.0,2644.0,0
chb01_04.edf,2644.0,2648.0,0
chb01_04.edf,2648.0,2652.0,0
chb01_04.edf,2652.0,2656.0,0
chb01_04.edf,2656.0,2660.0,0
chb01_04.edf,2660.0,2664.0,0
chb01_04.edf,2664.0,2668.0,0
chb01_04.edf,2668.0,2672.0,0
chb01_04.edf,2672.0,2676.0,0
chb01_04.edf,2676.0,2680.0,0
chb01_04.edf,2680.0,2684.0,0
chb01_04.edf,2684.0,2688.0,0
chb01_04.edf,2688.0,2692.0,0
chb01_04.edf,2692.0,2696.0,0
chb01_04.edf,2696.0,2700.0,0
chb01_04.edf,2700.0,2704.0,0
chb01_04.edf,2704.0,2708.0,0
chb01_04.edf,2708.0,2712.0,0
chb01_04.edf,2712.0,2716.0,0
chb01_04.edf,2716.0,2720.0,0
chb01_04.edf,2720.0,2724.0,0
chb01_04.edf,2724.0,2728.0,0
chb01_04.edf,2728.0,2732.0,0
chb01_04.edf,2732.0,2736.0,0
chb01_04.edf,2736.0,2740.0,0
chb01_04.edf,2740.0,2744.0,0
chb01_04.edf,2744.0,2748.0,0
chb01_04.edf,2748.0,2752.0,0
chb01_04.edf,2752.0,2756.0,0
chb01_04.edf,2756.0,2760.0,0
chb01_04.edf,2760.0,2764.0,0
chb01_04.edf,2764.0,2768.0,0
chb01_04.edf,2768.0,2772.0,0
chb01_04.edf,2772.0,2776.0,0
chb01_04.edf,2776.0,2780.0,0
chb01_04.edf,2780.0,2784.0,0
chb01_04.edf,2784.0,2788.0,0
chb01_04.edf,2788.0,2792.0,0
chb01_04.edf,2792.0,2796.0,0
chb01_04.edf,2796.0,2800.0,0
chb01_04.edf,2800.0,2804.0,0
chb01_04.edf,2804.0,2808.0,0
chb01_04.edf,2808.0,2812.0,0
chb01_04.edf,2812.0,2816.0,0
chb01_04.edf,2816.0,2820.0,0
chb01_04.edf,2820.0,2824.0,0
chb01_04.edf,2824.0,2828.0,0
chb01_04.edf,2828.0,2832.0,0
chb01_04.edf,2832.0,2836.0,0
chb01_04.edf,2836.0,2840.0,0
chb01_04.edf,2840.0,2844.0,0
chb01_04.edf,2844.0,2848.0,0
chb01_04.edf,2848.0,2852.0,0
chb01_04.edf,2852.0,2856.0,0
chb01_04.edf,2856.0,2860.0,0
chb01_04.edf,2860.0,2864.0,0
chb01_04.edf,2864.0,2868.0,0
chb01_04.edf,2868.0,2872.0,0
chb01_04.edf,2872.0,2876.0,0
chb01_04.edf,2876.0,2880.0,0
chb01_04.edf,2880.0,2884.0,0
chb01_04.edf,2884.0,2888.0,0
chb01_04.edf,2888.0,2892.0,0
chb01_04.edf,2892.0,2896.0,0
chb01_04.edf,2896.0,2900.0,0
chb01_04.edf,2900.0,2904.0,0
chb01_04.edf,2904.0,2908.0,0
chb01_04.edf,2908.0,2912.0,0
chb01_04.edf,2912.0,2916.0,0
chb01_04.edf,2916.0,2920.0,0
chb01_04.edf,2920.0,2924.0,0
chb01_04.edf,2924.0,2928.0,0
chb01_04.edf,2928.0,2932.0,0
chb01_04.edf,2932.0,2936.0,0
chb01_04.edf,2936.0,2940.0,0
chb01_04.edf,2940.0,2944.0,0
chb01_04.edf,2944.0,2948.0,0
chb01_04.edf,2948.0,2952.0,0
chb01_04.edf,2952.0,2956.0,0
chb01_04.edf,2956.0,2960.0,0
chb01_04.edf,2960.0,2964.0,0
chb01_04.edf,2964.0,2968.0,0
chb01_04.edf,2968.0,2972.0,0
chb01_04.edf,2972.0,2976.0,0
chb01_04.edf,2976.0,2980.0,0
chb01_04.edf,2980.0,2984.0,0
chb01_04.edf,2984.0,2988.0,0
chb01_04.edf,2988.0,2992.0,0
chb01_04.edf,2992.0,2996.0,0
chb01_04.edf,2996.0,3000.0,0
chb01_04.edf,3000.0,3004.0,0
chb01_04.edf,3004.0,3008.0,0
chb01_04.edf,3008.0,3012.0,0
chb01_04.edf,3012.0,3016.0,0
chb01_04.edf,3016.0,3020.0,0
chb01_04.edf,3020.0,3024.0,0
chb01_04.edf,3024.0,3028.0,0
chb01_04.edf,3028.0,3032.0,0
chb01_04.edf,3032.0,3036.0,0
chb01_04.edf,3036.0,3040.0,0
chb01_04.edf,3040.0,3044.0,0
chb01_04.edf,3044.0,3048.0,0
chb01_04.edf,3048.0,3052.0,0
chb01_04.edf,3052.0,3056.0,0
chb01_04.edf,3056.0,3060.0,0
chb01_04.edf,3060.0,3064.0,0
chb01_04.edf,3064.0,3068.0,0
chb01_04.edf,3068.0,3072.0,0
chb01_04.edf,3072.0,3076.0,0
chb01_04.edf,3076.0,3080.0,0
chb01_04.edf,3080.0,3084.0,0
chb01_04.edf,3084.0,3088.0,0
chb01_04.edf,3088.0,3092.0,0
chb01_04.edf,3092.0,3096.0,0
chb01_04.edf,3096.0,3100.0,0
chb01_04.edf,3100.0,3104.0,0
chb01_04.edf,3104.0,3108.0,0
chb01_04.edf,3108.0,3112.0,0
chb01_04.edf,3112.0,3116.0,0
chb01_04.edf,3116.0,3120.0,0
chb01_04.edf,3120.0,3124.0,0
chb01_04.edf,3124.0,3128.0,0
chb01_04.edf,3128.0,3132.0,0
chb01_04.edf,3132.0,3136.0,0
chb01_04.edf,3136.0,3140.0,0
chb01_04.edf,3140.0,3144.0,0
chb01_04.edf,3144.0,3148.0,0
chb01_04.edf,3148.0,3152.0,0
chb01_04.edf,3152.0,3156.0,0
chb01_04.edf,3156.0,3160.0,0
chb01_04.edf,3160.0,3164.0,0
chb01_04.edf,3164.0,3168.0,0
chb01_04.edf,3168.0,3172.0,0
chb01_04.edf,3172.0,3176.0,0
chb01_04.edf,3176.0,3180.0,0
chb01_04.edf,3180.0,3184.0,0
chb01_04.edf,3184.0,3188.0,0
chb01_04.edf,3188.0,3192.0,0
chb01_04.edf,3192.0,3196.0,0
chb01_04.edf,3196.0,3200.0,0
chb01_04.edf,3200.0,3204.0,0
chb01_04.edf,3204.0,3208.0,0
chb01_04.edf,3208.0,3212.0,0
chb01_04.edf,3212.0,3216.0,0
chb01_04.edf,3216.0,3220.0,0
chb01_04.edf,3220.0,3224.0,0
chb01_04.edf,3224.0,3228.0,0
chb01_04.edf,3228.0,3232.0,0
chb01_04.edf,3232.0,3236.0,0
chb01_04.edf,3236.0,3240.0,0
chb01_04.edf,3240.0,3244.0,0
chb01_04.edf,3244.0,3248.0,0
chb01_04.edf,3248.0,3252.0,0
chb01_04.edf,3252.0,3256.0,0
chb01_04.edf,3256.0,3260.0,0
chb01_04.edf,3260.0,3264.0,0
chb01_04.edf,3264.0,3268.0,0
chb01_04.edf,3268.0,3272.0,0
chb01_04.edf,3272.0,3276.0,0
chb01_04.edf,3276.0,3280.0,0
chb01_04.edf,3280.0,3284.0,0
chb01_04.edf,3284.0,3288.0,0
chb01_04.edf,3288.0,3292.0,0
chb01_04.edf,3292.0,3296.0,0
chb01_04.edf,3296.0,3300.0,0
chb01_04.edf,3300.0,3304.0,0
chb01_04.edf,3304.0,3308.0,0
chb01_04.edf,3308.0,3312.0,0
chb01_04.edf,3312.0,3316.0,0
chb01_04.edf,3316.0,3320.0,0
chb01_04.edf,3320.0,3324.0,0
chb01_04.edf,3324.0,3328.0,0
chb01_04.edf,3328.0,3332.0,0
chb01_04.edf,3332.0,3336.0,0
chb01_04.edf,3336.0,3340.0,0
chb01_04.edf,3340.0,3344.0,0
chb01_04.edf,3344.0,3348.0,0
chb01_04.edf,3348.0,3352.0,0
chb01_04.edf,3352.0,3356.0,0
chb01_04.edf,3356.0,3360.0,0
chb01_04.edf,3360.0,3364.0,0
chb01_04.edf,3364.0,3368.0,0
chb01_04.edf,3368.0,3372.0,0
chb01_04.edf,3372.0,3376.0,0
chb01_04.edf,3376.0,3380.0,0
chb01_04.edf,3380.0,3384.0,0
chb01_04.edf,3384.0,3388.0,0
chb01_04.edf,3388.0,3392.0,0
chb01_04.edf,3392.0,3396.0,0
chb01_04.edf,3396.0,3400.0,0
chb01_04.edf,3400.0,3404.0,0
chb01_04.edf,3404.0,3408.0,0
chb01_04.edf,3408.0,3412.0,0
chb01_04.edf,3412.0,3416.0,0
chb01_04.edf,3416.0,3420.0,0
chb01_04.edf,3420.0,3424.0,0
chb01_04.edf,3424.0,3428.0,0
chb01_04.edf,3428.0,3432.0,0
chb01_04.edf,3432.0,3436.0,0
chb01_04.edf,3436.0,3440.0,0
chb01_04.edf,3440.0,3444.0,0
chb01_04.edf,3444.0,3448.0,0
chb01_04.edf,3448.0,3452.0,0
chb01_04.edf,3452.0,3456.0,0
chb01_04.edf,3456.0,3460.0,0
chb01_04.edf,3460.0,3464.0,0
chb01_04.edf,3464.0,3468.0,0
chb01_04.edf,3468.0,3472.0,0
chb01_04.edf,3472.0,3476.0,0
chb01_04.edf,3476.0,3480.0,0
chb01_04.edf,3480.0,3484.0,0
chb01_04.edf,3484.0,3488.0,0
chb01_04.edf,3488.0,3492.0,0
chb01_04.edf,3492.0,3496.0,0
chb01_04.edf,3496.0,3500.0,0
chb01_04.edf,3500.0,3504.0,0
chb01_04.edf,3504.0,3508.0,0
chb01_04.edf,3508.0,3512.0,0
chb01_04.edf,3512.0,3516.0,0
chb01_04.edf,3516.0,3520.0,0
chb01_04.edf,3520.0,3524.0,0
chb01_04.edf,3524.0,3528.0,0
chb01_04.edf,3528.0,3532.0,0
chb01_04.edf,3532.0,3536.0,0
chb01_04.edf,3536.0,3540.0,0
chb01_04.edf,3540.0,3544.0,0
chb01_04.edf,3544.0,3548.0,0
chb01_04.edf,3548.0,3552.0,0
chb01_04.edf,3552.0,3556.0,0
chb01_04.edf,3556.0,3560.0,0
chb01_04.edf,3560.0,3564.0,0
chb01_04.edf,3564.0,3568.0,0
chb01_04.edf,3568.0,3572.0,0
chb01_04.edf,3572.0,3576.0,0
chb01_04.edf,3576.0,3580.0,0
chb01_04.edf,3580.0,3584.0,0
chb01_04.edf,3584.0,3588.0,0
chb01_04.edf,3588.0,3592.0,0
chb01_04.edf,3592.0,3596.0,0
chb01_04.edf,3596.0,3600.0,0
chb01_09.edf,0.0,4.0,0
chb01_09.edf,4.0,8.0,0
chb01_09.edf,8.0,12.0,0
chb01_09.edf,12.0,16.0,0
chb01_09.edf,16.0,20.0,0
chb01_09.edf,20.0,24.0,0
chb01_09.edf,24.0,28.0,0
chb01_09.edf,28.0,32.0,0
chb01_09.edf,32.0,36.0,0
chb01_09.edf,36.0,40.0,0
chb01_09.edf,40.0,44.0,0
chb01_09.edf,44.0,48.0,0
chb01_09.edf,48.0,52.0,0
chb01_09.edf,52.0,56.0,0
chb01_09.edf,56.0,60.0,0
chb01_09.edf,60.0,64.0,0
chb01_09.edf,64.0,68.0,0
chb01_09.edf,68.0,72.0,0
chb01_09.edf,72.0,76.0,0
chb01_09.edf,76.0,80.0,0
chb01_09.edf,80.0,84.0,0
chb01_09.edf,84.0,88.0,0
chb01_09.edf,88.0,92.0,0
chb01_09.edf,92.0,96.0,0
chb01_09.edf,96.0,100.0,0
chb01_09.edf,100.0,104.0,0
chb01_09.edf,104.0,108.0,0
chb01_09.edf,108.0,112.0,0
chb01_09.edf,112.0,116.0,0
chb01_09.edf,116.0,120.0,0
chb01_09.edf,120.0,124.0,0
chb01_09.edf,124.0,128.0,0
chb01_09.edf,128.0,132.0,0
chb01_09.edf,132.0,136.0,0
chb01_09.edf,136.0,140.0,0
chb01_09.edf,140.0,144.0,0
chb01_09.edf,144.0,148.0,0
chb01_09.edf,148.0,152.0,0
chb01_09.edf,152.0,156.0,0
chb01_09.edf,156.0,160.0,0
chb01_09.edf,160.0,164.0,0
chb01_09.edf,164.0,168.0,0
chb01_09.edf,168.0,172.0,0
chb01_09.edf,172.0,176.0,0
chb01_09.edf,176.0,180.0,0
chb01_09.edf,180.0,184.0,0
chb01_09.edf,184.0,188.0,0
chb01_09.edf,188.0,192.0,0
chb01_09.edf,192.0,196.0,0
chb01_09.edf,196.0,200.0,0
chb01_09.edf,200.0,204.0,0
chb01_09.edf,204.0,208.0,0
chb01_09.edf,208.0,212.0,0
chb01_09.edf,212.0,216.0,0
chb01_09.edf,216.0,220.0,0
chb01_09.edf,220.0,224.0,0
chb01_09.edf,224.0,228.0,0
chb01_09.edf,228.0,232.0,0
chb01_09.edf,232.0,236.0,0
chb01_09.edf,236.0,240.0,0
chb01_09.edf,240.0,244.0,0
chb01_09.edf,244.0,248.0,0
chb01_09.edf,248.0,252.0,0
chb01_09.edf,252.0,256.0,0
chb01_09.edf,256.0,260.0,0
chb01_09.edf,260.0,264.0,0
chb01_09.edf,264.0,268.0,0
chb01_09.edf,268.0,272.0,0
chb01_09.edf,272.0,276.0,0
chb01_09.edf,276.0,280.0,0
chb01_09.edf,280.0,284.0,0
chb01_09.edf,284.0,288.0,0
chb01_09.edf,288.0,292.0,0
chb01_09.edf,292.0,296.0,0
chb01_09.edf,296.0,300.0,0
chb01_09.edf,300.0,304.0,0
chb01_09.edf,304.0,308.0,0
chb01_09.edf,308.0,312.0,0
chb01_09.edf,312.0,316.0,0
chb01_09.edf,316.0,320.0,0
chb01_09.edf,320.0,324.0,0
chb01_09.edf,324.0,328.0,0
chb01_09.edf,328.0,332.0,0
chb01_09.edf,332.0,336.0,0
chb01_09.edf,336.0,340.0,0
chb01_09.edf,340.0,344.0,0
chb01_09.edf,344.0,348.0,0
chb01_09.edf,348.0,352.0,0
chb01_09.edf,352.0,356.0,0
chb01_09.edf,356.0,360.0,0
chb01_09.edf,360.0,364.0,0
chb01_09.edf,364.0,368.0,0
chb01_09.edf,368.0,372.0,0
chb01_09.edf,372.0,376.0,0
chb01_09.edf,376.0,380.0,0
chb01_09.edf,380.0,384.0,0
chb01_09.edf,384.0,388.0,0
chb01_09.edf,388.0,392.0,0
chb01_09.edf,392.0,396.0,0
chb01_09.edf,396.0,400.0,0
chb01_09.edf,400.0,404.0,0
chb01_09.edf,404.0,408.0,0
chb01_09.edf,408.0,412.0,0
chb01_09.edf,412.0,416.0,0
chb01_09.edf,416.0,420.0,0
chb01_09.edf,420.0,424.0,0
chb01_09.edf,424.0,428.0,0
chb01_09.edf,428.0,432.0,0
chb01_09.edf,432.0,436.0,0
chb01_09.edf,436.0,440.0,0
chb01_09.edf,440.0,444.0,0
chb01_09.edf,444.0,448.0,0
chb01_09.edf,448.0,452.0,0
chb01_09.edf,452.0,456.0,0
chb01_09.edf,456.0,460.0,0
chb01_09.edf,460.0,464.0,0
chb01_09.edf,464.0,468.0,0
chb01_09.edf,468.0,472.0,0
chb01_09.edf,472.0,476.0,0
chb01_09.edf,476.0,480.0,0
chb01_09.edf,480.0,484.0,0
chb01_09.edf,484.0,488.0,0
chb01_09.edf,488.0,492.0,0
chb01_09.edf,492.0,496.0,0
chb01_09.edf,496.0,500.0,0
chb01_09.edf,500.0,504.0,0
chb01_09.edf,504.0,508.0,0
chb01_09.edf,508.0,512.0,0
chb01_09.edf,512.0,516.0,0
chb01_09.edf,516.0,520.0,0
chb01_09.edf,520.0,524.0,0
chb01_09.edf,524.0,528.0,0
chb01_09.edf,528.0,532.0,0
chb01_09.edf,532.0,536.0,0
chb01_09.edf,536.0,540.0,0
chb01_09.edf,540.0,544.0,0
chb01_09.edf,544.0,548.0,0
chb01_09.edf,548.0,552.0,0
chb01_09.edf,552.0,556.0,0
chb01_09.edf,556.0,560.0,0
chb01_09.edf,560.0,564.0,0
chb01_09.edf,564.0,568.0,0
chb01_09.edf,568.0,572.0,0
chb01_09.edf,572.0,576.0,0
chb01_09.edf,576.0,580.0,0
chb01_09.edf,580.0,584.0,0
chb01_09.edf,584.0,588.0,0
chb01_09.edf,588.0,592.0,0
chb01_09.edf,592.0,596.0,0
chb01_09.edf,596.0,600.0,0
chb01_09.edf,600.0,604.0,0
chb01_09.edf,604.0,608.0,0
chb01_09.edf,608.0,612.0,0
chb01_09.edf,612.0,616.0,0
chb01_09.edf,616.0,620.0,0
chb01_09.edf,620.0,624.0,0
chb01_09.edf,624.0,628.0,0
chb01_09.edf,628.0,632.0,0
chb01_09.edf,632.0,636.0,0
chb01_09.edf,636.0,640.0,0
chb01_09.edf,640.0,644.0,0
chb01_09.edf,644.0,648.0,0
chb01_09.edf,648.0,652.0,0
chb01_09.edf,652.0,656.0,0
chb01_09.edf,656.0,660.0,0
chb01_09.edf,660.0,664.0,0
chb01_09.edf,664.0,668.0,0
chb01_09.edf,668.0,672.0,0
chb01_09.edf,672.0,676.0,0
chb01_09.edf,676.0,680.0,0
chb01_09.edf,680.0,684.0,0
chb01_09.edf,684.0,688.0,0
chb01_09.edf,688.0,692.0,0
chb01_09.edf,692.0,696.0,0
chb01_09.edf,696.0,700.0,0
chb01_09.edf,700.0,704.0,0
chb01_09.edf,704.0,708.0,0
chb01_09.edf,708.0,712.0,0
chb01_09.edf,712.0,716.0,0
chb01_09.edf,716.0,720.0,0
chb01_09.edf,720.0,724.0,0
chb01_09.edf,724.0,728.0,0
chb01_09.edf,728.0,732.0,0
chb01_09.edf,732.0,736.0,0
chb01_09.edf,736.0,740.0,0
chb01_09.edf,740.0,744.0,0
chb01_09.edf,744.0,748.0,0
chb01_09.edf,748.0,752.0,0
chb01_09.edf,752.0,756.0,0
chb01_09.edf,756.0,760.0,0
chb01_09.edf,760.0,764.0,0
chb01_09.edf,764.0,768.0,0
chb01_09.edf,768.0,772.0,0
chb01_09.edf,772.0,776.0,0
chb01_09.edf,776.0,780.0,0
chb01_09.edf,780.0,784.0,0
chb01_09.edf,784.0,788.0,0
chb01_09.edf,788.0,792.0,0
chb01_09.edf,792.0,796.0,0
chb01_09.edf,796.0,800.0,0
chb01_09.edf,800.0,804.0,0
chb01_09.edf,804.0,808.0,0
chb01_09.edf,808.0,812.0,0
chb01_09.edf,812.0,816.0,0
chb01_09.edf,816.0,820.0,0
chb01_09.edf,820.0,824.0,0
chb01_09.edf,824.0,828.0,0
chb01_09.edf,828.0,832.0,0
chb01_09.edf,832.0,836.0,0
chb01_09.edf,836.0,840.0,0
chb01_09.edf,840.0,844.0,0
chb01_09.edf,844.0,848.0,0
chb01_09.edf,848.0,852.0,0
chb01_09.edf,852.0,856.0,0
chb01_09.edf,856.0,860.0,0
chb01_09.edf,860.0,864.0,0
chb01_09.edf,864.0,868.0,0
chb01_09.edf,868.0,872.0,0
chb01_09.edf,872.0,876.0,0
chb01_09.edf,876.0,880.0,0
chb01_09.edf,880.0,884.0,0
chb01_09.edf,884.0,888.0,0
chb01_09.edf,888.0,892.0,0
chb01_09.edf,892.0,896.0,0
chb01_09.edf,896.0,900.0,0
chb01_09.edf,900.0,904.0,0
chb01_09.edf,904.0,908.0,0
chb01_09.edf,908.0,912.0,0
chb01_09.edf,912.0,916.0,0
chb01_09.edf,916.0,920.0,0
chb01_09.edf,920.0,924.0,0
chb01_09.edf,924.0,928.0,0
chb01_09.edf,928.0,932.0,0
chb01_09.edf,932.0,936.0,0
chb01_09.edf,936.0,940.0,0
chb01_09.edf,940.0,944.0,0
chb01_09.edf,944.0,948.0,0
chb01_09.edf,948.0,952.0,0
chb01_09.edf,952.0,956.0,0
chb01_09.edf,956.0,960.0,0
chb01_09.edf,960.0,964.0,0
chb01_09.edf,964.0,968.0,0
chb01_09.edf,968.0,972.0,0
chb01_09.edf,972.0,976.0,0
chb01_09.edf,976.0,980.0,0
chb01_09.edf,980.0,984.0,0
chb01_09.edf,984.0,988.0,0
chb01_09.edf,988.0,992.0,0
chb01_09.edf,992.0,996.0,0
chb01_09.edf,996.0,1000.0,0
chb01_09.edf,1000.0,1004.0,0
chb01_09.edf,1004.0,1008.0,0
chb01_09.edf,1008.0,1012.0,0
chb01_09.edf,1012.0,1016.0,0
chb01_09.edf,1016.0,1020.0,0
chb01_09.edf,1020.0,1024.0,0
chb01_09.edf,1024.0,1028.0,0
chb01_09.edf,1028.0,1032.0,0
chb01_09.edf,1032.0,1036.0,0
chb01_09.edf,1036.0,1040.0,0
chb01_09.edf,1040.0,1044.0,0
chb01_09.edf,1044.0,1048.0,0
chb01_09.edf,1048.0,1052.0,0
chb01_09.edf,1052.0,1056.0,0
chb01_09.edf,1056.0,1060.0,0
chb01_09.edf,1060.0,1064.0,0
chb01_09.edf,1064.0,1068.0,0
chb01_09.edf,1068.0,1072.0,0
chb01_09.edf,1072.0,1076.0,0
chb01_09.edf,1076.0,1080.0,0
chb01_09.edf,1080.0,1084.0,0
chb01_09.edf,1084.0,1088.0,0
chb01_09.edf,1088.0,1092.0,0
chb01_09.edf,1092.0,1096.0,0
chb01_09.edf,1096.0,1100.0,0
chb01_09.edf,1100.0,1104.0,0
chb01_09.edf,1104.0,1108.0,0
chb01_09.edf,1108.0,1112.0,0
chb01_09.edf,1112.0,1116.0,0
chb01_09.edf,1116.0,1120.0,0
chb01_09.edf,1120.0,1124.0,0
chb01_09.edf,1124.0,1128.0,0
chb01_09.edf,1128.0,1132.0,0
chb01_09.edf,1132.0,1136.0,0
chb01_09.edf,1136.0,1140.0,0
chb01_09.edf,1140.0,1144.0,0
chb01_09.edf,1144.0,1148.0,0
chb01_09.edf,1148.0,1152.0,0
chb01_09.edf,1152.0,1156.0,0
chb01_09.edf,1156.0,1160.0,0
chb01_09.edf,1160.0,1164.0,0
chb01_09.edf,1164.0,1168.0,0
chb01_09.edf,1168.0,1172.0,0
chb01_09.edf,1172.0,1176.0,0
chb01_09.edf,1176.0,1180.0,0
chb01_09.edf,1180.0,1184.0,0
chb01_09.edf,1184.0,1188.0,0
chb01_09.edf,1188.0,1192.0,0
chb01_09.edf,1192.0,1196.0,0
chb01_09.edf,1196.0,1200.0,0
chb01_09.edf,1200.0,1204.0,0
chb01_09.edf,1204.0,1208.0,0
chb01_09.edf,1208.0,1212.0,0
chb01_09.edf,1212.0,1216.0,0
chb01_09.edf,1216.0,1220.0,0
chb01_09.edf,1220.0,1224.0,0
chb01_09.edf,1224.0,1228.0,0
chb01_09.edf,1228.0,1232.0,0
chb01_09.edf,1232.0,1236.0,0
chb01_09.edf,1236.0,1240.0,0
chb01_09.edf,1240.0,1244.0,0
chb01_09.edf,1244.0,1248.0,0
chb01_09.edf,1248.0,1252.0,0
chb01_09.edf,1252.0,1256.0,0
chb01_09.edf,1256.0,1260.0,0
chb01_09.edf,1260.0,1264.0,0
chb01_09.edf,1264.0,1268.0,0
chb01_09.edf,1268.0,1272.0,0
chb01_09.edf,1272.0,1276.0,0
chb01_09.edf,1276.0,1280.0,0
chb01_09.edf,1280.0,1284.0,0
chb01_09.edf,1284.0,1288.0,0
chb01_09.edf,1288.0,1292.0,0
chb01_09.edf,1292.0,1296.0,0
chb01_09.edf,1296.0,1300.0,0
chb01_09.edf,1300.0,1304.0,0
chb01_09.edf,1304.0,1308.0,0
chb01_09.edf,1308.0,1312.0,0
chb01_09.edf,1312.0,1316.0,0
chb01_09.edf,1316.0,1320.0,0
chb01_09.edf,1320.0,1324.0,0
chb01_09.edf,1324.0,1328.0,0
chb01_09.edf,1328.0,1332.0,0
chb01_09.edf,1332.0,1336.0,0
chb01_09.edf,1336.0,1340.0,0
chb01_09.edf,1340.0,1344.0,0
chb01_09.edf,1344.0,1348.0,0
chb01_09.edf,1348.0,1352.0,0
chb01_09.edf,1352.0,1356.0,0
chb01_09.edf,1356.0,1360.0,0
chb01_09.edf,1360.0,1364.0,0
chb01_09.edf,1364.0,1368.0,0
chb01_09.edf,1368.0,1372.0,0
chb01_09.edf,1372.0,1376.0,0
chb01_09.edf,1376.0,1380.0,0
chb01_09.edf,1380.0,1384.0,0
chb01_09.edf,1384.0,1388.0,0
chb01_09.edf,1388.0,1392.0,0
chb01_09.edf,1392.0,1396.0,0
chb01_09.edf,1396.0,1400.0,0
chb01_09.edf,1400.0,1404.0,0
chb01_09.edf,1404.0,1408.0,0
chb01_09.edf,1408.0,1412.0,0
chb01_09.edf,1412.0,1416.0,0
chb01_09.edf,1416.0,1420.0,0
chb01_09.edf,1420.0,1424.0,0
chb01_09.edf,1424.0,1428.0,0
chb01_09.edf,1428.0,1432.0,0
chb01_09.edf,1432.0,1436.0,0
chb01_09.edf,1436.0,1440.0,0
chb01_09.edf,1440.0,1444.0,0
chb01_09.edf,1444.0,1448.0,0
chb01_09.edf,1448.0,1452.0,0
chb01_09.edf,1452.0,1456.0,0
chb01_09.edf,1456.0,1460.0,0
chb01_09.edf,1460.0,1464.0,0
chb01_09.edf,1464.0,1468.0,0
chb01_09.edf,1468.0,1472.0,0
chb01_09.edf,1472.0,1476.0,0
chb01_09.edf,1476.0,1480.0,0
chb01_09.edf,1480.0,1484.0,0
chb01_09.edf,1484.0,1488.0,0
chb01_09.edf,1488.0,1492.0,0
chb01_09.edf,1492.0,1496.0,0
chb01_09.edf,1496.0,1500.0,0
chb01_09.edf,1500.0,1504.0,0
chb01_09.edf,1504.0,1508.0,0
chb01_09.edf,1508.0,1512.0,0
chb01_09.edf,1512.0,1516.0,0
chb01_09.edf,1516.0,1520.0,0
chb01_09.edf,1520.0,1524.0,0
chb01_09.edf,1524.0,1528.0,0
chb01_09.edf,1528.0,1532.0,0
chb01_09.edf,1532.0,1536.0,0
chb01_09.edf,1536.0,1540.0,0
chb01_09.edf,1540.0,1544.0,0
chb01_09.edf,1544.0,1548.0,0
chb01_09.edf,1548.0,1552.0,0
chb01_09.edf,1552.0,1556.0,0
chb01_09.edf,1556.0,1560.0,0
chb01_09.edf,1560.0,1564.0,0
chb01_09.edf,1564.0,1568.0,0
chb01_09.edf,1568.0,1572.0,0
chb01_09.edf,1572.0,1576.0,0
chb01_09.edf,1576.0,1580.0,0
chb01_09.edf,1580.0,1584.0,0
chb01_09.edf,1584.0,1588.0,0
chb01_09.edf,1588.0,1592.0,0
chb01_09.edf,1592.0,1596.0,0
chb01_09.edf,1596.0,1600.0,0
chb01_09.edf,1600.0,1604.0,0
chb01_09.edf,1604.0,1608.0,0
chb01_09.edf,1608.0,1612.0,0
chb01_09.edf,1612.0,1616.0,0
chb01_09.edf,1616.0,1620.0,0
chb01_09.edf,1620.0,1624.0,0
chb01_09.edf,1624.0,1628.0,0
chb01_09.edf,1628.0,1632.0,0
chb01_09.edf,1632.0,1636.0,0
chb01_09.edf,1636.0,1640.0,0
chb01_09.edf,1640.0,1644.0,0
chb01_09.edf,1644.0,1648.0,0
chb01_09.edf,1648.0,1652.0,0
chb01_09.edf,1652.0,1656.0,0
chb01_09.edf,1656.0,1660.0,0
chb01_09.edf,1660.0,1664.0,0
chb01_09.edf,1664.0,1668.0,0
chb01_09.edf,1668.0,1672.0,0
chb01_09.edf,1672.0,1676.0,0
chb01_09.edf,1676.0,1680.0,0
chb01_09.edf,1680.0,1684.0,0
chb01_09.edf,1684.0,1688.0,0
chb01_09.edf,1688.0,1692.0,0
chb01_09.edf,1692.0,1696.0,0
chb01_09.edf,1696.0,1700.0,0
chb01_09.edf,1700.0,1704.0,0
chb01_09.edf,1704.0,1708.0,0
chb01_09.edf,1708.0,1712.0,0
chb01_09.edf,1712.0,1716.0,0
chb01_09.edf,1716.0,1720.0,0
chb01_09.edf,1720.0,1724.0,0
chb01_09.edf,1724.0,1728.0,0
chb01_09.edf,1728.0,1732.0,0
chb01_09.edf,1732.0,1736.0,0
chb01_09.edf,1736.0,1740.0,0
chb01_09.edf,1740.0,1744.0,0
chb01_09.edf,1744.0,1748.0,0
chb01_09.edf,1748.0,1752.0,0
chb01_09.edf,1752.0,1756.0,0
chb01_09.edf,1756.0,1760.0,0
chb01_09.edf,1760.0,1764.0,0
chb01_09.edf,1764.0,1768.0,0
chb01_09.edf,1768.0,1772.0,0
chb01_09.edf,1772.0,1776.0,0
chb01_09.edf,1776.0,1780.0,0
chb01_09.edf,1780.0,1784.0,0
chb01_09.edf,1784.0,1788.0,0
chb01_09.edf,1788.0,1792.0,0
chb01_09.edf,1792.0,1796.0,0
chb01_09.edf,1796.0,1800.0,0
chb01_09.edf,1800.0,1804.0,0
chb01_09.edf,1804.0,1808.0,0
chb01_09.edf,1808.0,1812.0,0
chb01_09.edf,1812.0,1816.0,0
chb01_09.edf,1816.0,1820.0,0
chb01_09.edf,1820.0,1824.0,0
chb01_09.edf,1824.0,1828.0,0
chb01_09.edf,1828.0,1832.0,0
chb01_09.edf,1832.0,1836.0,0
chb01_09.edf,1836.0,1840.0,0
chb01_09.edf,1840.0,1844.0,0
chb01_09.edf,1844.0,1848.0,0
chb01_09.edf,1848.0,1852.0,0
chb01_09.edf,1852.0,1856.0,0
chb01_09.edf,1856.0,1860.0,0
chb01_09.edf,1860.0,1864.0,0
chb01_09.edf,1864.0,1868.0,0
chb01_09.edf,1868.0,1872.0,0
chb01_09.edf,1872.0,1876.0,0
chb01_09.edf,1876.0,1880.0,0
chb01_09.edf,1880.0,1884.0,0
chb01_09.edf,1884.0,1888.0,0
chb01_09.edf,1888.0,1892.0,0
chb01_09.edf,1892.0,1896.0,0
chb01_09.edf,1896.0,1900.0,0
chb01_09.edf,1900.0,1904.0,0
chb01_09.edf,1904.0,1908.0,0
chb01_09.edf,1908.0,1912.0,0
chb01_09.edf,1912.0,1916.0,0
chb01_09.edf,1916.0,1920.0,0
chb01_09.edf,1920.0,1924.0,0
chb01_09.edf,1924.0,1928.0,0
chb01_09.edf,1928.0,1932.0,0
chb01_09.edf,1932.0,1936.0,0
chb01_09.edf,1936.0,1940.0,0
chb01_09.edf,1940.0,1944.0,0
chb01_09.edf,1944.0,1948.0,0
chb01_09.edf,1948.0,1952.0,0
chb01_09.edf,1952.0,1956.0,0
chb01_09.edf,1956.0,1960.0,0
chb01_09.edf,1960.0,1964.0,0
chb01_09.edf,1964.0,1968.0,0
chb01_09.edf,1968.0,1972.0,0
chb01_09.edf,1972.0,1976.0,0
chb01_09.edf,1976.0,1980.0,0
chb01_09.edf,1980.0,1984.0,0
chb01_09.edf,1984.0,1988.0,0
chb01_09.edf,1988.0,1992.0,0
chb01_09.edf,1992.0,1996.0,0
chb01_09.edf,1996.0,2000.0,0
chb01_09.edf,2000.0,2004.0,0
chb01_09.edf,2004.0,2008.0,0
chb01_09.edf,2008.0,2012.0,0
chb01_09.edf,2012.0,2016.0,0
chb01_09.edf,2016.0,2020.0,0
chb01_09.edf,2020.0,2024.0,0
chb01_09.edf,2024.0,2028.0,0
chb01_09.edf,2028.0,2032.0,0
chb01_09.edf,2032.0,2036.0,0
chb01_09.edf,2036.0,2040.0,0
chb01_09.edf,2040.0,2044.0,0
chb01_09.edf,2044.0,2048.0,0
chb01_09.edf,2048.0,2052.0,0
chb01_09.edf,2052.0,2056.0,0
chb01_09.edf,2056.0,2060.0,0
chb01_09.edf,2060.0,2064.0,0
chb01_09.edf,2064.0,2068.0,0
chb01_09.edf,2068.0,2072.0,0
chb01_09.edf,2072.0,2076.0,0
chb01_09.edf,2076.0,2080.0,0
chb01_09.edf,2080.0,2084.0,0
chb01_09.edf,2084.0,2088.0,0
chb01_09.edf,2088.0,2092.0,0
chb01_09.edf,2092.0,2096.0,0
chb01_09.edf,2096.0,2100.0,0
chb01_09.edf,2100.0,2104.0,0
chb01_09.edf,2104.0,2108.0,0
chb01_09.edf,2108.0,2112.0,0
chb01_09.edf,2112.0,2116.0,0
chb01_09.edf,2116.0,2120.0,0
chb01_09.edf,2120.0,2124.0,0
chb01_09.edf,2124.0,2128.0,0
chb01_09.edf,2128.0,2132.0,0
chb01_09.edf,2132.0,2136.0,0
chb01_09.edf,2136.0,2140.0,0
chb01_09.edf,2140.0,2144.0,0
chb01_09.edf,2144.0,2148.0,0
chb01_09.edf,2148.0,2152.0,0
chb01_09.edf,2152.0,2156.0,0
chb01_09.edf,2156.0,2160.0,0
chb01_09.edf,2160.0,2164.0,0
chb01_09.edf,2164.0,2168.0,0
chb01_09.edf,2168.0,2172.0,0
chb01_09.edf,2172.0,2176.0,0
chb01_09.edf,2176.0,2180.0,0
chb01_09.edf,2180.0,2184.0,0
chb01_09.edf,2184.0,2188.0,0
chb01_09.edf,2188.0,2192.0,0
chb01_09.edf,2192.0,2196.0,0
chb01_09.edf,2196.0,2200.0,0
chb01_09.edf,2200.0,2204.0,0
chb01_09.edf,2204.0,2208.0,0
chb01_09.edf,2208.0,2212.0,0
chb01_09.edf,2212.0,2216.0,0
chb01_09.edf,2216.0,2220.0,0
chb01_09.edf,2220.0,2224.0,0
chb01_09.edf,2224.0,2228.0,0
chb01_09.edf,2228.0,2232.0,0
chb01_09.edf,2232.0,2236.0,0
chb01_09.edf,2236.0,2240.0,0
chb01_09.edf,2240.0,2244.0,0
chb01_09.edf,2244.0,2248.0,0
chb01_09.edf,2248.0,2252.0,0
chb01_09.edf,2252.0,2256.0,0
chb01_09.edf,2256.0,2260.0,0
chb01_09.edf,2260.0,2264.0,0
chb01_09.edf,2264.0,2268.0,0
chb01_09.edf,2268.0,2272.0,0
chb01_09.edf,2272.0,2276.0,0
chb01_09.edf,2276.0,2280.0,0
chb01_09.edf,2280.0,2284.0,0
chb01_09.edf,2284.0,2288.0,0
chb01_09.edf,2288.0,2292.0,0
chb01_09.edf,2292.0,2296.0,0
chb01_09.edf,2296.0,2300.0,0
chb01_09.edf,2300.0,2304.0,0
chb01_09.edf,2304.0,2308.0,0
chb01_09.edf,2308.0,2312.0,0
chb01_09.edf,2312.0,2316.0,0
chb01_09.edf,2316.0,2320.0,0
chb01_09.edf,2320.0,2324.0,0
chb01_09.edf,2324.0,2328.0,0
chb01_09.edf,2328.0,2332.0,0
chb01_09.edf,2332.0,2336.0,0
chb01_09.edf,2336.0,2340.0,0
chb01_09.edf,2340.0,2344.0,0
chb01_09.edf,2344.0,2348.0,0
chb01_09.edf,2348.0,2352.0,0
chb01_09.edf,2352.0,2356.0,0
chb01_09.edf,2356.0,2360.0,0
chb01_09.edf,2360.0,2364.0,0
chb01_09.edf,2364.0,2368.0,0
chb01_09.edf,2368.0,2372.0,0
chb01_09.edf,2372.0,2376.0,0
chb01_09.edf,2376.0,2380.0,0
chb01_09.edf,2380.0,2384.0,0
chb01_09.edf,2384.0,2388.0,0
chb01_09.edf,2388.0,2392.0,0
chb01_09.edf,2392.0,2396.0,0
chb01_09.edf,2396.0,2400.0,0
chb01_09.edf,2400.0,2404.0,0
chb01_09.edf,2404.0,2408.0,0
chb01_09.edf,2408.0,2412.0,0
chb01_09.edf,2412.0,2416.0,0
chb01_09.edf,2416.0,2420.0,0
chb01_09.edf,2420.0,2424.0,0
chb01_09.edf,2424.0,2428.0,0
chb01_09.edf,2428.0,2432.0,0
chb01_09.edf,2432.0,2436.0,0
chb01_09.edf,2436.0,2440.0,0
chb01_09.edf,2440.0,2444.0,0
chb01_09.edf,2444.0,2448.0,0
chb01_09.edf,2448.0,2452.0,0
chb01_09.edf,2452.0,2456.0,0
chb01_09.edf,2456.0,2460.0,0
chb01_09.edf,2460.0,2464.0,0
chb01_09.edf,2464.0,2468.0,0
chb01_09.edf,2468.0,2472.0,0
chb01_09.edf,2472.0,2476.0,0
chb01_09.edf,2476.0,2480.0,0
chb01_09.edf,2480.0,2484.0,0
chb01_09.edf,2484.0,2488.0,0
chb01_09.edf,2488.0,2492.0,0
chb01_09.edf,2492.0,2496.0,0
chb01_09.edf,2496.0,2500.0,0
chb01_09.edf,2500.0,2504.0,0
chb01_09.edf,2504.0,2508.0,0
chb01_09.edf,2508.0,2512.0,0
chb01_09.edf,2512.0,2516.0,0
chb01_09.edf,2516.0,2520.0,0
chb01_09.edf,2520.0,2524.0,0
chb01_09.edf,2524.0,2528.0,0
chb01_09.edf,2528.0,2532.0,0
chb01_09.edf,2532.0,2536.0,0
chb01_09.edf,2536.0,2540.0,0
chb01_09.edf,2540.0,2544.0,0
chb01_09.edf,2544.0,2548.0,0
chb01_09.edf,2548.0,2552.0,0
chb01_09.edf,2552.0,2556.0,0
chb01_09.edf,2556.0,2560.0,0
chb01_09.edf,2560.0,2564.0,0
chb01_09.edf,2564.0,2568.0,0
chb01_09.edf,2568.0,2572.0,0
chb01_09.edf,2572.0,2576.0,0
chb01_09.edf,2576.0,2580.0,0
chb01_09.edf,2580.0,2584.0,0
chb01_09.edf,2584.0,2588.0,0
chb01_09.edf,2588.0,2592.0,0
chb01_09.edf,2592.0,2596.0,0
chb01_09.edf,2596.0,2600.0,0
chb01_09.edf,2600.0,2604.0,0
chb01_09.edf,2604.0,2608.0,0
chb01_09.edf,2608.0,2612.0,0
chb01_09.edf,2612.0,2616.0,0
chb01_09.edf,2616.0,2620.0,0
chb01_09.edf,2620.0,2624.0,0
chb01_09.edf,2624.0,2628.0,0
chb01_09.edf,2628.0,2632.0,0
chb01_09.edf,2632.0,2636.0,0
chb01_09.edf,2636.0,2640.0,0
chb01_09.edf,2640.0,2644.0,0
chb01_09.edf,2644.0,2648.0,0
chb01_09.edf,2648.0,2652.0,0
chb01_09.edf,2652.0,2656.0,0
chb01_09.edf,2656.0,2660.0,0
chb01_09.edf,2660.0,2664.0,0
chb01_09.edf,2664.0,2668.0,0
chb01_09.edf,2668.0,2672.0,0
chb01_09.edf,2672.0,2676.0,0
chb01_09.edf,2676.0,2680.0,0
chb01_09.edf,2680.0,2684.0,0
chb01_09.edf,2684.0,2688.0,0
chb01_09.edf,2688.0,2692.0,0
chb01_09.edf,2692.0,2696.0,0
chb01_09.edf,2696.0,2700.0,0
chb01_09.edf,2700.0,2704.0,0
chb01_09.edf,2704.0,2708.0,0
chb01_09.edf,2708.0,2712.0,0
chb01_09.edf,2712.0,2716.0,0
chb01_09.edf,2716.0,2720.0,0
chb01_09.edf,2720.0,2724.0,0
chb01_09.edf,2724.0,2728.0,0
chb01_09.edf,2728.0,2732.0,0
chb01_09.edf,2732.0,2736.0,0
chb01_09.edf,2736.0,2740.0,0
chb01_09.edf,2740.0,2744.0,0
chb01_09.edf,2744.0,2748.0,0
chb01_09.edf,2748.0,2752.0,0
chb01_09.edf,2752.0,2756.0,0
chb01_09.edf,2756.0,2760.0,0
chb01_09.edf,2760.0,2764.0,0
chb01_09.edf,2764.0,2768.0,0
chb01_09.edf,2768.0,2772.0,0
chb01_09.edf,2772.0,2776.0,0
chb01_09.edf,2776.0,2780.0,0
chb01_09.edf,2780.0,2784.0,0
chb01_09.edf,2784.0,2788.0,0
chb01_09.edf,2788.0,2792.0,0
chb01_09.edf,2792.0,2796.0,0
chb01_09.edf,2796.0,2800.0,0
chb01_09.edf,2800.0,2804.0,0
chb01_09.edf,2804.0,2808.0,0
chb01_09.edf,2808.0,2812.0,0
chb01_09.edf,2812.0,2816.0,0
chb01_09.edf,2816.0,2820.0,0
chb01_09.edf,2820.0,2824.0,0
chb01_09.edf,2824.0,2828.0,0
chb01_09.edf,2828.0,2832.0,0
chb01_09.edf,2832.0,2836.0,0
chb01_09.edf,2836.0,2840.0,0
chb01_09.edf,2840.0,2844.0,0
chb01_09.edf,2844.0,2848.0,0
chb01_09.edf,2848.0,2852.0,0
chb01_09.edf,2852.0,2856.0,0
chb01_09.edf,2856.0,2860.0,0
chb01_09.edf,2860.0,2864.0,0
chb01_09.edf,2864.0,2868.0,0
chb01_09.edf,2868.0,2872.0,0
chb01_09.edf,2872.0,2876.0,0
chb01_09.edf,2876.0,2880.0,0
chb01_09.edf,2880.0,2884.0,0
chb01_09.edf,2884.0,2888.0,0
chb01_09.edf,2888.0,2892.0,0
chb01_09.edf,2892.0,2896.0,0
chb01_09.edf,2896.0,2900.0,0
chb01_09.edf,2900.0,2904.0,0
chb01_09.edf,2904.0,2908.0,0
chb01_09.edf,2908.0,2912.0,0
chb01_09.edf,2912.0,2916.0,0
chb01_09.edf,2916.0,2920.0,0
chb01_09.edf,2920.0,2924.0,0
chb01_09.edf,2924.0,2928.0,0
chb01_09.edf,2928.0,2932.0,0
chb01_09.edf,2932.0,2936.0,0
chb01_09.edf,2936.0,2940.0,0
chb01_09.edf,2940.0,2944.0,0
chb01_09.edf,2944.0,2948.0,0
chb01_09.edf,2948.0,2952.0,0
chb01_09.edf,2952.0,2956.0,0
chb01_09.edf,2956.0,2960.0,0
chb01_09.edf,2960.0,2964.0,0
chb01_09.edf,2964.0,2968.0,0
chb01_09.edf,2968.0,2972.0,0
chb01_09.edf,2972.0,2976.0,0
chb01_09.edf,2976.0,2980.0,0
chb01_09.edf,2980.0,2984.0,0
chb01_09.edf,2984.0,2988.0,0
chb01_09.edf,2988.0,2992.0,0
chb01_09.edf,2992.0,2996.0,0
chb01_09.edf,2996.0,3000.0,0
chb01_09.edf,3000.0,3004.0,0
chb01_09.edf,3004.0,3008.0,0
chb01_09.edf,3008.0,3012.0,0
chb01_09.edf,3012.0,3016.0,0
chb01_09.edf,3016.0,3020.0,0
chb01_09.edf,3020.0,3024.0,0
chb01_09.edf,3024.0,3028.0,0
chb01_09.edf,3028.0,3032.0,0
chb01_09.edf,3032.0,3036.0,0
chb01_09.edf,3036.0,3040.0,0
chb01_09.edf,3040.0,3044.0,0
chb01_09.edf,3044.0,3048.0,0
chb01_09.edf,3048.0,3052.0,0
chb01_09.edf,3052.0,3056.0,0
chb01_09.edf,3056.0,3060.0,0
chb01_09.edf,3060.0,3064.0,0
chb01_09.edf,3064.0,3068.0,0
chb01_09.edf,3068.0,3072.0,0
chb01_09.edf,3072.0,3076.0,0
chb01_09.edf,3076.0,3080.0,0
chb01_09.edf,3080.0,3084.0,0
chb01_09.edf,3084.0,3088.0,0
chb01_09.edf,3088.0,3092.0,0
chb01_09.edf,3092.0,3096.0,0
chb01_09.edf,3096.0,3100.0,0
chb01_09.edf,3100.0,3104.0,0
chb01_09.edf,3104.0,3108.0,0
chb01_09.edf,3108.0,3112.0,0
chb01_09.edf,3112.0,3116.0,0
chb01_09.edf,3116.0,3120.0,0
chb01_09.edf,3120.0,3124.0,0
chb01_09.edf,3124.0,3128.0,0
chb01_09.edf,3128.0,3132.0,0
chb01_09.edf,3132.0,3136.0,0
chb01_09.edf,3136.0,3140.0,0
chb01_09.edf,3140.0,3144.0,0
chb01_09.edf,3144.0,3148.0,0
chb01_09.edf,3148.0,3152.0,0
chb01_09.edf,3152.0,3156.0,0
chb01_09.edf,3156.0,3160.0,0
chb01_09.edf,3160.0,3164.0,0
chb01_09.edf,3164.0,3168.0,0
chb01_09.edf,3168.0,3172.0,0
chb01_09.edf,3172.0,3176.0,0
chb01_09.edf,3176.0,3180.0,0
chb01_09.edf,3180.0,3184.0,0
chb01_09.edf,3184.0,3188.0,0
chb01_09.edf,3188.0,3192.0,0
chb01_09.edf,3192.0,3196.0,0
chb01_09.edf,3196.0,3200.0,0
chb01_09.edf,3200.0,3204.0,0
chb01_09.edf,3204.0,3208.0,0
chb01_09.edf,3208.0,3212.0,0
chb01_09.edf,3212.0,3216.0,0
chb01_09.edf,3216.0,3220.0,0
chb01_09.edf,3220.0,3224.0,0
chb01_09.edf,3224.0,3228.0,0
chb01_09.edf,3228.0,3232.0,0
chb01_09.edf,3232.0,3236.0,0
chb01_09.edf,3236.0,3240.0,0
chb01_09.edf,3240.0,3244.0,0
chb01_09.edf,3244.0,3248.0,0
chb01_09.edf,3248.0,3252.0,0
chb01_09.edf,3252.0,3256.0,0
chb01_09.edf,3256.0,3260.0,0
chb01_09.edf,3260.0,3264.0,0
chb01_09.edf,3264.0,3268.0,0
chb01_09.edf,3268.0,3272.0,0
chb01_09.edf,3272.0,3276.0,0
chb01_09.edf,3276.0,3280.0,0
chb01_09.edf,3280.0,3284.0,0
chb01_09.edf,3284.0,3288.0,0
chb01_09.edf,3288.0,3292.0,0
chb01_09.edf,3292.0,3296.0,0
chb01_09.edf,3296.0,3300.0,0
chb01_09.edf,3300.0,3304.0,0
chb01_09.edf,3304.0,3308.0,0
chb01_09.edf,3308.0,3312.0,0
chb01_09.edf,3312.0,3316.0,0
chb01_09.edf,3316.0,3320.0,0
chb01_09.edf,3320.0,3324.0,0
chb01_09.edf,3324.0,3328.0,0
chb01_09.edf,3328.0,3332.0,0
chb01_09.edf,3332.0,3336.0,0
chb01_09.edf,3336.0,3340.0,0
chb01_09.edf,3340.0,3344.0,0
chb01_09.edf,3344.0,3348.0,0
chb01_09.edf,3348.0,3352.0,0
chb01_09.edf,3352.0,3356.0,0
chb01_09.edf,3356.0,3360.0,0
chb01_09.edf,3360.0,3364.0,0
chb01_09.edf,3364.0,3368.0,0
chb01_09.edf,3368.0,3372.0,0
chb01_09.edf,3372.0,3376.0,0
chb01_09.edf,3376.0,3380.0,0
chb01_09.edf,3380.0,3384.0,0
chb01_09.edf,3384.0,3388.0,0
chb01_09.edf,3388.0,3392.0,0
chb01_09.edf,3392.0,3396.0,0
chb01_09.edf,3396.0,3400.0,0
chb01_09.edf,3400.0,3404.0,0
chb01_09.edf,3404.0,3408.0,0
chb01_09.edf,3408.0,3412.0,0
chb01_09.edf,3412.0,3416.0,0
chb01_09.edf,3416.0,3420.0,0
chb01_09.edf,3420.0,3424.0,0
chb01_09.edf,3424.0,3428.0,0
chb01_09.edf,3428.0,3432.0,0
chb01_09.edf,3432.0,3436.0,0
chb01_09.edf,3436.0,3440.0,0
chb01_09.edf,3440.0,3444.0,0
chb01_09.edf,3444.0,3448.0,0
chb01_09.edf,3448.0,3452.0,0
chb01_09.edf,3452.0,3456.0,0
chb01_09.edf,3456.0,3460.0,0
chb01_09.edf,3460.0,3464.0,0
chb01_09.edf,3464.0,3468.0,0
chb01_09.edf,3468.0,3472.0,0
chb01_09.edf,3472.0,3476.0,0
chb01_09.edf,3476.0,3480.0,0
chb01_09.edf,3480.0,3484.0,0
chb01_09.edf,3484.0,3488.0,0
chb01_09.edf,3488.0,3492.0,0
chb01_09.edf,3492.0,3496.0,0
chb01_09.edf,3496.0,3500.0,0
chb01_09.edf,3500.0,3504.0,0
chb01_09.edf,3504.0,3508.0,0
chb01_09.edf,3508.0,3512.0,0
chb01_09.edf,3512.0,3516.0,0
chb01_09.edf,3516.0,3520.0,0
chb01_09.edf,3520.0,3524.0,0
chb01_09.edf,3524.0,3528.0,0
chb01_09.edf,3528.0,3532.0,0
chb01_09.edf,3532.0,3536.0,0
chb01_09.edf,3536.0,3540.0,0
chb01_09.edf,3540.0,3544.0,0
chb01_09.edf,3544.0,3548.0,0
chb01_09.edf,3548.0,3552.0,0
chb01_09.edf,3552.0,3556.0,0
chb01_09.edf,3556.0,3560.0,0
chb01_09.edf,3560.0,3564.0,0
chb01_09.edf,3564.0,3568.0,0
chb01_09.edf,3568.0,3572.0,0
chb01_09.edf,3572.0,3576.0,0
chb01_09.edf,3576.0,3580.0,0
chb01_09.edf,3580.0,3584.0,0
chb01_09.edf,3584.0,3588.0,0
chb01_09.edf,3588.0,3592.0,0
chb01_09.edf,3592.0,3596.0,0
chb01_09.edf,3596.0,3600.0,0
chb01_15.edf,0.0,4.0,0
chb01_15.edf,4.0,8.0,0
chb01_15.edf,8.0,12.0,0
chb01_15.edf,12.0,16.0,0
chb01_15.edf,16.0,20.0,0
chb01_15.edf,20.0,24.0,0
chb01_15.edf,24.0,28.0,0
chb01_15.edf,28.0,32.0,0
chb01_15.edf,32.0,36.0,0
chb01_15.edf,36.0,40.0,0
chb01_15.edf,40.0,44.0,0
chb01_15.edf,44.0,48.0,0
chb01_15.edf,48.0,52.0,0
chb01_15.edf,52.0,56.0,0
chb01_15.edf,56.0,60.0,0
chb01_15.edf,60.0,64.0,0
chb01_15.edf,64.0,68.0,0
chb01_15.edf,68.0,72.0,0
chb01_15.edf,72.0,76.0,0
chb01_15.edf,76.0,80.0,0
chb01_15.edf,80.0,84.0,0
chb01_15.edf,84.0,88.0,0
chb01_15.edf,88.0,92.0,0
chb01_15.edf,92.0,96.0,0
chb01_15.edf,96.0,100.0,0
chb01_15.edf,100.0,104.0,0
chb01_15.edf,104.0,108.0,0
chb01_15.edf,108.0,112.0,0
chb01_15.edf,112.0,116.0,0
chb01_15.edf,116.0,120.0,0
chb01_15.edf,120.0,124.0,0
chb01_15.edf,124.0,128.0,0
chb01_15.edf,128.0,132.0,0
chb01_15.edf,132.0,136.0,0
chb01_15.edf,136.0,140.0,0
chb01_15.edf,140.0,144.0,0
chb01_15.edf,144.0,148.0,0
chb01_15.edf,148.0,152.0,0
chb01_15.edf,152.0,156.0,0
chb01_15.edf,156.0,160.0,0
chb01_15.edf,160.0,164.0,0
chb01_15.edf,164.0,168.0,0
chb01_15.edf,168.0,172.0,0
chb01_15.edf,172.0,176.0,0
chb01_15.edf,176.0,180.0,0
chb01_15.edf,180.0,184.0,0
chb01_15.edf,184.0,188.0,0
chb01_15.edf,188.0,192.0,0
chb01_15.edf,192.0,196.0,0
chb01_15.edf,196.0,200.0,0
chb01_15.edf,200.0,204.0,0
chb01_15.edf,204.0,208.0,0
chb01_15.edf,208.0,212.0,0
chb01_15.edf,212.0,216.0,0
chb01_15.edf,216.0,220.0,0
chb01_15.edf,220.0,224.0,0
chb01_15.edf,224.0,228.0,0
chb01_15.edf,228.0,232.0,0
chb01_15.edf,232.0,236.0,0
chb01_15.edf,236.0,240.0,0
chb01_15.edf,240.0,244.0,0
chb01_15.edf,244.0,248.0,0
chb01_15.edf,248.0,252.0,0
chb01_15.edf,252.0,256.0,0
chb01_15.edf,256.0,260.0,0
chb01_15.edf,260.0,264.0,0
chb01_15.edf,264.0,268.0,0
chb01_15.edf,268.0,272.0,0
chb01_15.edf,272.0,276.0,0
chb01_15.edf,276.0,280.0,0
chb01_15.edf,280.0,284.0,0
chb01_15.edf,284.0,288.0,0
chb01_15.edf,288.0,292.0,0
chb01_15.edf,292.0,296.0,0
chb01_15.edf,296.0,300.0,0
chb01_15.edf,300.0,304.0,0
chb01_15.edf,304.0,308.0,0
chb01_15.edf,308.0,312.0,0
chb01_15.edf,312.0,316.0,0
chb01_15.edf,316.0,320.0,0
chb01_15.edf,320.0,324.0,0
chb01_15.edf,324.0,328.0,0
chb01_15.edf,328.0,332.0,0
chb01_15.edf,332.0,336.0,0
chb01_15.edf,336.0,340.0,0
chb01_15.edf,340.0,344.0,0
chb01_15.edf,344.0,348.0,0
chb01_15.edf,348.0,352.0,0
chb01_15.edf,352.0,356.0,0
chb01_15.edf,356.0,360.0,0
chb01_15.edf,360.0,364.0,0
chb01_15.edf,364.0,368.0,0
chb01_15.edf,368.0,372.0,0
chb01_15.edf,372.0,376.0,0
chb01_15.edf,376.0,380.0,0
chb01_15.edf,380.0,384.0,0
chb01_15.edf,384.0,388.0,0
chb01_15.edf,388.0,392.0,0
chb01_15.edf,392.0,396.0,0
chb01_15.edf,396.0,400.0,0
chb01_15.edf,400.0,404.0,0
chb01_15.edf,404.0,408.0,0
chb01_15.edf,408.0,412.0,0
chb01_15.edf,412.0,416.0,0
chb01_15.edf,416.0,420.0,0
chb01_15.edf,420.0,424.0,0
chb01_15.edf,424.0,428.0,0
chb01_15.edf,428.0,432.0,0
chb01_15.edf,432.0,436.0,0
chb01_15.edf,436.0,440.0,0
chb01_15.edf,440.0,444.0,0
chb01_15.edf,444.0,448.0,0
chb01_15.edf,448.0,452.0,0
chb01_15.edf,452.0,456.0,0
chb01_15.edf,456.0,460.0,0
chb01_15.edf,460.0,464.0,0
chb01_15.edf,464.0,468.0,0
chb01_15.edf,468.0,472.0,0
chb01_15.edf,472.0,476.0,0
chb01_15.edf,476.0,480.0,0
chb01_15.edf,480.0,484.0,0
chb01_15.edf,484.0,488.0,0
chb01_15.edf,488.0,492.0,0
chb01_15.edf,492.0,496.0,0
chb01_15.edf,496.0,500.0,0
chb01_15.edf,500.0,504.0,0
chb01_15.edf,504.0,508.0,0
chb01_15.edf,508.0,512.0,0
chb01_15.edf,512.0,516.0,0
chb01_15.edf,516.0,520.0,0
chb01_15.edf,520.0,524.0,0
chb01_15.edf,524.0,528.0,0
chb01_15.edf,528.0,532.0,0
chb01_15.edf,532.0,536.0,0
chb01_15.edf,536.0,540.0,0
chb01_15.edf,540.0,544.0,0
chb01_15.edf,544.0,548.0,0
chb01_15.edf,548.0,552.0,0
chb01_15.edf,552.0,556.0,0
chb01_15.edf,556.0,560.0,0
chb01_15.edf,560.0,564.0,0
chb01_15.edf,564.0,568.0,0
chb01_15.edf,568.0,572.0,0
chb01_15.edf,572.0,576.0,0
chb01_15.edf,576.0,580.0,0
chb01_15.edf,580.0,584.0,0
chb01_15.edf,584.0,588.0,0
chb01_15.edf,588.0,592.0,0
chb01_15.edf,592.0,596.0,0
chb01_15.edf,596.0,600.0,0
chb01_15.edf,600.0,604.0,0
chb01_15.edf,604.0,608.0,0
chb01_15.edf,608.0,612.0,0
chb01_15.edf,612.0,616.0,0
chb01_15.edf,616.0,620.0,0
chb01_15.edf,620.0,624.0,0
chb01_15.edf,624.0,628.0,0
chb01_15.edf,628.0,632.0,0
chb01_15.edf,632.0,636.0,0
chb01_15.edf,636.0,640.0,0
chb01_15.edf,640.0,644.0,0
chb01_15.edf,644.0,648.0,0
chb01_15.edf,648.0,652.0,0
chb01_15.edf,652.0,656.0,0
chb01_15.edf,656.0,660.0,0
chb01_15.edf,660.0,664.0,0
chb01_15.edf,664.0,668.0,0
chb01_15.edf,668.0,672.0,0
chb01_15.edf,672.0,676.0,0
chb01_15.edf,676.0,680.0,0
chb01_15.edf,680.0,684.0,0
chb01_15.edf,684.0,688.0,0
chb01_15.edf,688.0,692.0,0
chb01_15.edf,692.0,696.0,0
chb01_15.edf,696.0,700.0,0
chb01_15.edf,700.0,704.0,0
chb01_15.edf,704.0,708.0,0
chb01_15.edf,708.0,712.0,0
chb01_15.edf,712.0,716.0,0
chb01_15.edf,716.0,720.0,0
chb01_15.edf,720.0,724.0,0
chb01_15.edf,724.0,728.0,0
chb01_15.edf,728.0,732.0,0
chb01_15.edf,732.0,736.0,0
chb01_15.edf,736.0,740.0,0
chb01_15.edf,740.0,744.0,0
chb01_15.edf,744.0,748.0,0
chb01_15.edf,748.0,752.0,0
chb01_15.edf,752.0,756.0,0
chb01_15.edf,756.0,760.0,0
chb01_15.edf,760.0,764.0,0
chb01_15.edf,764.0,768.0,0
chb01_15.edf,768.0,772.0,0
chb01_15.edf,772.0,776.0,0
chb01_15.edf,776.0,780.0,0
chb01_15.edf,780.0,784.0,0
chb01_15.edf,784.0,788.0,0
chb01_15.edf,788.0,792.0,0
chb01_15.edf,792.0,796.0,0
chb01_15.edf,796.0,800.0,0
chb01_15.edf,800.0,804.0,0
chb01_15.edf,804.0,808.0,0
chb01_15.edf,808.0,812.0,0
chb01_15.edf,812.0,816.0,0
chb01_15.edf,816.0,820.0,0
chb01_15.edf,820.0,824.0,0
chb01_15.edf,824.0,828.0,0
chb01_15.edf,828.0,832.0,0
chb01_15.edf,832.0,836.0,0
chb01_15.edf,836.0,840.0,0
chb01_15.edf,840.0,844.0,0
chb01_15.edf,844.0,848.0,0
chb01_15.edf,848.0,852.0,0
chb01_15.edf,852.0,856.0,0
chb01_15.edf,856.0,860.0,0
chb01_15.edf,860.0,864.0,0
chb01_15.edf,864.0,868.0,0
chb01_15.edf,868.0,872.0,0
chb01_15.edf,872.0,876.0,0
chb01_15.edf,876.0,880.0,0
chb01_15.edf,880.0,884.0,0
chb01_15.edf,884.0,888.0,0
chb01_15.edf,888.0,892.0,0
chb01_15.edf,892.0,896.0,0
chb01_15.edf,896.0,900.0,0
chb01_15.edf,900.0,904.0,0
chb01_15.edf,904.0,908.0,0
chb01_15.edf,908.0,912.0,0
chb01_15.edf,912.0,916.0,0
chb01_15.edf,916.0,920.0,0
chb01_15.edf,920.0,924.0,0
chb01_15.edf,924.0,928.0,0
chb01_15.edf,928.0,932.0,0
chb01_15.edf,932.0,936.0,0
chb01_15.edf,936.0,940.0,0
chb01_15.edf,940.0,944.0,0
chb01_15.edf,944.0,948.0,0
chb01_15.edf,948.0,952.0,0
chb01_15.edf,952.0,956.0,0
chb01_15.edf,956.0,960.0,0
chb01_15.edf,960.0,964.0,0
chb01_15.edf,964.0,968.0,0
chb01_15.edf,968.0,972.0,0
chb01_15.edf,972.0,976.0,0
chb01_15.edf,976.0,980.0,0
chb01_15.edf,980.0,984.0,0
chb01_15.edf,984.0,988.0,0
chb01_15.edf,988.0,992.0,0
chb01_15.edf,992.0,996.0,0
chb01_15.edf,996.0,1000.0,0
chb01_15.edf,1000.0,1004.0,0
chb01_15.edf,1004.0,1008.0,0
chb01_15.edf,1008.0,1012.0,0
chb01_15.edf,1012.0,1016.0,0
chb01_15.edf,1016.0,1020.0,0
chb01_15.edf,1020.0,1024.0,0
chb01_15.edf,1024.0,1028.0,0
chb01_15.edf,1028.0,1032.0,0
chb01_15.edf,1032.0,1036.0,0
chb01_15.edf,1036.0,1040.0,0
chb01_15.edf,1040.0,1044.0,0
chb01_15.edf,1044.0,1048.0,0
chb01_15.edf,1048.0,1052.0,0
chb01_15.edf,1052.0,1056.0,0
chb01_15.edf,1056.0,1060.0,0
chb01_15.edf,1060.0,1064.0,0
chb01_15.edf,1064.0,1068.0,0
chb01_15.edf,1068.0,1072.0,0
chb01_15.edf,1072.0,1076.0,0
chb01_15.edf,1076.0,1080.0,0
chb01_15.edf,1080.0,1084.0,0
chb01_15.edf,1084.0,1088.0,0
chb01_15.edf,1088.0,1092.0,0
chb01_15.edf,1092.0,1096.0,0
chb01_15.edf,1096.0,1100.0,0
chb01_15.edf,1100.0,1104.0,0
chb01_15.edf,1104.0,1108.0,0
chb01_15.edf,1108.0,1112.0,0
chb01_15.edf,1112.0,1116.0,0
chb01_15.edf,1116.0,1120.0,0
chb01_15.edf,1120.0,1124.0,0
chb01_15.edf,1124.0,1128.0,0
chb01_15.edf,1128.0,1132.0,0
chb01_15.edf,1132.0,1136.0,0
chb01_15.edf,1136.0,1140.0,0
chb01_15.edf,1140.0,1144.0,0
chb01_15.edf,1144.0,1148.0,0
chb01_15.edf,1148.0,1152.0,0
chb01_15.edf,1152.0,1156.0,0
chb01_15.edf,1156.0,1160.0,0
chb01_15.edf,1160.0,1164.0,0
chb01_15.edf,1164.0,1168.0,0
chb01_15.edf,1168.0,1172.0,0
chb01_15.edf,1172.0,1176.0,0
chb01_15.edf,1176.0,1180.0,0
chb01_15.edf,1180.0,1184.0,0
chb01_15.edf,1184.0,1188.0,0
chb01_15.edf,1188.0,1192.0,0
chb01_15.edf,1192.0,1196.0,0
chb01_15.edf,1196.0,1200.0,0
chb01_15.edf,1200.0,1204.0,0
chb01_15.edf,1204.0,1208.0,0
chb01_15.edf,1208.0,1212.0,0
chb01_15.edf,1212.0,1216.0,0
chb01_15.edf,1216.0,1220.0,0
chb01_15.edf,1220.0,1224.0,0
chb01_15.edf,1224.0,1228.0,0
chb01_15.edf,1228.0,1232.0,0
chb01_15.edf,1232.0,1236.0,0
chb01_15.edf,1236.0,1240.0,0
chb01_15.edf,1240.0,1244.0,0
chb01_15.edf,1244.0,1248.0,0
chb01_15.edf,1248.0,1252.0,0
chb01_15.edf,1252.0,1256.0,0
chb01_15.edf,1256.0,1260.0,0
chb01_15.edf,1260.0,1264.0,0
chb01_15.edf,1264.0,1268.0,0
chb01_15.edf,1268.0,1272.0,0
chb01_15.edf,1272.0,1276.0,0
chb01_15.edf,1276.0,1280.0,0
chb01_15.edf,1280.0,1284.0,0
chb01_15.edf,1284.0,1288.0,0
chb01_15.edf,1288.0,1292.0,0
chb01_15.edf,1292.0,1296.0,0
chb01_15.edf,1296.0,1300.0,0
chb01_15.edf,1300.0,1304.0,0
chb01_15.edf,1304.0,1308.0,0
chb01_15.edf,1308.0,1312.0,0
chb01_15.edf,1312.0,1316.0,0
chb01_15.edf,1316.0,1320.0,0
chb01_15.edf,1320.0,1324.0,0
chb01_15.edf,1324.0,1328.0,0
chb01_15.edf,1328.0,1332.0,0
chb01_15.edf,1332.0,1336.0,0
chb01_15.edf,1336.0,1340.0,0
chb01_15.edf,1340.0,1344.0,0
chb01_15.edf,1344.0,1348.0,0
chb01_15.edf,1348.0,1352.0,0
chb01_15.edf,1352.0,1356.0,0
chb01_15.edf,1356.0,1360.0,0
chb01_15.edf,1360.0,1364.0,0
chb01_15.edf,1364.0,1368.0,0
chb01_15.edf,1368.0,1372.0,0
chb01_15.edf,1372.0,1376.0,0
chb01_15.edf,1376.0,1380.0,0
chb01_15.edf,1380.0,1384.0,0
chb01_15.edf,1384.0,1388.0,0
chb01_15.edf,1388.0,1392.0,0
chb01_15.edf,1392.0,1396.0,0
chb01_15.edf,1396.0,1400.0,0
chb01_15.edf,1400.0,1404.0,0
chb01_15.edf,1404.0,1408.0,0
chb01_15.edf,1408.0,1412.0,0
chb01_15.edf,1412.0,1416.0,0
chb01_15.edf,1416.0,1420.0,0
chb01_15.edf,1420.0,1424.0,0
chb01_15.edf,1424.0,1428.0,0
chb01_15.edf,1428.0,1432.0,0
chb01_15.edf,1432.0,1436.0,0
chb01_15.edf,1436.0,1440.0,0
chb01_15.edf,1440.0,1444.0,0
chb01_15.edf,1444.0,1448.0,0
chb01_15.edf,1448.0,1452.0,0
chb01_15.edf,1452.0,1456.0,0
chb01_15.edf,1456.0,1460.0,0
chb01_15.edf,1460.0,1464.0,0
chb01_15.edf,1464.0,1468.0,0
chb01_15.edf,1468.0,1472.0,0
chb01_15.edf,1472.0,1476.0,0
chb01_15.edf,1476.0,1480.0,0
chb01_15.edf,1480.0,1484.0,0
chb01_15.edf,1484.0,1488.0,0
chb01_15.edf,1488.0,1492.0,0
chb01_15.edf,1492.0,1496.0,0
chb01_15.edf,1496.0,1500.0,0
chb01_15.edf,1500.0,1504.0,0
chb01_15.edf,1504.0,1508.0,0
chb01_15.edf,1508.0,1512.0,0
chb01_15.edf,1512.0,1516.0,0
chb01_15.edf,1516.0,1520.0,0
chb01_15.edf,1520.0,1524.0,0
chb01_15.edf,1524.0,1528.0,0
chb01_15.edf,1528.0,1532.0,0
chb01_15.edf,1532.0,1536.0,0
chb01_15.edf,1536.0,1540.0,0
chb01_15.edf,1540.0,1544.0,0
chb01_15.edf,1544.0,1548.0,0
chb01_15.edf,1548.0,1552.0,0
chb01_15.edf,1552.0,1556.0,0
chb01_15.edf,1556.0,1560.0,0
chb01_15.edf,1560.0,1564.0,0
chb01_15.edf,1564.0,1568.0,0
chb01_15.edf,1568.0,1572.0,0
chb01_15.edf,1572.0,1576.0,0
chb01_15.edf,1576.0,1580.0,0
chb01_15.edf,1580.0,1584.0,0
chb01_15.edf,1584.0,1588.0,0
chb01_15.edf,1588.0,1592.0,0
chb01_15.edf,1592.0,1596.0,0
chb01_15.edf,1596.0,1600.0,0
chb01_15.edf,1600.0,1604.0,0
chb01_15.edf,1604.0,1608.0,0
chb01_15.edf,1608.0,1612.0,0
chb01_15.edf,1612.0,1616.0,0
chb01_15.edf,1616.0,1620.0,0
chb01_15.edf,1620.0,1624.0,0
chb01_15.edf,1624.0,1628.0,0
chb01_15.edf,1628.0,1632.0,0
chb01_15.edf,1632.0,1636.0,0
chb01_15.edf,1636.0,1640.0,0
chb01_15.edf,1640.0,1644.0,0
chb01_15.edf,1644.0,1648.0,0
chb01_15.edf,1648.0,1652.0,0
chb01_15.edf,1652.0,1656.0,0
chb01_15.edf,1656.0,1660.0,0
chb01_15.edf,1660.0,1664.0,0
chb01_15.edf,1664.0,1668.0,0
chb01_15.edf,1668.0,1672.0,0
chb01_15.edf,1672.0,1676.0,0
chb01_15.edf,1676.0,1680.0,0
chb01_15.edf,1680.0,1684.0,0
chb01_15.edf,1684.0,1688.0,0
chb01_15.edf,1688.0,1692.0,0
chb01_15.edf,1692.0,1696.0,0
chb01_15.edf,1696.0,1700.0,0
chb01_15.edf,1700.0,1704.0,0
chb01_15.edf,1704.0,1708.0,0
chb01_15.edf,1708.0,1712.0,0
chb01_15.edf,1712.0,1716.0,0
chb01_15.edf,1716.0,1720.0,0
chb01_15.edf,1720.0,1724.0,0
chb01_15.edf,1724.0,1728.0,0
chb01_15.edf,1728.0,1732.0,0
chb01_15.edf,1732.0,1736.0,1
chb01_15.edf,1736.0,1740.0,1
chb01_15.edf,1740.0,1744.0,1
chb01_15.edf,1744.0,1748.0,1
chb01_15.edf,1748.0,1752.0,1
chb01_15.edf,1752.0,1756.0,1
chb01_15.edf,1756.0,1760.0,1
chb01_15.edf,1760.0,1764.0,1
chb01_15.edf,1764.0,1768.0,1
chb01_15.edf,1768.0,1772.0,1
chb01_15.edf,1772.0,1776.0,0
chb01_15.edf,1776.0,1780.0,0
chb01_15.edf,1780.0,1784.0,0
chb01_15.edf,1784.0,1788.0,0
chb01_15.edf,1788.0,1792.0,0
chb01_15.edf,1792.0,1796.0,0
chb01_15.edf,1796.0,1800.0,0
chb01_15.edf,1800.0,1804.0,0
chb01_15.edf,1804.0,1808.0,0
chb01_15.edf,1808.0,1812.0,0
chb01_15.edf,1812.0,1816.0,0
chb01_15.edf,1816.0,1820.0,0
chb01_15.edf,1820.0,1824.0,0
chb01_15.edf,1824.0,1828.0,0
chb01_15.edf,1828.0,1832.0,0
chb01_15.edf,1832.0,1836.0,0
chb01_15.edf,1836.0,1840.0,0
chb01_15.edf,1840.0,1844.0,0
chb01_15.edf,1844.0,1848.0,0
chb01_15.edf,1848.0,1852.0,0
chb01_15.edf,1852.0,1856.0,0
chb01_15.edf,1856.0,1860.0,0
chb01_15.edf,1860.0,1864.0,0
chb01_15.edf,1864.0,1868.0,0
chb01_15.edf,1868.0,1872.0,0
chb01_15.edf,1872.0,1876.0,0
chb01_15.edf,1876.0,1880.0,0
chb01_15.edf,1880.0,1884.0,0
chb01_15.edf,1884.0,1888.0,0
chb01_15.edf,1888.0,1892.0,0
chb01_15.edf,1892.0,1896.0,0
chb01_15.edf,1896.0,1900.0,0
chb01_15.edf,1900.0,1904.0,0
chb01_15.edf,1904.0,1908.0,0
chb01_15.edf,1908.0,1912.0,0
chb01_15.edf,1912.0,1916.0,0
chb01_15.edf,1916.0,1920.0,0
chb01_15.edf,1920.0,1924.0,0
chb01_15.edf,1924.0,1928.0,0
chb01_15.edf,1928.0,1932.0,0
chb01_15.edf,1932.0,1936.0,0
chb01_15.edf,1936.0,1940.0,0
chb01_15.edf,1940.0,1944.0,0
chb01_15.edf,1944.0,1948.0,0
chb01_15.edf,1948.0,1952.0,0
chb01_15.edf,1952.0,1956.0,0
chb01_15.edf,1956.0,1960.0,0
chb01_15.edf,1960.0,1964.0,0
chb01_15.edf,1964.0,1968.0,0
chb01_15.edf,1968.0,1972.0,0
chb01_15.edf,1972.0,1976.0,0
chb01_15.edf,1976.0,1980.0,0
chb01_15.edf,1980.0,1984.0,0
chb01_15.edf,1984.0,1988.0,0
chb01_15.edf,1988.0,1992.0,0
chb01_15.edf,1992.0,1996.0,0
chb01_15.edf,1996.0,2000.0,0
chb01_15.edf,2000.0,2004.0,0
chb01_15.edf,2004.0,2008.0,0
chb01_15.edf,2008.0,2012.0,0
chb01_15.edf,2012.0,2016.0,0
chb01_15.edf,2016.0,2020.0,0
chb01_15.edf,2020.0,2024.0,0
chb01_15.edf,2024.0,2028.0,0
chb01_15.edf,2028.0,2032.0,0
chb01_15.edf,2032.0,2036.0,0
chb01_15.edf,2036.0,2040.0,0
chb01_15.edf,2040.0,2044.0,0
chb01_15.edf,2044.0,2048.0,0
chb01_15.edf,2048.0,2052.0,0
chb01_15.edf,2052.0,2056.0,0
chb01_15.edf,2056.0,2060.0,0
chb01_15.edf,2060.0,2064.0,0
chb01_15.edf,2064.0,2068.0,0
chb01_15.edf,2068.0,2072.0,0
chb01_15.edf,2072.0,2076.0,0
chb01_15.edf,2076.0,2080.0,0
chb01_15.edf,2080.0,2084.0,0
chb01_15.edf,2084.0,2088.0,0
chb01_15.edf,2088.0,2092.0,0
chb01_15.edf,2092.0,2096.0,0
chb01_15.edf,2096.0,2100.0,0
chb01_15.edf,2100.0,2104.0,0
chb01_15.edf,2104.0,2108.0,0
chb01_15.edf,2108.0,2112.0,0
chb01_15.edf,2112.0,2116.0,0
chb01_15.edf,2116.0,2120.0,0
chb01_15.edf,2120.0,2124.0,0
chb01_15.edf,2124.0,2128.0,0
chb01_15.edf,2128.0,2132.0,0
chb01_15.edf,2132.0,2136.0,0
chb01_15.edf,2136.0,2140.0,0
chb01_15.edf,2140.0,2144.0,0
chb01_15.edf,2144.0,2148.0,0
chb01_15.edf,2148.0,2152.0,0
chb01_15.edf,2152.0,2156.0,0
chb01_15.edf,2156.0,2160.0,0
chb01_15.edf,2160.0,2164.0,0
chb01_15.edf,2164.0,2168.0,0
chb01_15.edf,2168.0,2172.0,0
chb01_15.edf,2172.0,2176.0,0
chb01_15.edf,2176.0,2180.0,0
chb01_15.edf,2180.0,2184.0,0
chb01_15.edf,2184.0,2188.0,0
chb01_15.edf,2188.0,2192.0,0
chb01_15.edf,2192.0,2196.0,0
chb01_15.edf,2196.0,2200.0,0
chb01_15.edf,2200.0,2204.0,0
chb01_15.edf,2204.0,2208.0,0
chb01_15.edf,2208.0,2212.0,0
chb01_15.edf,2212.0,2216.0,0
chb01_15.edf,2216.0,2220.0,0
chb01_15.edf,2220.0,2224.0,0
chb01_15.edf,2224.0,2228.0,0
chb01_15.edf,2228.0,2232.0,0
chb01_15.edf,2232.0,2236.0,0
chb01_15.edf,2236.0,2240.0,0
chb01_15.edf,2240.0,2244.0,0
chb01_15.edf,2244.0,2248.0,0
chb01_15.edf,2248.0,2252.0,0
chb01_15.edf,2252.0,2256.0,0
chb01_15.edf,2256.0,2260.0,0
chb01_15.edf,2260.0,2264.0,0
chb01_15.edf,2264.0,2268.0,0
chb01_15.edf,2268.0,2272.0,0
chb01_15.edf,2272.0,2276.0,0
chb01_15.edf,2276.0,2280.0,0
chb01_15.edf,2280.0,2284.0,0
chb01_15.edf,2284.0,2288.0,0
chb01_15.edf,2288.0,2292.0,0
chb01_15.edf,2292.0,2296.0,0
chb01_15.edf,2296.0,2300.0,0
chb01_15.edf,2300.0,2304.0,0
chb01_15.edf,2304.0,2308.0,0
chb01_15.edf,2308.0,2312.0,0
chb01_15.edf,2312.0,2316.0,0
chb01_15.edf,2316.0,2320.0,0
chb01_15.edf,2320.0,2324.0,0
chb01_15.edf,2324.0,2328.0,0
chb01_15.edf,2328.0,2332.0,0
chb01_15.edf,2332.0,2336.0,0
chb01_15.edf,2336.0,2340.0,0
chb01_15.edf,2340.0,2344.0,0
chb01_15.edf,2344.0,2348.0,0
chb01_15.edf,2348.0,2352.0,0
chb01_15.edf,2352.0,2356.0,0
chb01_15.edf,2356.0,2360.0,0
chb01_15.edf,2360.0,2364.0,0
chb01_15.edf,2364.0,2368.0,0
chb01_15.edf,2368.0,2372.0,0
chb01_15.edf,2372.0,2376.0,0
chb01_15.edf,2376.0,2380.0,0
chb01_15.edf,2380.0,2384.0,0
chb01_15.edf,2384.0,2388.0,0
chb01_15.edf,2388.0,2392.0,0
chb01_15.edf,2392.0,2396.0,0
chb01_15.edf,2396.0,2400.0,0
chb01_15.edf,2400.0,2404.0,0
chb01_15.edf,2404.0,2408.0,0
chb01_15.edf,2408.0,2412.0,0
chb01_15.edf,2412.0,2416.0,0
chb01_15.edf,2416.0,2420.0,0
chb01_15.edf,2420.0,2424.0,0
chb01_15.edf,2424.0,2428.0,0
chb01_15.edf,2428.0,2432.0,0
chb01_15.edf,2432.0,2436.0,0
chb01_15.edf,2436.0,2440.0,0
chb01_15.edf,2440.0,2444.0,0
chb01_15.edf,2444.0,2448.0,0
chb01_15.edf,2448.0,2452.0,0
chb01_15.edf,2452.0,2456.0,0
chb01_15.edf,2456.0,2460.0,0
chb01_15.edf,2460.0,2464.0,0
chb01_15.edf,2464.0,2468.0,0
chb01_15.edf,2468.0,2472.0,0
chb01_15.edf,2472.0,2476.0,0
chb01_15.edf,2476.0,2480.0,0
chb01_15.edf,2480.0,2484.0,0
chb01_15.edf,2484.0,2488.0,0
chb01_15.edf,2488.0,2492.0,0
chb01_15.edf,2492.0,2496.0,0
chb01_15.edf,2496.0,2500.0,0
chb01_15.edf,2500.0,2504.0,0
chb01_15.edf,2504.0,2508.0,0
chb01_15.edf,2508.0,2512.0,0
chb01_15.edf,2512.0,2516.0,0
chb01_15.edf,2516.0,2520.0,0
chb01_15.edf,2520.0,2524.0,0
chb01_15.edf,2524.0,2528.0,0
chb01_15.edf,2528.0,2532.0,0
chb01_15.edf,2532.0,2536.0,0
chb01_15.edf,2536.0,2540.0,0
chb01_15.edf,2540.0,2544.0,0
chb01_15.edf,2544.0,2548.0,0
chb01_15.edf,2548.0,2552.0,0
chb01_15.edf,2552.0,2556.0,0
chb01_15.edf,2556.0,2560.0,0
chb01_15.edf,2560.0,2564.0,0
chb01_15.edf,2564.0,2568.0,0
chb01_15.edf,2568.0,2572.0,0
chb01_15.edf,2572.0,2576.0,0
chb01_15.edf,2576.0,2580.0,0
chb01_15.edf,2580.0,2584.0,0
chb01_15.edf,2584.0,2588.0,0
chb01_15.edf,2588.0,2592.0,0
chb01_15.edf,2592.0,2596.0,0
chb01_15.edf,2596.0,2600.0,0
chb01_15.edf,2600.0,2604.0,0
chb01_15.edf,2604.0,2608.0,0
chb01_15.edf,2608.0,2612.0,0
chb01_15.edf,2612.0,2616.0,0
chb01_15.edf,2616.0,2620.0,0
chb01_15.edf,2620.0,2624.0,0
chb01_15.edf,2624.0,2628.0,0
chb01_15.edf,2628.0,2632.0,0
chb01_15.edf,2632.0,2636.0,0
chb01_15.edf,2636.0,2640.0,0
chb01_15.edf,2640.0,2644.0,0
chb01_15.edf,2644.0,2648.0,0
chb01_15.edf,2648.0,2652.0,0
chb01_15.edf,2652.0,2656.0,0
chb01_15.edf,2656.0,2660.0,0
chb01_15.edf,2660.0,2664.0,0
chb01_15.edf,2664.0,2668.0,0
chb01_15.edf,2668.0,2672.0,0
chb01_15.edf,2672.0,2676.0,0
chb01_15.edf,2676.0,2680.0,0
chb01_15.edf,2680.0,2684.0,0
chb01_15.edf,2684.0,2688.0,0
chb01_15.edf,2688.0,2692.0,0
chb01_15.edf,2692.0,2696.0,0
chb01_15.edf,2696.0,2700.0,0
chb01_15.edf,2700.0,2704.0,0
chb01_15.edf,2704.0,2708.0,0
chb01_15.edf,2708.0,2712.0,0
chb01_15.edf,2712.0,2716.0,0
chb01_15.edf,2716.0,2720.0,0
chb01_15.edf,2720.0,2724.0,0
chb01_15.edf,2724.0,2728.0,0
chb01_15.edf,2728.0,2732.0,0
chb01_15.edf,2732.0,2736.0,0
chb01_15.edf,2736.0,2740.0,0
chb01_15.edf,2740.0,2744.0,0
chb01_15.edf,2744.0,2748.0,0
chb01_15.edf,2748.0,2752.0,0
chb01_15.edf,2752.0,2756.0,0
chb01_15.edf,2756.0,2760.0,0
chb01_15.edf,2760.0,2764.0,0
chb01_15.edf,2764.0,2768.0,0
chb01_15.edf,2768.0,2772.0,0
chb01_15.edf,2772.0,2776.0,0
chb01_15.edf,2776.0,2780.0,0
chb01_15.edf,2780.0,2784.0,0
chb01_15.edf,2784.0,2788.0,0
chb01_15.edf,2788.0,2792.0,0
chb01_15.edf,2792.0,2796.0,0
chb01_15.edf,2796.0,2800.0,0
chb01_15.edf,2800.0,2804.0,0
chb01_15.edf,2804.0,2808.0,0
chb01_15.edf,2808.0,2812.0,0
chb01_15.edf,2812.0,2816.0,0
chb01_15.edf,2816.0,2820.0,0
chb01_15.edf,2820.0,2824.0,0
chb01_15.edf,2824.0,2828.0,0
chb01_15.edf,2828.0,2832.0,0
chb01_15.edf,2832.0,2836.0,0
chb01_15.edf,2836.0,2840.0,0
chb01_15.edf,2840.0,2844.0,0
chb01_15.edf,2844.0,2848.0,0
chb01_15.edf,2848.0,2852.0,0
chb01_15.edf,2852.0,2856.0,0
chb01_15.edf,2856.0,2860.0,0
chb01_15.edf,2860.0,2864.0,0
chb01_15.edf,2864.0,2868.0,0
chb01_15.edf,2868.0,2872.0,0
chb01_15.edf,2872.0,2876.0,0
chb01_15.edf,2876.0,2880.0,0
chb01_15.edf,2880.0,2884.0,0
chb01_15.edf,2884.0,2888.0,0
chb01_15.edf,2888.0,2892.0,0
chb01_15.edf,2892.0,2896.0,0
chb01_15.edf,2896.0,2900.0,0
chb01_15.edf,2900.0,2904.0,0
chb01_15.edf,2904.0,2908.0,0
chb01_15.edf,2908.0,2912.0,0
chb01_15.edf,2912.0,2916.0,0
chb01_15.edf,2916.0,2920.0,0
chb01_15.edf,2920.0,2924.0,0
chb01_15.edf,2924.0,2928.0,0
chb01_15.edf,2928.0,2932.0,0
chb01_15.edf,2932.0,2936.0,0
chb01_15.edf,2936.0,2940.0,0
chb01_15.edf,2940.0,2944.0,0
chb01_15.edf,2944.0,2948.0,0
chb01_15.edf,2948.0,2952.0,0
chb01_15.edf,2952.0,2956.0,0
chb01_15.edf,2956.0,2960.0,0
chb01_15.edf,2960.0,2964.0,0
chb01_15.edf,2964.0,2968.0,0
chb01_15.edf,2968.0,2972.0,0
chb01_15.edf,2972.0,2976.0,0
chb01_15.edf,2976.0,2980.0,0
chb01_15.edf,2980.0,2984.0,0
chb01_15.edf,2984.0,2988.0,0
chb01_15.edf,2988.0,2992.0,0
chb01_15.edf,2992.0,2996.0,0
chb01_15.edf,2996.0,3000.0,0
chb01_15.edf,3000.0,3004.0,0
chb01_15.edf,3004.0,3008.0,0
chb01_15.edf,3008.0,3012.0,0
chb01_15.edf,3012.0,3016.0,0
chb01_15.edf,3016.0,3020.0,0
chb01_15.edf,3020.0,3024.0,0
chb01_15.edf,3024.0,3028.0,0
chb01_15.edf,3028.0,3032.0,0
chb01_15.edf,3032.0,3036.0,0
chb01_15.edf,3036.0,3040.0,0
chb01_15.edf,3040.0,3044.0,0
chb01_15.edf,3044.0,3048.0,0
chb01_15.edf,3048.0,3052.0,0
chb01_15.edf,3052.0,3056.0,0
chb01_15.edf,3056.0,3060.0,0
chb01_15.edf,3060.0,3064.0,0
chb01_15.edf,3064.0,3068.0,0
chb01_15.edf,3068.0,3072.0,0
chb01_15.edf,3072.0,3076.0,0
chb01_15.edf,3076.0,3080.0,0
chb01_15.edf,3080.0,3084.0,0
chb01_15.edf,3084.0,3088.0,0
chb01_15.edf,3088.0,3092.0,0
chb01_15.edf,3092.0,3096.0,0
chb01_15.edf,3096.0,3100.0,0
chb01_15.edf,3100.0,3104.0,0
chb01_15.edf,3104.0,3108.0,0
chb01_15.edf,3108.0,3112.0,0
chb01_15.edf,3112.0,3116.0,0
chb01_15.edf,3116.0,3120.0,0
chb01_15.edf,3120.0,3124.0,0
chb01_15.edf,3124.0,3128.0,0
chb01_15.edf,3128.0,3132.0,0
chb01_15.edf,3132.0,3136.0,0
chb01_15.edf,3136.0,3140.0,0
chb01_15.edf,3140.0,3144.0,0
chb01_15.edf,3144.0,3148.0,0
chb01_15.edf,3148.0,3152.0,0
chb01_15.edf,3152.0,3156.0,0
chb01_15.edf,3156.0,3160.0,0
chb01_15.edf,3160.0,3164.0,0
chb01_15.edf,3164.0,3168.0,0
chb01_15.edf,3168.0,3172.0,0
chb01_15.edf,3172.0,3176.0,0
chb01_15.edf,3176.0,3180.0,0
chb01_15.edf,3180.0,3184.0,0
chb01_15.edf,3184.0,3188.0,0
chb01_15.edf,3188.0,3192.0,0
chb01_15.edf,3192.0,3196.0,0
chb01_15.edf,3196.0,3200.0,0
chb01_15.edf,3200.0,3204.0,0
chb01_15.edf,3204.0,3208.0,0
chb01_15.edf,3208.0,3212.0,0
chb01_15.edf,3212.0,3216.0,0
chb01_15.edf,3216.0,3220.0,0
chb01_15.edf,3220.0,3224.0,0
chb01_15.edf,3224.0,3228.0,0
chb01_15.edf,3228.0,3232.0,0
chb01_15.edf,3232.0,3236.0,0
chb01_15.edf,3236.0,3240.0,0
chb01_15.edf,3240.0,3244.0,0
chb01_15.edf,3244.0,3248.0,0
chb01_15.edf,3248.0,3252.0,0
chb01_15.edf,3252.0,3256.0,0
chb01_15.edf,3256.0,3260.0,0
chb01_15.edf,3260.0,3264.0,0
chb01_15.edf,3264.0,3268.0,0
chb01_15.edf,3268.0,3272.0,0
chb01_15.edf,3272.0,3276.0,0
chb01_15.edf,3276.0,3280.0,0
chb01_15.edf,3280.0,3284.0,0
chb01_15.edf,3284.0,3288.0,0
chb01_15.edf,3288.0,3292.0,0
chb01_15.edf,3292.0,3296.0,0
chb01_15.edf,3296.0,3300.0,0
chb01_15.edf,3300.0,3304.0,0
chb01_15.edf,3304.0,3308.0,0
chb01_15.edf,3308.0,3312.0,0
chb01_15.edf,3312.0,3316.0,0
chb01_15.edf,3316.0,3320.0,0
chb01_15.edf,3320.0,3324.0,0
chb01_15.edf,3324.0,3328.0,0
chb01_15.edf,3328.0,3332.0,0
chb01_15.edf,3332.0,3336.0,0
chb01_15.edf,3336.0,3340.0,0
chb01_15.edf,3340.0,3344.0,0
chb01_15.edf,3344.0,3348.0,0
chb01_15.edf,3348.0,3352.0,0
chb01_15.edf,3352.0,3356.0,0
chb01_15.edf,3356.0,3360.0,0
chb01_15.edf,3360.0,3364.0,0
chb01_15.edf,3364.0,3368.0,0
chb01_15.edf,3368.0,3372.0,0
chb01_15.edf,3372.0,3376.0,0
chb01_15.edf,3376.0,3380.0,0
chb01_15.edf,3380.0,3384.0,0
chb01_15.edf,3384.0,3388.0,0
chb01_15.edf,3388.0,3392.0,0
chb01_15.edf,3392.0,3396.0,0
chb01_15.edf,3396.0,3400.0,0
chb01_15.edf,3400.0,3404.0,0
chb01_15.edf,3404.0,3408.0,0
chb01_15.edf,3408.0,3412.0,0
chb01_15.edf,3412.0,3416.0,0
chb01_15.edf,3416.0,3420.0,0
chb01_15.edf,3420.0,3424.0,0
chb01_15.edf,3424.0,3428.0,0
chb01_15.edf,3428.0,3432.0,0
chb01_15.edf,3432.0,3436.0,0
chb01_15.edf,3436.0,3440.0,0
chb01_15.edf,3440.0,3444.0,0
chb01_15.edf,3444.0,3448.0,0
chb01_15.edf,3448.0,3452.0,0
chb01_15.edf,3452.0,3456.0,0
chb01_15.edf,3456.0,3460.0,0
chb01_15.edf,3460.0,3464.0,0
chb01_15.edf,3464.0,3468.0,0
chb01_15.edf,3468.0,3472.0,0
chb01_15.edf,3472.0,3476.0,0
chb01_15.edf,3476.0,3480.0,0
chb01_15.edf,3480.0,3484.0,0
chb01_15.edf,3484.0,3488.0,0
chb01_15.edf,3488.0,3492.0,0
chb01_15.edf,3492.0,3496.0,0
chb01_15.edf,3496.0,3500.0,0
chb01_15.edf,3500.0,3504.0,0
chb01_15.edf,3504.0,3508.0,0
chb01_15.edf,3508.0,3512.0,0
chb01_15.edf,3512.0,3516.0,0
chb01_15.edf,3516.0,3520.0,0
chb01_15.edf,3520.0,3524.0,0
chb01_15.edf,3524.0,3528.0,0
chb01_15.edf,3528.0,3532.0,0
chb01_15.edf,3532.0,3536.0,0
chb01_15.edf,3536.0,3540.0,0
chb01_15.edf,3540.0,3544.0,0
chb01_15.edf,3544.0,3548.0,0
chb01_15.edf,3548.0,3552.0,0
chb01_15.edf,3552.0,3556.0,0
chb01_15.edf,3556.0,3560.0,0
chb01_15.edf,3560.0,3564.0,0
chb01_15.edf,3564.0,3568.0,0
chb01_15.edf,3568.0,3572.0,0
chb01_15.edf,3572.0,3576.0,0
chb01_15.edf,3576.0,3580.0,0
chb01_15.edf,3580.0,3584.0,0
chb01_15.edf,3584.0,3588.0,0
chb01_15.edf,3588.0,3592.0,0
chb01_15.edf,3592.0,3596.0,0
chb01_15.edf,3596.0,3600.0,0
chb01_18.edf,0.0,4.0,0
chb01_18.edf,4.0,8.0,0
chb01_18.edf,8.0,12.0,0
chb01_18.edf,12.0,16.0,0
chb01_18.edf,16.0,20.0,0
chb01_18.edf,20.0,24.0,0
chb01_18.edf,24.0,28.0,0
chb01_18.edf,28.0,32.0,0
chb01_18.edf,32.0,36.0,0
chb01_18.edf,36.0,40.0,0
chb01_18.edf,40.0,44.0,0
chb01_18.edf,44.0,48.0,0
chb01_18.edf,48.0,52.0,0
chb01_18.edf,52.0,56.0,0
chb01_18.edf,56.0,60.0,0
chb01_18.edf,60.0,64.0,0
chb01_18.edf,64.0,68.0,0
chb01_18.edf,68.0,72.0,0
chb01_18.edf,72.0,76.0,0
chb01_18.edf,76.0,80.0,0
chb01_18.edf,80.0,84.0,0
chb01_18.edf,84.0,88.0,0
chb01_18.edf,88.0,92.0,0
chb01_18.edf,92.0,96.0,0
chb01_18.edf,96.0,100.0,0
chb01_18.edf,100.0,104.0,0
chb01_18.edf,104.0,108.0,0
chb01_18.edf,108.0,112.0,0
chb01_18.edf,112.0,116.0,0
chb01_18.edf,116.0,120.0,0
chb01_18.edf,120.0,124.0,0
chb01_18.edf,124.0,128.0,0
chb01_18.edf,128.0,132.0,0
chb01_18.edf,132.0,136.0,0
chb01_18.edf,136.0,140.0,0
chb01_18.edf,140.0,144.0,0
chb01_18.edf,144.0,148.0,0
chb01_18.edf,148.0,152.0,0
chb01_18.edf,152.0,156.0,0
chb01_18.edf,156.0,160.0,0
chb01_18.edf,160.0,164.0,0
chb01_18.edf,164.0,168.0,0
chb01_18.edf,168.0,172.0,0
chb01_18.edf,172.0,176.0,0
chb01_18.edf,176.0,180.0,0
chb01_18.edf,180.0,184.0,0
chb01_18.edf,184.0,188.0,0
chb01_18.edf,188.0,192.0,0
chb01_18.edf,192.0,196.0,0
chb01_18.edf,196.0,200.0,0
chb01_18.edf,200.0,204.0,0
chb01_18.edf,204.0,208.0,0
chb01_18.edf,208.0,212.0,0
chb01_18.edf,212.0,216.0,0
chb01_18.edf,216.0,220.0,0
chb01_18.edf,220.0,224.0,0
chb01_18.edf,224.0,228.0,0
chb01_18.edf,228.0,232.0,0
chb01_18.edf,232.0,236.0,0
chb01_18.edf,236.0,240.0,0
chb01_18.edf,240.0,244.0,0
chb01_18.edf,244.0,248.0,0
chb01_18.edf,248.0,252.0,0
chb01_18.edf,252.0,256.0,0
chb01_18.edf,256.0,260.0,0
chb01_18.edf,260.0,264.0,0
chb01_18.edf,264.0,268.0,0
chb01_18.edf,268.0,272.0,0
chb01_18.edf,272.0,276.0,0
chb01_18.edf,276.0,280.0,0
chb01_18.edf,280.0,284.0,0
chb01_18.edf,284.0,288.0,0
chb01_18.edf,288.0,292.0,0
chb01_18.edf,292.0,296.0,0
chb01_18.edf,296.0,300.0,0
chb01_18.edf,300.0,304.0,0
chb01_18.edf,304.0,308.0,0
chb01_18.edf,308.0,312.0,0
chb01_18.edf,312.0,316.0,0
chb01_18.edf,316.0,320.0,0
chb01_18.edf,320.0,324.0,0
chb01_18.edf,324.0,328.0,0
chb01_18.edf,328.0,332.0,0
chb01_18.edf,332.0,336.0,0
chb01_18.edf,336.0,340.0,0
chb01_18.edf,340.0,344.0,0
chb01_18.edf,344.0,348.0,0
chb01_18.edf,348.0,352.0,0
chb01_18.edf,352.0,356.0,0
chb01_18.edf,356.0,360.0,0
chb01_18.edf,360.0,364.0,0
chb01_18.edf,364.0,368.0,0
chb01_18.edf,368.0,372.0,0
chb01_18.edf,372.0,376.0,0
chb01_18.edf,376.0,380.0,0
chb01_18.edf,380.0,384.0,0
chb01_18.edf,384.0,388.0,0
chb01_18.edf,388.0,392.0,0
chb01_18.edf,392.0,396.0,0
chb01_18.edf,396.0,400.0,0
chb01_18.edf,400.0,404.0,0
chb01_18.edf,404.0,408.0,0
chb01_18.edf,408.0,412.0,0
chb01_18.edf,412.0,416.0,0
chb01_18.edf,416.0,420.0,0
chb01_18.edf,420.0,424.0,0
chb01_18.edf,424.0,428.0,0
chb01_18.edf,428.0,432.0,0
chb01_18.edf,432.0,436.0,0
chb01_18.edf,436.0,440.0,0
chb01_18.edf,440.0,444.0,0
chb01_18.edf,444.0,448.0,0
chb01_18.edf,448.0,452.0,0
chb01_18.edf,452.0,456.0,0
chb01_18.edf,456.0,460.0,0
chb01_18.edf,460.0,464.0,0
chb01_18.edf,464.0,468.0,0
chb01_18.edf,468.0,472.0,0
chb01_18.edf,472.0,476.0,0
chb01_18.edf,476.0,480.0,0
chb01_18.edf,480.0,484.0,0
chb01_18.edf,484.0,488.0,0
chb01_18.edf,488.0,492.0,0
chb01_18.edf,492.0,496.0,0
chb01_18.edf,496.0,500.0,0
chb01_18.edf,500.0,504.0,0
chb01_18.edf,504.0,508.0,0
chb01_18.edf,508.0,512.0,0
chb01_18.edf,512.0,516.0,0
chb01_18.edf,516.0,520.0,0
chb01_18.edf,520.0,524.0,0
chb01_18.edf,524.0,528.0,0
chb01_18.edf,528.0,532.0,0
chb01_18.edf,532.0,536.0,0
chb01_18.edf,536.0,540.0,0
chb01_18.edf,540.0,544.0,0
chb01_18.edf,544.0,548.0,0
chb01_18.edf,548.0,552.0,0
chb01_18.edf,552.0,556.0,0
chb01_18.edf,556.0,560.0,0
chb01_18.edf,560.0,564.0,0
chb01_18.edf,564.0,568.0,0
chb01_18.edf,568.0,572.0,0
chb01_18.edf,572.0,576.0,0
chb01_18.edf,576.0,580.0,0
chb01_18.edf,580.0,584.0,0
chb01_18.edf,584.0,588.0,0
chb01_18.edf,588.0,592.0,0
chb01_18.edf,592.0,596.0,0
chb01_18.edf,596.0,600.0,0
chb01_18.edf,600.0,604.0,0
chb01_18.edf,604.0,608.0,0
chb01_18.edf,608.0,612.0,0
chb01_18.edf,612.0,616.0,0
chb01_18.edf,616.0,620.0,0
chb01_18.edf,620.0,624.0,0
chb01_18.edf,624.0,628.0,0
chb01_18.edf,628.0,632.0,0
chb01_18.edf,632.0,636.0,0
chb01_18.edf,636.0,640.0,0
chb01_18.edf,640.0,644.0,0
chb01_18.edf,644.0,648.0,0
chb01_18.edf,648.0,652.0,0
chb01_18.edf,652.0,656.0,0
chb01_18.edf,656.0,660.0,0
chb01_18.edf,660.0,664.0,0
chb01_18.edf,664.0,668.0,0
chb01_18.edf,668.0,672.0,0
chb01_18.edf,672.0,676.0,0
chb01_18.edf,676.0,680.0,0
chb01_18.edf,680.0,684.0,0
chb01_18.edf,684.0,688.0,0
chb01_18.edf,688.0,692.0,0
chb01_18.edf,692.0,696.0,0
chb01_18.edf,696.0,700.0,0
chb01_18.edf,700.0,704.0,0
chb01_18.edf,704.0,708.0,0
chb01_18.edf,708.0,712.0,0
chb01_18.edf,712.0,716.0,0
chb01_18.edf,716.0,720.0,0
chb01_18.edf,720.0,724.0,0
chb01_18.edf,724.0,728.0,0
chb01_18.edf,728.0,732.0,0
chb01_18.edf,732.0,736.0,0
chb01_18.edf,736.0,740.0,0
chb01_18.edf,740.0,744.0,0
chb01_18.edf,744.0,748.0,0
chb01_18.edf,748.0,752.0,0
chb01_18.edf,752.0,756.0,0
chb01_18.edf,756.0,760.0,0
chb01_18.edf,760.0,764.0,0
chb01_18.edf,764.0,768.0,0
chb01_18.edf,768.0,772.0,0
chb01_18.edf,772.0,776.0,0
chb01_18.edf,776.0,780.0,0
chb01_18.edf,780.0,784.0,0
chb01_18.edf,784.0,788.0,0
chb01_18.edf,788.0,792.0,0
chb01_18.edf,792.0,796.0,0
chb01_18.edf,796.0,800.0,0
chb01_18.edf,800.0,804.0,0
chb01_18.edf,804.0,808.0,0
chb01_18.edf,808.0,812.0,0
chb01_18.edf,812.0,816.0,0
chb01_18.edf,816.0,820.0,0
chb01_18.edf,820.0,824.0,0
chb01_18.edf,824.0,828.0,0
chb01_18.edf,828.0,832.0,0
chb01_18.edf,832.0,836.0,0
chb01_18.edf,836.0,840.0,0
chb01_18.edf,840.0,844.0,0
chb01_18.edf,844.0,848.0,0
chb01_18.edf,848.0,852.0,0
chb01_18.edf,852.0,856.0,0
chb01_18.edf,856.0,860.0,0
chb01_18.edf,860.0,864.0,0
chb01_18.edf,864.0,868.0,0
chb01_18.edf,868.0,872.0,0
chb01_18.edf,872.0,876.0,0
chb01_18.edf,876.0,880.0,0
chb01_18.edf,880.0,884.0,0
chb01_18.edf,884.0,888.0,0
chb01_18.edf,888.0,892.0,0
chb01_18.edf,892.0,896.0,0
chb01_18.edf,896.0,900.0,0
chb01_18.edf,900.0,904.0,0
chb01_18.edf,904.0,908.0,0
chb01_18.edf,908.0,912.0,0
chb01_18.edf,912.0,916.0,0
chb01_18.edf,916.0,920.0,0
chb01_18.edf,920.0,924.0,0
chb01_18.edf,924.0,928.0,0
chb01_18.edf,928.0,932.0,0
chb01_18.edf,932.0,936.0,0
chb01_18.edf,936.0,940.0,0
chb01_18.edf,940.0,944.0,0
chb01_18.edf,944.0,948.0,0
chb01_18.edf,948.0,952.0,0
chb01_18.edf,952.0,956.0,0
chb01_18.edf,956.0,960.0,0
chb01_18.edf,960.0,964.0,0
chb01_18.edf,964.0,968.0,0
chb01_18.edf,968.0,972.0,0
chb01_18.edf,972.0,976.0,0
chb01_18.edf,976.0,980.0,0
chb01_18.edf,980.0,984.0,0
chb01_18.edf,984.0,988.0,0
chb01_18.edf,988.0,992.0,0
chb01_18.edf,992.0,996.0,0
chb01_18.edf,996.0,1000.0,0
chb01_18.edf,1000.0,1004.0,0
chb01_18.edf,1004.0,1008.0,0
chb01_18.edf,1008.0,1012.0,0
chb01_18.edf,1012.0,1016.0,0
chb01_18.edf,1016.0,1020.0,0
chb01_18.edf,1020.0,1024.0,0
chb01_18.edf,1024.0,1028.0,0
chb01_18.edf,1028.0,1032.0,0
chb01_18.edf,1032.0,1036.0,0
chb01_18.edf,1036.0,1040.0,0
chb01_18.edf,1040.0,1044.0,0
chb01_18.edf,1044.0,1048.0,0
chb01_18.edf,1048.0,1052.0,0
chb01_18.edf,1052.0,1056.0,0
chb01_18.edf,1056.0,1060.0,0
chb01_18.edf,1060.0,1064.0,0
chb01_18.edf,1064.0,1068.0,0
chb01_18.edf,1068.0,1072.0,0
chb01_18.edf,1072.0,1076.0,0
chb01_18.edf,1076.0,1080.0,0
chb01_18.edf,1080.0,1084.0,0
chb01_18.edf,1084.0,1088.0,0
chb01_18.edf,1088.0,1092.0,0
chb01_18.edf,1092.0,1096.0,0
chb01_18.edf,1096.0,1100.0,0
chb01_18.edf,1100.0,1104.0,0
chb01_18.edf,1104.0,1108.0,0
chb01_18.edf,1108.0,1112.0,0
chb01_18.edf,1112.0,1116.0,0
chb01_18.edf,1116.0,1120.0,0
chb01_18.edf,1120.0,1124.0,0
chb01_18.edf,1124.0,1128.0,0
chb01_18.edf,1128.0,1132.0,0
chb01_18.edf,1132.0,1136.0,0
chb01_18.edf,1136.0,1140.0,0
chb01_18.edf,1140.0,1144.0,0
chb01_18.edf,1144.0,1148.0,0
chb01_18.edf,1148.0,1152.0,0
chb01_18.edf,1152.0,1156.0,0
chb01_18.edf,1156.0,1160.0,0
chb01_18.edf,1160.0,1164.0,0
chb01_18.edf,1164.0,1168.0,0
chb01_18.edf,1168.0,1172.0,0
chb01_18.edf,1172.0,1176.0,0
chb01_18.edf,1176.0,1180.0,0
chb01_18.edf,1180.0,1184.0,0
chb01_18.edf,1184.0,1188.0,0
chb01_18.edf,1188.0,1192.0,0
chb01_18.edf,1192.0,1196.0,0
chb01_18.edf,1196.0,1200.0,0
chb01_18.edf,1200.0,1204.0,0
chb01_18.edf,1204.0,1208.0,0
chb01_18.edf,1208.0,1212.0,0
chb01_18.edf,1212.0,1216.0,0
chb01_18.edf,1216.0,1220.0,0
chb01_18.edf,1220.0,1224.0,0
chb01_18.edf,1224.0,1228.0,0
chb01_18.edf,1228.0,1232.0,0
chb01_18.edf,1232.0,1236.0,0
chb01_18.edf,1236.0,1240.0,0
chb01_18.edf,1240.0,1244.0,0
chb01_18.edf,1244.0,1248.0,0
chb01_18.edf,1248.0,1252.0,0
chb01_18.edf,1252.0,1256.0,0
chb01_18.edf,1256.0,1260.0,0
chb01_18.edf,1260.0,1264.0,0
chb01_18.edf,1264.0,1268.0,0
chb01_18.edf,1268.0,1272.0,0
chb01_18.edf,1272.0,1276.0,0
chb01_18.edf,1276.0,1280.0,0
chb01_18.edf,1280.0,1284.0,0
chb01_18.edf,1284.0,1288.0,0
chb01_18.edf,1288.0,1292.0,0
chb01_18.edf,1292.0,1296.0,0
chb01_18.edf,1296.0,1300.0,0
chb01_18.edf,1300.0,1304.0,0
chb01_18.edf,1304.0,1308.0,0
chb01_18.edf,1308.0,1312.0,0
chb01_18.edf,1312.0,1316.0,0
chb01_18.edf,1316.0,1320.0,0
chb01_18.edf,1320.0,1324.0,0
chb01_18.edf,1324.0,1328.0,0
chb01_18.edf,1328.0,1332.0,0
chb01_18.edf,1332.0,1336.0,0
chb01_18.edf,1336.0,1340.0,0
chb01_18.edf,1340.0,1344.0,0
chb01_18.edf,1344.0,1348.0,0
chb01_18.edf,1348.0,1352.0,0
chb01_18.edf,1352.0,1356.0,0
chb01_18.edf,1356.0,1360.0,0
chb01_18.edf,1360.0,1364.0,0
chb01_18.edf,1364.0,1368.0,0
chb01_18.edf,1368.0,1372.0,0
chb01_18.edf,1372.0,1376.0,0
chb01_18.edf,1376.0,1380.0,0
chb01_18.edf,1380.0,1384.0,0
chb01_18.edf,1384.0,1388.0,0
chb01_18.edf,1388.0,1392.0,0
chb01_18.edf,1392.0,1396.0,0
chb01_18.edf,1396.0,1400.0,0
chb01_18.edf,1400.0,1404.0,0
chb01_18.edf,1404.0,1408.0,0
chb01_18.edf,1408.0,1412.0,0
chb01_18.edf,1412.0,1416.0,0
chb01_18.edf,1416.0,1420.0,0
chb01_18.edf,1420.0,1424.0,0
chb01_18.edf,1424.0,1428.0,0
chb01_18.edf,1428.0,1432.0,0
chb01_18.edf,1432.0,1436.0,0
chb01_18.edf,1436.0,1440.0,0
chb01_18.edf,1440.0,1444.0,0
chb01_18.edf,1444.0,1448.0,0
chb01_18.edf,1448.0,1452.0,0
chb01_18.edf,1452.0,1456.0,0
chb01_18.edf,1456.0,1460.0,0
chb01_18.edf,1460.0,1464.0,0
chb01_18.edf,1464.0,1468.0,0
chb01_18.edf,1468.0,1472.0,0
chb01_18.edf,1472.0,1476.0,0
chb01_18.edf,1476.0,1480.0,0
chb01_18.edf,1480.0,1484.0,0
chb01_18.edf,1484.0,1488.0,0
chb01_18.edf,1488.0,1492.0,0
chb01_18.edf,1492.0,1496.0,0
chb01_18.edf,1496.0,1500.0,0
chb01_18.edf,1500.0,1504.0,0
chb01_18.edf,1504.0,1508.0,0
chb01_18.edf,1508.0,1512.0,0
chb01_18.edf,1512.0,1516.0,0
chb01_18.edf,1516.0,1520.0,0
chb01_18.edf,1520.0,1524.0,0
chb01_18.edf,1524.0,1528.0,0
chb01_18.edf,1528.0,1532.0,0
chb01_18.edf,1532.0,1536.0,0
chb01_18.edf,1536.0,1540.0,0
chb01_18.edf,1540.0,1544.0,0
chb01_18.edf,1544.0,1548.0,0
chb01_18.edf,1548.0,1552.0,0
chb01_18.edf,1552.0,1556.0,0
chb01_18.edf,1556.0,1560.0,0
chb01_18.edf,1560.0,1564.0,0
chb01_18.edf,1564.0,1568.0,0
chb01_18.edf,1568.0,1572.0,0
chb01_18.edf,1572.0,1576.0,0
chb01_18.edf,1576.0,1580.0,0
chb01_18.edf,1580.0,1584.0,0
chb01_18.edf,1584.0,1588.0,0
chb01_18.edf,1588.0,1592.0,0
chb01_18.edf,1592.0,1596.0,0
chb01_18.edf,1596.0,1600.0,0
chb01_18.edf,1600.0,1604.0,0
chb01_18.edf,1604.0,1608.0,0
chb01_18.edf,1608.0,1612.0,0
chb01_18.edf,1612.0,1616.0,0
chb01_18.edf,1616.0,1620.0,0
chb01_18.edf,1620.0,1624.0,0
chb01_18.edf,1624.0,1628.0,0
chb01_18.edf,1628.0,1632.0,0
chb01_18.edf,1632.0,1636.0,0
chb01_18.edf,1636.0,1640.0,0
chb01_18.edf,1640.0,1644.0,0
chb01_18.edf,1644.0,1648.0,0
chb01_18.edf,1648.0,1652.0,0
chb01_18.edf,1652.0,1656.0,0
chb01_18.edf,1656.0,1660.0,0
chb01_18.edf,1660.0,1664.0,0
chb01_18.edf,1664.0,1668.0,0
chb01_18.edf,1668.0,1672.0,0
chb01_18.edf,1672.0,1676.0,0
chb01_18.edf,1676.0,1680.0,0
chb01_18.edf,1680.0,1684.0,0
chb01_18.edf,1684.0,1688.0,0
chb01_18.edf,1688.0,1692.0,0
chb01_18.edf,1692.0,1696.0,0
chb01_18.edf,1696.0,1700.0,0
chb01_18.edf,1700.0,1704.0,0
chb01_18.edf,1704.0,1708.0,0
chb01_18.edf,1708.0,1712.0,0
chb01_18.edf,1712.0,1716.0,0
chb01_18.edf,1716.0,1720.0,0
chb01_18.edf,1720.0,1724.0,1
chb01_18.edf,1724.0,1728.0,1
chb01_18.edf,1728.0,1732.0,1
chb01_18.edf,1732.0,1736.0,1
chb01_18.edf,1736.0,1740.0,1
chb01_18.edf,1740.0,1744.0,1
chb01_18.edf,1744.0,1748.0,1
chb01_18.edf,1748.0,1752.0,1
chb01_18.edf,1752.0,1756.0,1
chb01_18.edf,1756.0,1760.0,1
chb01_18.edf,1760.0,1764.0,1
chb01_18.edf,1764.0,1768.0,1
chb01_18.edf,1768.0,1772.0,1
chb01_18.edf,1772.0,1776.0,1
chb01_18.edf,1776.0,1780.0,1
chb01_18.edf,1780.0,1784.0,1
chb01_18.edf,1784.0,1788.0,1
chb01_18.edf,1788.0,1792.0,1
chb01_18.edf,1792.0,1796.0,1
chb01_18.edf,1796.0,1800.0,1
chb01_18.edf,1800.0,1804.0,1
chb01_18.edf,1804.0,1808.0,1
chb01_18.edf,1808.0,1812.0,1
chb01_18.edf,1812.0,1816.0,0
chb01_18.edf,1816.0,1820.0,0
chb01_18.edf,1820.0,1824.0,0
chb01_18.edf,1824.0,1828.0,0
chb01_18.edf,1828.0,1832.0,0
chb01_18.edf,1832.0,1836.0,0
chb01_18.edf,1836.0,1840.0,0
chb01_18.edf,1840.0,1844.0,0
chb01_18.edf,1844.0,1848.0,0
chb01_18.edf,1848.0,1852.0,0
chb01_18.edf,1852.0,1856.0,0
chb01_18.edf,1856.0,1860.0,0
chb01_18.edf,1860.0,1864.0,0
chb01_18.edf,1864.0,1868.0,0
chb01_18.edf,1868.0,1872.0,0
chb01_18.edf,1872.0,1876.0,0
chb01_18.edf,1876.0,1880.0,0
chb01_18.edf,1880.0,1884.0,0
chb01_18.edf,1884.0,1888.0,0
chb01_18.edf,1888.0,1892.0,0
chb01_18.edf,1892.0,1896.0,0
chb01_18.edf,1896.0,1900.0,0
chb01_18.edf,1900.0,1904.0,0
chb01_18.edf,1904.0,1908.0,0
chb01_18.edf,1908.0,1912.0,0
chb01_18.edf,1912.0,1916.0,0
chb01_18.edf,1916.0,1920.0,0
chb01_18.edf,1920.0,1924.0,0
chb01_18.edf,1924.0,1928.0,0
chb01_18.edf,1928.0,1932.0,0
chb01_18.edf,1932.0,1936.0,0
chb01_18.edf,1936.0,1940.0,0
chb01_18.edf,1940.0,1944.0,0
chb01_18.edf,1944.0,1948.0,0
chb01_18.edf,1948.0,1952.0,0
chb01_18.edf,1952.0,1956.0,0
chb01_18.edf,1956.0,1960.0,0
chb01_18.edf,1960.0,1964.0,0
chb01_18.edf,1964.0,1968.0,0
chb01_18.edf,1968.0,1972.0,0
chb01_18.edf,1972.0,1976.0,0
chb01_18.edf,1976.0,1980.0,0
chb01_18.edf,1980.0,1984.0,0
chb01_18.edf,1984.0,1988.0,0
chb01_18.edf,1988.0,1992.0,0
chb01_18.edf,1992.0,1996.0,0
chb01_18.edf,1996.0,2000.0,0
chb01_18.edf,2000.0,2004.0,0
chb01_18.edf,2004.0,2008.0,0
chb01_18.edf,2008.0,2012.0,0
chb01_18.edf,2012.0,2016.0,0
chb01_18.edf,2016.0,2020.0,0
chb01_18.edf,2020.0,2024.0,0
chb01_18.edf,2024.0,2028.0,0
chb01_18.edf,2028.0,2032.0,0
chb01_18.edf,2032.0,2036.0,0
chb01_18.edf,2036.0,2040.0,0
chb01_18.edf,2040.0,2044.0,0
chb01_18.edf,2044.0,2048.0,0
chb01_18.edf,2048.0,2052.0,0
chb01_18.edf,2052.0,2056.0,0
chb01_18.edf,2056.0,2060.0,0
chb01_18.edf,2060.0,2064.0,0
chb01_18.edf,2064.0,2068.0,0
chb01_18.edf,2068.0,2072.0,0
chb01_18.edf,2072.0,2076.0,0
chb01_18.edf,2076.0,2080.0,0
chb01_18.edf,2080.0,2084.0,0
chb01_18.edf,2084.0,2088.0,0
chb01_18.edf,2088.0,2092.0,0
chb01_18.edf,2092.0,2096.0,0
chb01_18.edf,2096.0,2100.0,0
chb01_18.edf,2100.0,2104.0,0
chb01_18.edf,2104.0,2108.0,0
chb01_18.edf,2108.0,2112.0,0
chb01_18.edf,2112.0,2116.0,0
chb01_18.edf,2116.0,2120.0,0
chb01_18.edf,2120.0,2124.0,0
chb01_18.edf,2124.0,2128.0,0
chb01_18.edf,2128.0,2132.0,0
chb01_18.edf,2132.0,2136.0,0
chb01_18.edf,2136.0,2140.0,0
chb01_18.edf,2140.0,2144.0,0
chb01_18.edf,2144.0,2148.0,0
chb01_18.edf,2148.0,2152.0,0
chb01_18.edf,2152.0,2156.0,0
chb01_18.edf,2156.0,2160.0,0
chb01_18.edf,2160.0,2164.0,0
chb01_18.edf,2164.0,2168.0,0
chb01_18.edf,2168.0,2172.0,0
chb01_18.edf,2172.0,2176.0,0
chb01_18.edf,2176.0,2180.0,0
chb01_18.edf,2180.0,2184.0,0
chb01_18.edf,2184.0,2188.0,0
chb01_18.edf,2188.0,2192.0,0
chb01_18.edf,2192.0,2196.0,0
chb01_18.edf,2196.0,2200.0,0
chb01_18.edf,2200.0,2204.0,0
chb01_18.edf,2204.0,2208.0,0
chb01_18.edf,2208.0,2212.0,0
chb01_18.edf,2212.0,2216.0,0
chb01_18.edf,2216.0,2220.0,0
chb01_18.edf,2220.0,2224.0,0
chb01_18.edf,2224.0,2228.0,0
chb01_18.edf,2228.0,2232.0,0
chb01_18.edf,2232.0,2236.0,0
chb01_18.edf,2236.0,2240.0,0
chb01_18.edf,2240.0,2244.0,0
chb01_18.edf,2244.0,2248.0,0
chb01_18.edf,2248.0,2252.0,0
chb01_18.edf,2252.0,2256.0,0
chb01_18.edf,2256.0,2260.0,0
chb01_18.edf,2260.0,2264.0,0
chb01_18.edf,2264.0,2268.0,0
chb01_18.edf,2268.0,2272.0,0
chb01_18.edf,2272.0,2276.0,0
chb01_18.edf,2276.0,2280.0,0
chb01_18.edf,2280.0,2284.0,0
chb01_18.edf,2284.0,2288.0,0
chb01_18.edf,2288.0,2292.0,0
chb01_18.edf,2292.0,2296.0,0
chb01_18.edf,2296.0,2300.0,0
chb01_18.edf,2300.0,2304.0,0
chb01_18.edf,2304.0,2308.0,0
chb01_18.edf,2308.0,2312.0,0
chb01_18.edf,2312.0,2316.0,0
chb01_18.edf,2316.0,2320.0,0
chb01_18.edf,2320.0,2324.0,0
chb01_18.edf,2324.0,2328.0,0
chb01_18.edf,2328.0,2332.0,0
chb01_18.edf,2332.0,2336.0,0
chb01_18.edf,2336.0,2340.0,0
chb01_18.edf,2340.0,2344.0,0
chb01_18.edf,2344.0,2348.0,0
chb01_18.edf,2348.0,2352.0,0
chb01_18.edf,2352.0,2356.0,0
chb01_18.edf,2356.0,2360.0,0
chb01_18.edf,2360.0,2364.0,0
chb01_18.edf,2364.0,2368.0,0
chb01_18.edf,2368.0,2372.0,0
chb01_18.edf,2372.0,2376.0,0
chb01_18.edf,2376.0,2380.0,0
chb01_18.edf,2380.0,2384.0,0
chb01_18.edf,2384.0,2388.0,0
chb01_18.edf,2388.0,2392.0,0
chb01_18.edf,2392.0,2396.0,0
chb01_18.edf,2396.0,2400.0,0
chb01_18.edf,2400.0,2404.0,0
chb01_18.edf,2404.0,2408.0,0
chb01_18.edf,2408.0,2412.0,0
chb01_18.edf,2412.0,2416.0,0
chb01_18.edf,2416.0,2420.0,0
chb01_18.edf,2420.0,2424.0,0
chb01_18.edf,2424.0,2428.0,0
chb01_18.edf,2428.0,2432.0,0
chb01_18.edf,2432.0,2436.0,0
chb01_18.edf,2436.0,2440.0,0
chb01_18.edf,2440.0,2444.0,0
chb01_18.edf,2444.0,2448.0,0
chb01_18.edf,2448.0,2452.0,0
chb01_18.edf,2452.0,2456.0,0
chb01_18.edf,2456.0,2460.0,0
chb01_18.edf,2460.0,2464.0,0
chb01_18.edf,2464.0,2468.0,0
chb01_18.edf,2468.0,2472.0,0
chb01_18.edf,2472.0,2476.0,0
chb01_18.edf,2476.0,2480.0,0
chb01_18.edf,2480.0,2484.0,0
chb01_18.edf,2484.0,2488.0,0
chb01_18.edf,2488.0,2492.0,0
chb01_18.edf,2492.0,2496.0,0
chb01_18.edf,2496.0,2500.0,0
chb01_18.edf,2500.0,2504.0,0
chb01_18.edf,2504.0,2508.0,0
chb01_18.edf,2508.0,2512.0,0
chb01_18.edf,2512.0,2516.0,0
chb01_18.edf,2516.0,2520.0,0
chb01_18.edf,2520.0,2524.0,0
chb01_18.edf,2524.0,2528.0,0
chb01_18.edf,2528.0,2532.0,0
chb01_18.edf,2532.0,2536.0,0
chb01_18.edf,2536.0,2540.0,0
chb01_18.edf,2540.0,2544.0,0
chb01_18.edf,2544.0,2548.0,0
chb01_18.edf,2548.0,2552.0,0
chb01_18.edf,2552.0,2556.0,0
chb01_18.edf,2556.0,2560.0,0
chb01_18.edf,2560.0,2564.0,0
chb01_18.edf,2564.0,2568.0,0
chb01_18.edf,2568.0,2572.0,0
chb01_18.edf,2572.0,2576.0,0
chb01_18.edf,2576.0,2580.0,0
chb01_18.edf,2580.0,2584.0,0
chb01_18.edf,2584.0,2588.0,0
chb01_18.edf,2588.0,2592.0,0
chb01_18.edf,2592.0,2596.0,0
chb01_18.edf,2596.0,2600.0,0
chb01_18.edf,2600.0,2604.0,0
chb01_18.edf,2604.0,2608.0,0
chb01_18.edf,2608.0,2612.0,0
chb01_18.edf,2612.0,2616.0,0
chb01_18.edf,2616.0,2620.0,0
chb01_18.edf,2620.0,2624.0,0
chb01_18.edf,2624.0,2628.0,0
chb01_18.edf,2628.0,2632.0,0
chb01_18.edf,2632.0,2636.0,0
chb01_18.edf,2636.0,2640.0,0
chb01_18.edf,2640.0,2644.0,0
chb01_18.edf,2644.0,2648.0,0
chb01_18.edf,2648.0,2652.0,0
chb01_18.edf,2652.0,2656.0,0
chb01_18.edf,2656.0,2660.0,0
chb01_18.edf,2660.0,2664.0,0
chb01_18.edf,2664.0,2668.0,0
chb01_18.edf,2668.0,2672.0,0
chb01_18.edf,2672.0,2676.0,0
chb01_18.edf,2676.0,2680.0,0
chb01_18.edf,2680.0,2684.0,0
chb01_18.edf,2684.0,2688.0,0
chb01_18.edf,2688.0,2692.0,0
chb01_18.edf,2692.0,2696.0,0
chb01_18.edf,2696.0,2700.0,0
chb01_18.edf,2700.0,2704.0,0
chb01_18.edf,2704.0,2708.0,0
chb01_18.edf,2708.0,2712.0,0
chb01_18.edf,2712.0,2716.0,0
chb01_18.edf,2716.0,2720.0,0
chb01_18.edf,2720.0,2724.0,0
chb01_18.edf,2724.0,2728.0,0
chb01_18.edf,2728.0,2732.0,0
chb01_18.edf,2732.0,2736.0,0
chb01_18.edf,2736.0,2740.0,0
chb01_18.edf,2740.0,2744.0,0
chb01_18.edf,2744.0,2748.0,0
chb01_18.edf,2748.0,2752.0,0
chb01_18.edf,2752.0,2756.0,0
chb01_18.edf,2756.0,2760.0,0
chb01_18.edf,2760.0,2764.0,0
chb01_18.edf,2764.0,2768.0,0
chb01_18.edf,2768.0,2772.0,0
chb01_18.edf,2772.0,2776.0,0
chb01_18.edf,2776.0,2780.0,0
chb01_18.edf,2780.0,2784.0,0
chb01_18.edf,2784.0,2788.0,0
chb01_18.edf,2788.0,2792.0,0
chb01_18.edf,2792.0,2796.0,0
chb01_18.edf,2796.0,2800.0,0
chb01_18.edf,2800.0,2804.0,0
chb01_18.edf,2804.0,2808.0,0
chb01_18.edf,2808.0,2812.0,0
chb01_18.edf,2812.0,2816.0,0
chb01_18.edf,2816.0,2820.0,0
chb01_18.edf,2820.0,2824.0,0
chb01_18.edf,2824.0,2828.0,0
chb01_18.edf,2828.0,2832.0,0
chb01_18.edf,2832.0,2836.0,0
chb01_18.edf,2836.0,2840.0,0
chb01_18.edf,2840.0,2844.0,0
chb01_18.edf,2844.0,2848.0,0
chb01_18.edf,2848.0,2852.0,0
chb01_18.edf,2852.0,2856.0,0
chb01_18.edf,2856.0,2860.0,0
chb01_18.edf,2860.0,2864.0,0
chb01_18.edf,2864.0,2868.0,0
chb01_18.edf,2868.0,2872.0,0
chb01_18.edf,2872.0,2876.0,0
chb01_18.edf,2876.0,2880.0,0
chb01_18.edf,2880.0,2884.0,0
chb01_18.edf,2884.0,2888.0,0
chb01_18.edf,2888.0,2892.0,0
chb01_18.edf,2892.0,2896.0,0
chb01_18.edf,2896.0,2900.0,0
chb01_18.edf,2900.0,2904.0,0
chb01_18.edf,2904.0,2908.0,0
chb01_18.edf,2908.0,2912.0,0
chb01_18.edf,2912.0,2916.0,0
chb01_18.edf,2916.0,2920.0,0
chb01_18.edf,2920.0,2924.0,0
chb01_18.edf,2924.0,2928.0,0
chb01_18.edf,2928.0,2932.0,0
chb01_18.edf,2932.0,2936.0,0
chb01_18.edf,2936.0,2940.0,0
chb01_18.edf,2940.0,2944.0,0
chb01_18.edf,2944.0,2948.0,0
chb01_18.edf,2948.0,2952.0,0
chb01_18.edf,2952.0,2956.0,0
chb01_18.edf,2956.0,2960.0,0
chb01_18.edf,2960.0,2964.0,0
chb01_18.edf,2964.0,2968.0,0
chb01_18.edf,2968.0,2972.0,0
chb01_18.edf,2972.0,2976.0,0
chb01_18.edf,2976.0,2980.0,0
chb01_18.edf,2980.0,2984.0,0
chb01_18.edf,2984.0,2988.0,0
chb01_18.edf,2988.0,2992.0,0
chb01_18.edf,2992.0,2996.0,0
chb01_18.edf,2996.0,3000.0,0
chb01_18.edf,3000.0,3004.0,0
chb01_18.edf,3004.0,3008.0,0
chb01_18.edf,3008.0,3012.0,0
chb01_18.edf,3012.0,3016.0,0
chb01_18.edf,3016.0,3020.0,0
chb01_18.edf,3020.0,3024.0,0
chb01_18.edf,3024.0,3028.0,0
chb01_18.edf,3028.0,3032.0,0
chb01_18.edf,3032.0,3036.0,0
chb01_18.edf,3036.0,3040.0,0
chb01_18.edf,3040.0,3044.0,0
chb01_18.edf,3044.0,3048.0,0
chb01_18.edf,3048.0,3052.0,0
chb01_18.edf,3052.0,3056.0,0
chb01_18.edf,3056.0,3060.0,0
chb01_18.edf,3060.0,3064.0,0
chb01_18.edf,3064.0,3068.0,0
chb01_18.edf,3068.0,3072.0,0
chb01_18.edf,3072.0,3076.0,0
chb01_18.edf,3076.0,3080.0,0
chb01_18.edf,3080.0,3084.0,0
chb01_18.edf,3084.0,3088.0,0
chb01_18.edf,3088.0,3092.0,0
chb01_18.edf,3092.0,3096.0,0
chb01_18.edf,3096.0,3100.0,0
chb01_18.edf,3100.0,3104.0,0
chb01_18.edf,3104.0,3108.0,0
chb01_18.edf,3108.0,3112.0,0
chb01_18.edf,3112.0,3116.0,0
chb01_18.edf,3116.0,3120.0,0
chb01_18.edf,3120.0,3124.0,0
chb01_18.edf,3124.0,3128.0,0
chb01_18.edf,3128.0,3132.0,0
chb01_18.edf,3132.0,3136.0,0
chb01_18.edf,3136.0,3140.0,0
chb01_18.edf,3140.0,3144.0,0
chb01_18.edf,3144.0,3148.0,0
chb01_18.edf,3148.0,3152.0,0
chb01_18.edf,3152.0,3156.0,0
chb01_18.edf,3156.0,3160.0,0
chb01_18.edf,3160.0,3164.0,0
chb01_18.edf,3164.0,3168.0,0
chb01_18.edf,3168.0,3172.0,0
chb01_18.edf,3172.0,3176.0,0
chb01_18.edf,3176.0,3180.0,0
chb01_18.edf,3180.0,3184.0,0
chb01_18.edf,3184.0,3188.0,0
chb01_18.edf,3188.0,3192.0,0
chb01_18.edf,3192.0,3196.0,0
chb01_18.edf,3196.0,3200.0,0
chb01_18.edf,3200.0,3204.0,0
chb01_18.edf,3204.0,3208.0,0
chb01_18.edf,3208.0,3212.0,0
chb01_18.edf,3212.0,3216.0,0
chb01_18.edf,3216.0,3220.0,0
chb01_18.edf,3220.0,3224.0,0
chb01_18.edf,3224.0,3228.0,0
chb01_18.edf,3228.0,3232.0,0
chb01_18.edf,3232.0,3236.0,0
chb01_18.edf,3236.0,3240.0,0
chb01_18.edf,3240.0,3244.0,0
chb01_18.edf,3244.0,3248.0,0
chb01_18.edf,3248.0,3252.0,0
chb01_18.edf,3252.0,3256.0,0
chb01_18.edf,3256.0,3260.0,0
chb01_18.edf,3260.0,3264.0,0
chb01_18.edf,3264.0,3268.0,0
chb01_18.edf,3268.0,3272.0,0
chb01_18.edf,3272.0,3276.0,0
chb01_18.edf,3276.0,3280.0,0
chb01_18.edf,3280.0,3284.0,0
chb01_18.edf,3284.0,3288.0,0
chb01_18.edf,3288.0,3292.0,0
chb01_18.edf,3292.0,3296.0,0
chb01_18.edf,3296.0,3300.0,0
chb01_18.edf,3300.0,3304.0,0
chb01_18.edf,3304.0,3308.0,0
chb01_18.edf,3308.0,3312.0,0
chb01_18.edf,3312.0,3316.0,0
chb01_18.edf,3316.0,3320.0,0
chb01_18.edf,3320.0,3324.0,0
chb01_18.edf,3324.0,3328.0,0
chb01_18.edf,3328.0,3332.0,0
chb01_18.edf,3332.0,3336.0,0
chb01_18.edf,3336.0,3340.0,0
chb01_18.edf,3340.0,3344.0,0
chb01_18.edf,3344.0,3348.0,0
chb01_18.edf,3348.0,3352.0,0
chb01_18.edf,3352.0,3356.0,0
chb01_18.edf,3356.0,3360.0,0
chb01_18.edf,3360.0,3364.0,0
chb01_18.edf,3364.0,3368.0,0
chb01_18.edf,3368.0,3372.0,0
chb01_18.edf,3372.0,3376.0,0
chb01_18.edf,3376.0,3380.0,0
chb01_18.edf,3380.0,3384.0,0
chb01_18.edf,3384.0,3388.0,0
chb01_18.edf,3388.0,3392.0,0
chb01_18.edf,3392.0,3396.0,0
chb01_18.edf,3396.0,3400.0,0
chb01_18.edf,3400.0,3404.0,0
chb01_18.edf,3404.0,3408.0,0
chb01_18.edf,3408.0,3412.0,0
chb01_18.edf,3412.0,3416.0,0
chb01_18.edf,3416.0,3420.0,0
chb01_18.edf,3420.0,3424.0,0
chb01_18.edf,3424.0,3428.0,0
chb01_18.edf,3428.0,3432.0,0
chb01_18.edf,3432.0,3436.0,0
chb01_18.edf,3436.0,3440.0,0
chb01_18.edf,3440.0,3444.0,0
chb01_18.edf,3444.0,3448.0,0
chb01_18.edf,3448.0,3452.0,0
chb01_18.edf,3452.0,3456.0,0
chb01_18.edf,3456.0,3460.0,0
chb01_18.edf,3460.0,3464.0,0
chb01_18.edf,3464.0,3468.0,0
chb01_18.edf,3468.0,3472.0,0
chb01_18.edf,3472.0,3476.0,0
chb01_18.edf,3476.0,3480.0,0
chb01_18.edf,3480.0,3484.0,0
chb01_18.edf,3484.0,3488.0,0
chb01_18.edf,3488.0,3492.0,0
chb01_18.edf,3492.0,3496.0,0
chb01_18.edf,3496.0,3500.0,0
chb01_18.edf,3500.0,3504.0,0
chb01_18.edf,3504.0,3508.0,0
chb01_18.edf,3508.0,3512.0,0
chb01_18.edf,3512.0,3516.0,0
chb01_18.edf,3516.0,3520.0,0
chb01_18.edf,3520.0,3524.0,0
chb01_18.edf,3524.0,3528.0,0
chb01_18.edf,3528.0,3532.0,0
chb01_18.edf,3532.0,3536.0,0
chb01_18.edf,3536.0,3540.0,0
chb01_18.edf,3540.0,3544.0,0
chb01_18.edf,3544.0,3548.0,0
chb01_18.edf,3548.0,3552.0,0
chb01_18.edf,3552.0,3556.0,0
chb01_18.edf,3556.0,3560.0,0
chb01_18.edf,3560.0,3564.0,0
chb01_18.edf,3564.0,3568.0,0
chb01_18.edf,3568.0,3572.0,0
chb01_18.edf,3572.0,3576.0,0
chb01_18.edf,3576.0,3580.0,0
chb01_18.edf,3580.0,3584.0,0
chb01_18.edf,3584.0,3588.0,0
chb01_18.edf,3588.0,3592.0,0
chb01_18.edf,3592.0,3596.0,0
chb01_18.edf,3596.0,3600.0,0
chb01_21.edf,0.0,4.0,0
chb01_21.edf,4.0,8.0,0
chb01_21.edf,8.0,12.0,0
chb01_21.edf,12.0,16.0,0
chb01_21.edf,16.0,20.0,0
chb01_21.edf,20.0,24.0,0
chb01_21.edf,24.0,28.0,0
chb01_21.edf,28.0,32.0,0
chb01_21.edf,32.0,36.0,0
chb01_21.edf,36.0,40.0,0
chb01_21.edf,40.0,44.0,0
chb01_21.edf,44.0,48.0,0
chb01_21.edf,48.0,52.0,0
chb01_21.edf,52.0,56.0,0
chb01_21.edf,56.0,60.0,0
chb01_21.edf,60.0,64.0,0
chb01_21.edf,64.0,68.0,0
chb01_21.edf,68.0,72.0,0
chb01_21.edf,72.0,76.0,0
chb01_21.edf,76.0,80.0,0
chb01_21.edf,80.0,84.0,0
chb01_21.edf,84.0,88.0,0
chb01_21.edf,88.0,92.0,0
chb01_21.edf,92.0,96.0,0
chb01_21.edf,96.0,100.0,0
chb01_21.edf,100.0,104.0,0
chb01_21.edf,104.0,108.0,0
chb01_21.edf,108.0,112.0,0
chb01_21.edf,112.0,116.0,0
chb01_21.edf,116.0,120.0,0
chb01_21.edf,120.0,124.0,0
chb01_21.edf,124.0,128.0,0
chb01_21.edf,128.0,132.0,0
chb01_21.edf,132.0,136.0,0
chb01_21.edf,136.0,140.0,0
chb01_21.edf,140.0,144.0,0
chb01_21.edf,144.0,148.0,0
chb01_21.edf,148.0,152.0,0
chb01_21.edf,152.0,156.0,0
chb01_21.edf,156.0,160.0,0
chb01_21.edf,160.0,164.0,0
chb01_21.edf,164.0,168.0,0
chb01_21.edf,168.0,172.0,0
chb01_21.edf,172.0,176.0,0
chb01_21.edf,176.0,180.0,0
chb01_21.edf,180.0,184.0,0
chb01_21.edf,184.0,188.0,0
chb01_21.edf,188.0,192.0,0
chb01_21.edf,192.0,196.0,0
chb01_21.edf,196.0,200.0,0
chb01_21.edf,200.0,204.0,0
chb01_21.edf,204.0,208.0,0
chb01_21.edf,208.0,212.0,0
chb01_21.edf,212.0,216.0,0
chb01_21.edf,216.0,220.0,0
chb01_21.edf,220.0,224.0,0
chb01_21.edf,224.0,228.0,0
chb01_21.edf,228.0,232.0,0
chb01_21.edf,232.0,236.0,0
chb01_21.edf,236.0,240.0,0
chb01_21.edf,240.0,244.0,0
chb01_21.edf,244.0,248.0,0
chb01_21.edf,248.0,252.0,0
chb01_21.edf,252.0,256.0,0
chb01_21.edf,256.0,260.0,0
chb01_21.edf,260.0,264.0,0
chb01_21.edf,264.0,268.0,0
chb01_21.edf,268.0,272.0,0
chb01_21.edf,272.0,276.0,0
chb01_21.edf,276.0,280.0,0
chb01_21.edf,280.0,284.0,0
chb01_21.edf,284.0,288.0,0
chb01_21.edf,288.0,292.0,0
chb01_21.edf,292.0,296.0,0
chb01_21.edf,296.0,300.0,0
chb01_21.edf,300.0,304.0,0
chb01_21.edf,304.0,308.0,0
chb01_21.edf,308.0,312.0,0
chb01_21.edf,312.0,316.0,0
chb01_21.edf,316.0,320.0,0
chb01_21.edf,320.0,324.0,0
chb01_21.edf,324.0,328.0,1
chb01_21.edf,328.0,332.0,1
chb01_21.edf,332.0,336.0,1
chb01_21.edf,336.0,340.0,1
chb01_21.edf,340.0,344.0,1
chb01_21.edf,344.0,348.0,1
chb01_21.edf,348.0,352.0,1
chb01_21.edf,352.0,356.0,1
chb01_21.edf,356.0,360.0,1
chb01_21.edf,360.0,364.0,1
chb01_21.edf,364.0,368.0,1
chb01_21.edf,368.0,372.0,1
chb01_21.edf,372.0,376.0,1
chb01_21.edf,376.0,380.0,1
chb01_21.edf,380.0,384.0,1
chb01_21.edf,384.0,388.0,1
chb01_21.edf,388.0,392.0,1
chb01_21.edf,392.0,396.0,1
chb01_21.edf,396.0,400.0,1
chb01_21.edf,400.0,404.0,1
chb01_21.edf,404.0,408.0,1
chb01_21.edf,408.0,412.0,1
chb01_21.edf,412.0,416.0,1
chb01_21.edf,416.0,420.0,1
chb01_21.edf,420.0,424.0,0
chb01_21.edf,424.0,428.0,0
chb01_21.edf,428.0,432.0,0
chb01_21.edf,432.0,436.0,0
chb01_21.edf,436.0,440.0,0
chb01_21.edf,440.0,444.0,0
chb01_21.edf,444.0,448.0,0
chb01_21.edf,448.0,452.0,0
chb01_21.edf,452.0,456.0,0
chb01_21.edf,456.0,460.0,0
chb01_21.edf,460.0,464.0,0
chb01_21.edf,464.0,468.0,0
chb01_21.edf,468.0,472.0,0
chb01_21.edf,472.0,476.0,0
chb01_21.edf,476.0,480.0,0
chb01_21.edf,480.0,484.0,0
chb01_21.edf,484.0,488.0,0
chb01_21.edf,488.0,492.0,0
chb01_21.edf,492.0,496.0,0
chb01_21.edf,496.0,500.0,0
chb01_21.edf,500.0,504.0,0
chb01_21.edf,504.0,508.0,0
chb01_21.edf,508.0,512.0,0
chb01_21.edf,512.0,516.0,0
chb01_21.edf,516.0,520.0,0
chb01_21.edf,520.0,524.0,0
chb01_21.edf,524.0,528.0,0
chb01_21.edf,528.0,532.0,0
chb01_21.edf,532.0,536.0,0
chb01_21.edf,536.0,540.0,0
chb01_21.edf,540.0,544.0,0
chb01_21.edf,544.0,548.0,0
chb01_21.edf,548.0,552.0,0
chb01_21.edf,552.0,556.0,0
chb01_21.edf,556.0,560.0,0
chb01_21.edf,560.0,564.0,0
chb01_21.edf,564.0,568.0,0
chb01_21.edf,568.0,572.0,0
chb01_21.edf,572.0,576.0,0
chb01_21.edf,576.0,580.0,0
chb01_21.edf,580.0,584.0,0
chb01_21.edf,584.0,588.0,0
chb01_21.edf,588.0,592.0,0
chb01_21.edf,592.0,596.0,0
chb01_21.edf,596.0,600.0,0
chb01_21.edf,600.0,604.0,0
chb01_21.edf,604.0,608.0,0
chb01_21.edf,608.0,612.0,0
chb01_21.edf,612.0,616.0,0
chb01_21.edf,616.0,620.0,0
chb01_21.edf,620.0,624.0,0
chb01_21.edf,624.0,628.0,0
chb01_21.edf,628.0,632.0,0
chb01_21.edf,632.0,636.0,0
chb01_21.edf,636.0,640.0,0
chb01_21.edf,640.0,644.0,0
chb01_21.edf,644.0,648.0,0
chb01_21.edf,648.0,652.0,0
chb01_21.edf,652.0,656.0,0
chb01_21.edf,656.0,660.0,0
chb01_21.edf,660.0,664.0,0
chb01_21.edf,664.0,668.0,0
chb01_21.edf,668.0,672.0,0
chb01_21.edf,672.0,676.0,0
chb01_21.edf,676.0,680.0,0
chb01_21.edf,680.0,684.0,0
chb01_21.edf,684.0,688.0,0
chb01_21.edf,688.0,692.0,0
chb01_21.edf,692.0,696.0,0
chb01_21.edf,696.0,700.0,0
chb01_21.edf,700.0,704.0,0
chb01_21.edf,704.0,708.0,0
chb01_21.edf,708.0,712.0,0
chb01_21.edf,712.0,716.0,0
chb01_21.edf,716.0,720.0,0
chb01_21.edf,720.0,724.0,0
chb01_21.edf,724.0,728.0,0
chb01_21.edf,728.0,732.0,0
chb01_21.edf,732.0,736.0,0
chb01_21.edf,736.0,740.0,0
chb01_21.edf,740.0,744.0,0
chb01_21.edf,744.0,748.0,0
chb01_21.edf,748.0,752.0,0
chb01_21.edf,752.0,756.0,0
chb01_21.edf,756.0,760.0,0
chb01_21.edf,760.0,764.0,0
chb01_21.edf,764.0,768.0,0
chb01_21.edf,768.0,772.0,0
chb01_21.edf,772.0,776.0,0
chb01_21.edf,776.0,780.0,0
chb01_21.edf,780.0,784.0,0
chb01_21.edf,784.0,788.0,0
chb01_21.edf,788.0,792.0,0
chb01_21.edf,792.0,796.0,0
chb01_21.edf,796.0,800.0,0
chb01_21.edf,800.0,804.0,0
chb01_21.edf,804.0,808.0,0
chb01_21.edf,808.0,812.0,0
chb01_21.edf,812.0,816.0,0
chb01_21.edf,816.0,820.0,0
chb01_21.edf,820.0,824.0,0
chb01_21.edf,824.0,828.0,0
chb01_21.edf,828.0,832.0,0
chb01_21.edf,832.0,836.0,0
chb01_21.edf,836.0,840.0,0
chb01_21.edf,840.0,844.0,0
chb01_21.edf,844.0,848.0,0
chb01_21.edf,848.0,852.0,0
chb01_21.edf,852.0,856.0,0
chb01_21.edf,856.0,860.0,0
chb01_21.edf,860.0,864.0,0
chb01_21.edf,864.0,868.0,0
chb01_21.edf,868.0,872.0,0
chb01_21.edf,872.0,876.0,0
chb01_21.edf,876.0,880.0,0
chb01_21.edf,880.0,884.0,0
chb01_21.edf,884.0,888.0,0
chb01_21.edf,888.0,892.0,0
chb01_21.edf,892.0,896.0,0
chb01_21.edf,896.0,900.0,0
chb01_21.edf,900.0,904.0,0
chb01_21.edf,904.0,908.0,0
chb01_21.edf,908.0,912.0,0
chb01_21.edf,912.0,916.0,0
chb01_21.edf,916.0,920.0,0
chb01_21.edf,920.0,924.0,0
chb01_21.edf,924.0,928.0,0
chb01_21.edf,928.0,932.0,0
chb01_21.edf,932.0,936.0,0
chb01_21.edf,936.0,940.0,0
chb01_21.edf,940.0,944.0,0
chb01_21.edf,944.0,948.0,0
chb01_21.edf,948.0,952.0,0
chb01_21.edf,952.0,956.0,0
chb01_21.edf,956.0,960.0,0
chb01_21.edf,960.0,964.0,0
chb01_21.edf,964.0,968.0,0
chb01_21.edf,968.0,972.0,0
chb01_21.edf,972.0,976.0,0
chb01_21.edf,976.0,980.0,0
chb01_21.edf,980.0,984.0,0
chb01_21.edf,984.0,988.0,0
chb01_21.edf,988.0,992.0,0
chb01_21.edf,992.0,996.0,0
chb01_21.edf,996.0,1000.0,0
chb01_21.edf,1000.0,1004.0,0
chb01_21.edf,1004.0,1008.0,0
chb01_21.edf,1008.0,1012.0,0
chb01_21.edf,1012.0,1016.0,0
chb01_21.edf,1016.0,1020.0,0
chb01_21.edf,1020.0,1024.0,0
chb01_21.edf,1024.0,1028.0,0
chb01_21.edf,1028.0,1032.0,0
chb01_21.edf,1032.0,1036.0,0
chb01_21.edf,1036.0,1040.0,0
chb01_21.edf,1040.0,1044.0,0
chb01_21.edf,1044.0,1048.0,0
chb01_21.edf,1048.0,1052.0,0
chb01_21.edf,1052.0,1056.0,0
chb01_21.edf,1056.0,1060.0,0
chb01_21.edf,1060.0,1064.0,0
chb01_21.edf,1064.0,1068.0,0
chb01_21.edf,1068.0,1072.0,0
chb01_21.edf,1072.0,1076.0,0
chb01_21.edf,1076.0,1080.0,0
chb01_21.edf,1080.0,1084.0,0
chb01_21.edf,1084.0,1088.0,0
chb01_21.edf,1088.0,1092.0,0
chb01_21.edf,1092.0,1096.0,0
chb01_21.edf,1096.0,1100.0,0
chb01_21.edf,1100.0,1104.0,0
chb01_21.edf,1104.0,1108.0,0
chb01_21.edf,1108.0,1112.0,0
chb01_21.edf,1112.0,1116.0,0
chb01_21.edf,1116.0,1120.0,0
chb01_21.edf,1120.0,1124.0,0
chb01_21.edf,1124.0,1128.0,0
chb01_21.edf,1128.0,1132.0,0
chb01_21.edf,1132.0,1136.0,0
chb01_21.edf,1136.0,1140.0,0
chb01_21.edf,1140.0,1144.0,0
chb01_21.edf,1144.0,1148.0,0
chb01_21.edf,1148.0,1152.0,0
chb01_21.edf,1152.0,1156.0,0
chb01_21.edf,1156.0,1160.0,0
chb01_21.edf,1160.0,1164.0,0
chb01_21.edf,1164.0,1168.0,0
chb01_21.edf,1168.0,1172.0,0
chb01_21.edf,1172.0,1176.0,0
chb01_21.edf,1176.0,1180.0,0
chb01_21.edf,1180.0,1184.0,0
chb01_21.edf,1184.0,1188.0,0
chb01_21.edf,1188.0,1192.0,0
chb01_21.edf,1192.0,1196.0,0
chb01_21.edf,1196.0,1200.0,0
chb01_21.edf,1200.0,1204.0,0
chb01_21.edf,1204.0,1208.0,0
chb01_21.edf,1208.0,1212.0,0
chb01_21.edf,1212.0,1216.0,0
chb01_21.edf,1216.0,1220.0,0
chb01_21.edf,1220.0,1224.0,0
chb01_21.edf,1224.0,1228.0,0
chb01_21.edf,1228.0,1232.0,0
chb01_21.edf,1232.0,1236.0,0
chb01_21.edf,1236.0,1240.0,0
chb01_21.edf,1240.0,1244.0,0
chb01_21.edf,1244.0,1248.0,0
chb01_21.edf,1248.0,1252.0,0
chb01_21.edf,1252.0,1256.0,0
chb01_21.edf,1256.0,1260.0,0
chb01_21.edf,1260.0,1264.0,0
chb01_21.edf,1264.0,1268.0,0
chb01_21.edf,1268.0,1272.0,0
chb01_21.edf,1272.0,1276.0,0
chb01_21.edf,1276.0,1280.0,0
chb01_21.edf,1280.0,1284.0,0
chb01_21.edf,1284.0,1288.0,0
chb01_21.edf,1288.0,1292.0,0
chb01_21.edf,1292.0,1296.0,0
chb01_21.edf,1296.0,1300.0,0
chb01_21.edf,1300.0,1304.0,0
chb01_21.edf,1304.0,1308.0,0
chb01_21.edf,1308.0,1312.0,0
chb01_21.edf,1312.0,1316.0,0
chb01_21.edf,1316.0,1320.0,0
chb01_21.edf,1320.0,1324.0,0
chb01_21.edf,1324.0,1328.0,0
chb01_21.edf,1328.0,1332.0,0
chb01_21.edf,1332.0,1336.0,0
chb01_21.edf,1336.0,1340.0,0
chb01_21.edf,1340.0,1344.0,0
chb01_21.edf,1344.0,1348.0,0
chb01_21.edf,1348.0,1352.0,0
chb01_21.edf,1352.0,1356.0,0
chb01_21.edf,1356.0,1360.0,0
chb01_21.edf,1360.0,1364.0,0
chb01_21.edf,1364.0,1368.0,0
chb01_21.edf,1368.0,1372.0,0
chb01_21.edf,1372.0,1376.0,0
chb01_21.edf,1376.0,1380.0,0
chb01_21.edf,1380.0,1384.0,0
chb01_21.edf,1384.0,1388.0,0
chb01_21.edf,1388.0,1392.0,0
chb01_21.edf,1392.0,1396.0,0
chb01_21.edf,1396.0,1400.0,0
chb01_21.edf,1400.0,1404.0,0
chb01_21.edf,1404.0,1408.0,0
chb01_21.edf,1408.0,1412.0,0
chb01_21.edf,1412.0,1416.0,0
chb01_21.edf,1416.0,1420.0,0
chb01_21.edf,1420.0,1424.0,0
chb01_21.edf,1424.0,1428.0,0
chb01_21.edf,1428.0,1432.0,0
chb01_21.edf,1432.0,1436.0,0
chb01_21.edf,1436.0,1440.0,0
chb01_21.edf,1440.0,1444.0,0
chb01_21.edf,1444.0,1448.0,0
chb01_21.edf,1448.0,1452.0,0
chb01_21.edf,1452.0,1456.0,0
chb01_21.edf,1456.0,1460.0,0
chb01_21.edf,1460.0,1464.0,0
chb01_21.edf,1464.0,1468.0,0
chb01_21.edf,1468.0,1472.0,0
chb01_21.edf,1472.0,1476.0,0
chb01_21.edf,1476.0,1480.0,0
chb01_21.edf,1480.0,1484.0,0
chb01_21.edf,1484.0,1488.0,0
chb01_21.edf,1488.0,1492.0,0
chb01_21.edf,1492.0,1496.0,0
chb01_21.edf,1496.0,1500.0,0
chb01_21.edf,1500.0,1504.0,0
chb01_21.edf,1504.0,1508.0,0
chb01_21.edf,1508.0,1512.0,0
chb01_21.edf,1512.0,1516.0,0
chb01_21.edf,1516.0,1520.0,0
chb01_21.edf,1520.0,1524.0,0
chb01_21.edf,1524.0,1528.0,0
chb01_21.edf,1528.0,1532.0,0
chb01_21.edf,1532.0,1536.0,0
chb01_21.edf,1536.0,1540.0,0
chb01_21.edf,1540.0,1544.0,0
chb01_21.edf,1544.0,1548.0,0
chb01_21.edf,1548.0,1552.0,0
chb01_21.edf,1552.0,1556.0,0
chb01_21.edf,1556.0,1560.0,0
chb01_21.edf,1560.0,1564.0,0
chb01_21.edf,1564.0,1568.0,0
chb01_21.edf,1568.0,1572.0,0
chb01_21.edf,1572.0,1576.0,0
chb01_21.edf,1576.0,1580.0,0
chb01_21.edf,1580.0,1584.0,0
chb01_21.edf,1584.0,1588.0,0
chb01_21.edf,1588.0,1592.0,0
chb01_21.edf,1592.0,1596.0,0
chb01_21.edf,1596.0,1600.0,0
chb01_21.edf,1600.0,1604.0,0
chb01_21.edf,1604.0,1608.0,0
chb01_21.edf,1608.0,1612.0,0
chb01_21.edf,1612.0,1616.0,0
chb01_21.edf,1616.0,1620.0,0
chb01_21.edf,1620.0,1624.0,0
chb01_21.edf,1624.0,1628.0,0
chb01_21.edf,1628.0,1632.0,0
chb01_21.edf,1632.0,1636.0,0
chb01_21.edf,1636.0,1640.0,0
chb01_21.edf,1640.0,1644.0,0
chb01_21.edf,1644.0,1648.0,0
chb01_21.edf,1648.0,1652.0,0
chb01_21.edf,1652.0,1656.0,0
chb01_21.edf,1656.0,1660.0,0
chb01_21.edf,1660.0,1664.0,0
chb01_21.edf,1664.0,1668.0,0
chb01_21.edf,1668.0,1672.0,0
chb01_21.edf,1672.0,1676.0,0
chb01_21.edf,1676.0,1680.0,0
chb01_21.edf,1680.0,1684.0,0
chb01_21.edf,1684.0,1688.0,0
chb01_21.edf,1688.0,1692.0,0
chb01_21.edf,1692.0,1696.0,0
chb01_21.edf,1696.0,1700.0,0
chb01_21.edf,1700.0,1704.0,0
chb01_21.edf,1704.0,1708.0,0
chb01_21.edf,1708.0,1712.0,0
chb01_21.edf,1712.0,1716.0,0
chb01_21.edf,1716.0,1720.0,0
chb01_21.edf,1720.0,1724.0,0
chb01_21.edf,1724.0,1728.0,0
chb01_21.edf,1728.0,1732.0,0
chb01_21.edf,1732.0,1736.0,0
chb01_21.edf,1736.0,1740.0,0
chb01_21.edf,1740.0,1744.0,0
chb01_21.edf,1744.0,1748.0,0
chb01_21.edf,1748.0,1752.0,0
chb01_21.edf,1752.0,1756.0,0
chb01_21.edf,1756.0,1760.0,0
chb01_21.edf,1760.0,1764.0,0
chb01_21.edf,1764.0,1768.0,0
chb01_21.edf,1768.0,1772.0,0
chb01_21.edf,1772.0,1776.0,0
chb01_21.edf,1776.0,1780.0,0
chb01_21.edf,1780.0,1784.0,0
chb01_21.edf,1784.0,1788.0,0
chb01_21.edf,1788.0,1792.0,0
chb01_21.edf,1792.0,1796.0,0
chb01_21.edf,1796.0,1800.0,0
chb01_21.edf,1800.0,1804.0,0
chb01_21.edf,1804.0,1808.0,0
chb01_21.edf,1808.0,1812.0,0
chb01_21.edf,1812.0,1816.0,0
chb01_21.edf,1816.0,1820.0,0
chb01_21.edf,1820.0,1824.0,0
chb01_21.edf,1824.0,1828.0,0
chb01_21.edf,1828.0,1832.0,0
chb01_21.edf,1832.0,1836.0,0
chb01_21.edf,1836.0,1840.0,0
chb01_21.edf,1840.0,1844.0,0
chb01_21.edf,1844.0,1848.0,0
chb01_21.edf,1848.0,1852.0,0
chb01_21.edf,1852.0,1856.0,0
chb01_21.edf,1856.0,1860.0,0
chb01_21.edf,1860.0,1864.0,0
chb01_21.edf,1864.0,1868.0,0
chb01_21.edf,1868.0,1872.0,0
chb01_21.edf,1872.0,1876.0,0
chb01_21.edf,1876.0,1880.0,0
chb01_21.edf,1880.0,1884.0,0
chb01_21.edf,1884.0,1888.0,0
chb01_21.edf,1888.0,1892.0,0
chb01_21.edf,1892.0,1896.0,0
chb01_21.edf,1896.0,1900.0,0
chb01_21.edf,1900.0,1904.0,0
chb01_21.edf,1904.0,1908.0,0
chb01_21.edf,1908.0,1912.0,0
chb01_21.edf,1912.0,1916.0,0
chb01_21.edf,1916.0,1920.0,0
chb01_21.edf,1920.0,1924.0,0
chb01_21.edf,1924.0,1928.0,0
chb01_21.edf,1928.0,1932.0,0
chb01_21.edf,1932.0,1936.0,0
chb01_21.edf,1936.0,1940.0,0
chb01_21.edf,1940.0,1944.0,0
chb01_21.edf,1944.0,1948.0,0
chb01_21.edf,1948.0,1952.0,0
chb01_21.edf,1952.0,1956.0,0
chb01_21.edf,1956.0,1960.0,0
chb01_21.edf,1960.0,1964.0,0
chb01_21.edf,1964.0,1968.0,0
chb01_21.edf,1968.0,1972.0,0
chb01_21.edf,1972.0,1976.0,0
chb01_21.edf,1976.0,1980.0,0
chb01_21.edf,1980.0,1984.0,0
chb01_21.edf,1984.0,1988.0,0
chb01_21.edf,1988.0,1992.0,0
chb01_21.edf,1992.0,1996.0,0
chb01_21.edf,1996.0,2000.0,0
chb01_21.edf,2000.0,2004.0,0
chb01_21.edf,2004.0,2008.0,0
chb01_21.edf,2008.0,2012.0,0
chb01_21.edf,2012.0,2016.0,0
chb01_21.edf,2016.0,2020.0,0
chb01_21.edf,2020.0,2024.0,0
chb01_21.edf,2024.0,2028.0,0
chb01_21.edf,2028.0,2032.0,0
chb01_21.edf,2032.0,2036.0,0
chb01_21.edf,2036.0,2040.0,0
chb01_21.edf,2040.0,2044.0,0
chb01_21.edf,2044.0,2048.0,0
chb01_21.edf,2048.0,2052.0,0
chb01_21.edf,2052.0,2056.0,0
chb01_21.edf,2056.0,2060.0,0
chb01_21.edf,2060.0,2064.0,0
chb01_21.edf,2064.0,2068.0,0
chb01_21.edf,2068.0,2072.0,0
chb01_21.edf,2072.0,2076.0,0
chb01_21.edf,2076.0,2080.0,0
chb01_21.edf,2080.0,2084.0,0
chb01_21.edf,2084.0,2088.0,0
chb01_21.edf,2088.0,2092.0,0
chb01_21.edf,2092.0,2096.0,0
chb01_21.edf,2096.0,2100.0,0
chb01_21.edf,2100.0,2104.0,0
chb01_21.edf,2104.0,2108.0,0
chb01_21.edf,2108.0,2112.0,0
chb01_21.edf,2112.0,2116.0,0
chb01_21.edf,2116.0,2120.0,0
chb01_21.edf,2120.0,2124.0,0
chb01_21.edf,2124.0,2128.0,0
chb01_21.edf,2128.0,2132.0,0
chb01_21.edf,2132.0,2136.0,0
chb01_21.edf,2136.0,2140.0,0
chb01_21.edf,2140.0,2144.0,0
chb01_21.edf,2144.0,2148.0,0
chb01_21.edf,2148.0,2152.0,0
chb01_21.edf,2152.0,2156.0,0
chb01_21.edf,2156.0,2160.0,0
chb01_21.edf,2160.0,2164.0,0
chb01_21.edf,2164.0,2168.0,0
chb01_21.edf,2168.0,2172.0,0
chb01_21.edf,2172.0,2176.0,0
chb01_21.edf,2176.0,2180.0,0
chb01_21.edf,2180.0,2184.0,0
chb01_21.edf,2184.0,2188.0,0
chb01_21.edf,2188.0,2192.0,0
chb01_21.edf,2192.0,2196.0,0
chb01_21.edf,2196.0,2200.0,0
chb01_21.edf,2200.0,2204.0,0
chb01_21.edf,2204.0,2208.0,0
chb01_21.edf,2208.0,2212.0,0
chb01_21.edf,2212.0,2216.0,0
chb01_21.edf,2216.0,2220.0,0
chb01_21.edf,2220.0,2224.0,0
chb01_21.edf,2224.0,2228.0,0
chb01_21.edf,2228.0,2232.0,0
chb01_21.edf,2232.0,2236.0,0
chb01_21.edf,2236.0,2240.0,0
chb01_21.edf,2240.0,2244.0,0
chb01_21.edf,2244.0,2248.0,0
chb01_21.edf,2248.0,2252.0,0
chb01_21.edf,2252.0,2256.0,0
chb01_21.edf,2256.0,2260.0,0
chb01_21.edf,2260.0,2264.0,0
chb01_21.edf,2264.0,2268.0,0
chb01_21.edf,2268.0,2272.0,0
chb01_21.edf,2272.0,2276.0,0
chb01_21.edf,2276.0,2280.0,0
chb01_21.edf,2280.0,2284.0,0
chb01_21.edf,2284.0,2288.0,0
chb01_21.edf,2288.0,2292.0,0
chb01_21.edf,2292.0,2296.0,0
chb01_21.edf,2296.0,2300.0,0
chb01_21.edf,2300.0,2304.0,0
chb01_21.edf,2304.0,2308.0,0
chb01_21.edf,2308.0,2312.0,0
chb01_21.edf,2312.0,2316.0,0
chb01_21.edf,2316.0,2320.0,0
chb01_21.edf,2320.0,2324.0,0
chb01_21.edf,2324.0,2328.0,0
chb01_21.edf,2328.0,2332.0,0
chb01_21.edf,2332.0,2336.0,0
chb01_21.edf,2336.0,2340.0,0
chb01_21.edf,2340.0,2344.0,0
chb01_21.edf,2344.0,2348.0,0
chb01_21.edf,2348.0,2352.0,0
chb01_21.edf,2352.0,2356.0,0
chb01_21.edf,2356.0,2360.0,0
chb01_21.edf,2360.0,2364.0,0
chb01_21.edf,2364.0,2368.0,0
chb01_21.edf,2368.0,2372.0,0
chb01_21.edf,2372.0,2376.0,0
chb01_21.edf,2376.0,2380.0,0
chb01_21.edf,2380.0,2384.0,0
chb01_21.edf,2384.0,2388.0,0
chb01_21.edf,2388.0,2392.0,0
chb01_21.edf,2392.0,2396.0,0
chb01_21.edf,2396.0,2400.0,0
chb01_21.edf,2400.0,2404.0,0
chb01_21.edf,2404.0,2408.0,0
chb01_21.edf,2408.0,2412.0,0
chb01_21.edf,2412.0,2416.0,0
chb01_21.edf,2416.0,2420.0,0
chb01_21.edf,2420.0,2424.0,0
chb01_21.edf,2424.0,2428.0,0
chb01_21.edf,2428.0,2432.0,0
chb01_21.edf,2432.0,2436.0,0
chb01_21.edf,2436.0,2440.0,0
chb01_21.edf,2440.0,2444.0,0
chb01_21.edf,2444.0,2448.0,0
chb01_21.edf,2448.0,2452.0,0
chb01_21.edf,2452.0,2456.0,0
chb01_21.edf,2456.0,2460.0,0
chb01_21.edf,2460.0,2464.0,0
chb01_21.edf,2464.0,2468.0,0
chb01_21.edf,2468.0,2472.0,0
chb01_21.edf,2472.0,2476.0,0
chb01_21.edf,2476.0,2480.0,0
chb01_21.edf,2480.0,2484.0,0
chb01_21.edf,2484.0,2488.0,0
chb01_21.edf,2488.0,2492.0,0
chb01_21.edf,2492.0,2496.0,0
chb01_21.edf,2496.0,2500.0,0
chb01_21.edf,2500.0,2504.0,0
chb01_21.edf,2504.0,2508.0,0
chb01_21.edf,2508.0,2512.0,0
chb01_21.edf,2512.0,2516.0,0
chb01_21.edf,2516.0,2520.0,0
chb01_21.edf,2520.0,2524.0,0
chb01_21.edf,2524.0,2528.0,0
chb01_21.edf,2528.0,2532.0,0
chb01_21.edf,2532.0,2536.0,0
chb01_21.edf,2536.0,2540.0,0
chb01_21.edf,2540.0,2544.0,0
chb01_21.edf,2544.0,2548.0,0
chb01_21.edf,2548.0,2552.0,0
chb01_21.edf,2552.0,2556.0,0
chb01_21.edf,2556.0,2560.0,0
chb01_21.edf,2560.0,2564.0,0
chb01_21.edf,2564.0,2568.0,0
chb01_21.edf,2568.0,2572.0,0
chb01_21.edf,2572.0,2576.0,0
chb01_21.edf,2576.0,2580.0,0
chb01_21.edf,2580.0,2584.0,0
chb01_21.edf,2584.0,2588.0,0
chb01_21.edf,2588.0,2592.0,0
chb01_21.edf,2592.0,2596.0,0
chb01_21.edf,2596.0,2600.0,0
chb01_21.edf,2600.0,2604.0,0
chb01_21.edf,2604.0,2608.0,0
chb01_21.edf,2608.0,2612.0,0
chb01_21.edf,2612.0,2616.0,0
chb01_21.edf,2616.0,2620.0,0
chb01_21.edf,2620.0,2624.0,0
chb01_21.edf,2624.0,2628.0,0
chb01_21.edf,2628.0,2632.0,0
chb01_21.edf,2632.0,2636.0,0
chb01_21.edf,2636.0,2640.0,0
chb01_21.edf,2640.0,2644.0,0
chb01_21.edf,2644.0,2648.0,0
chb01_21.edf,2648.0,2652.0,0
chb01_21.edf,2652.0,2656.0,0
chb01_21.edf,2656.0,2660.0,0
chb01_21.edf,2660.0,2664.0,0
chb01_21.edf,2664.0,2668.0,0
chb01_21.edf,2668.0,2672.0,0
chb01_21.edf,2672.0,2676.0,0
chb01_21.edf,2676.0,2680.0,0
chb01_21.edf,2680.0,2684.0,0
chb01_21.edf,2684.0,2688.0,0
chb01_21.edf,2688.0,2692.0,0
chb01_21.edf,2692.0,2696.0,0
chb01_21.edf,2696.0,2700.0,0
chb01_21.edf,2700.0,2704.0,0
chb01_21.edf,2704.0,2708.0,0
chb01_21.edf,2708.0,2712.0,0
chb01_21.edf,2712.0,2716.0,0
chb01_21.edf,2716.0,2720.0,0
chb01_21.edf,2720.0,2724.0,0
chb01_21.edf,2724.0,2728.0,0
chb01_21.edf,2728.0,2732.0,0
chb01_21.edf,2732.0,2736.0,0
chb01_21.edf,2736.0,2740.0,0
chb01_21.edf,2740.0,2744.0,0
chb01_21.edf,2744.0,2748.0,0
chb01_21.edf,2748.0,2752.0,0
chb01_21.edf,2752.0,2756.0,0
chb01_21.edf,2756.0,2760.0,0
chb01_21.edf,2760.0,2764.0,0
chb01_21.edf,2764.0,2768.0,0
chb01_21.edf,2768.0,2772.0,0
chb01_21.edf,2772.0,2776.0,0
chb01_21.edf,2776.0,2780.0,0
chb01_21.edf,2780.0,2784.0,0
chb01_21.edf,2784.0,2788.0,0
chb01_21.edf,2788.0,2792.0,0
chb01_21.edf,2792.0,2796.0,0
chb01_21.edf,2796.0,2800.0,0
chb01_21.edf,2800.0,2804.0,0
chb01_21.edf,2804.0,2808.0,0
chb01_21.edf,2808.0,2812.0,0
chb01_21.edf,2812.0,2816.0,0
chb01_21.edf,2816.0,2820.0,0
chb01_21.edf,2820.0,2824.0,0
chb01_21.edf,2824.0,2828.0,0
chb01_21.edf,2828.0,2832.0,0
chb01_21.edf,2832.0,2836.0,0
chb01_21.edf,2836.0,2840.0,0
chb01_21.edf,2840.0,2844.0,0
chb01_21.edf,2844.0,2848.0,0
chb01_21.edf,2848.0,2852.0,0
chb01_21.edf,2852.0,2856.0,0
chb01_21.edf,2856.0,2860.0,0
chb01_21.edf,2860.0,2864.0,0
chb01_21.edf,2864.0,2868.0,0
chb01_21.edf,2868.0,2872.0,0
chb01_21.edf,2872.0,2876.0,0
chb01_21.edf,2876.0,2880.0,0
chb01_21.edf,2880.0,2884.0,0
chb01_21.edf,2884.0,2888.0,0
chb01_21.edf,2888.0,2892.0,0
chb01_21.edf,2892.0,2896.0,0
chb01_21.edf,2896.0,2900.0,0
chb01_21.edf,2900.0,2904.0,0
chb01_21.edf,2904.0,2908.0,0
chb01_21.edf,2908.0,2912.0,0
chb01_21.edf,2912.0,2916.0,0
chb01_21.edf,2916.0,2920.0,0
chb01_21.edf,2920.0,2924.0,0
chb01_21.edf,2924.0,2928.0,0
chb01_21.edf,2928.0,2932.0,0
chb01_21.edf,2932.0,2936.0,0
chb01_21.edf,2936.0,2940.0,0
chb01_21.edf,2940.0,2944.0,0
chb01_21.edf,2944.0,2948.0,0
chb01_21.edf,2948.0,2952.0,0
chb01_21.edf,2952.0,2956.0,0
chb01_21.edf,2956.0,2960.0,0
chb01_21.edf,2960.0,2964.0,0
chb01_21.edf,2964.0,2968.0,0
chb01_21.edf,2968.0,2972.0,0
chb01_21.edf,2972.0,2976.0,0
chb01_21.edf,2976.0,2980.0,0
chb01_21.edf,2980.0,2984.0,0
chb01_21.edf,2984.0,2988.0,0
chb01_21.edf,2988.0,2992.0,0
chb01_21.edf,2992.0,2996.0,0
chb01_21.edf,2996.0,3000.0,0
chb01_21.edf,3000.0,3004.0,0
chb01_21.edf,3004.0,3008.0,0
chb01_21.edf,3008.0,3012.0,0
chb01_21.edf,3012.0,3016.0,0
chb01_21.edf,3016.0,3020.0,0
chb01_21.edf,3020.0,3024.0,0
chb01_21.edf,3024.0,3028.0,0
chb01_21.edf,3028.0,3032.0,0
chb01_21.edf,3032.0,3036.0,0
chb01_21.edf,3036.0,3040.0,0
chb01_21.edf,3040.0,3044.0,0
chb01_21.edf,3044.0,3048.0,0
chb01_21.edf,3048.0,3052.0,0
chb01_21.edf,3052.0,3056.0,0
chb01_21.edf,3056.0,3060.0,0
chb01_21.edf,3060.0,3064.0,0
chb01_21.edf,3064.0,3068.0,0
chb01_21.edf,3068.0,3072.0,0
chb01_21.edf,3072.0,3076.0,0
chb01_21.edf,3076.0,3080.0,0
chb01_21.edf,3080.0,3084.0,0
chb01_21.edf,3084.0,3088.0,0
chb01_21.edf,3088.0,3092.0,0
chb01_21.edf,3092.0,3096.0,0
chb01_21.edf,3096.0,3100.0,0
chb01_21.edf,3100.0,3104.0,0
chb01_21.edf,3104.0,3108.0,0
chb01_21.edf,3108.0,3112.0,0
chb01_21.edf,3112.0,3116.0,0
chb01_21.edf,3116.0,3120.0,0
chb01_21.edf,3120.0,3124.0,0
chb01_21.edf,3124.0,3128.0,0
chb01_21.edf,3128.0,3132.0,0
chb01_21.edf,3132.0,3136.0,0
chb01_21.edf,3136.0,3140.0,0
chb01_21.edf,3140.0,3144.0,0
chb01_21.edf,3144.0,3148.0,0
chb01_21.edf,3148.0,3152.0,0
chb01_21.edf,3152.0,3156.0,0
chb01_21.edf,3156.0,3160.0,0
chb01_21.edf,3160.0,3164.0,0
chb01_21.edf,3164.0,3168.0,0
chb01_21.edf,3168.0,3172.0,0
chb01_21.edf,3172.0,3176.0,0
chb01_21.edf,3176.0,3180.0,0
chb01_21.edf,3180.0,3184.0,0
chb01_21.edf,3184.0,3188.0,0
chb01_21.edf,3188.0,3192.0,0
chb01_21.edf,3192.0,3196.0,0
chb01_21.edf,3196.0,3200.0,0
chb01_21.edf,3200.0,3204.0,0
chb01_21.edf,3204.0,3208.0,0
chb01_21.edf,3208.0,3212.0,0
chb01_21.edf,3212.0,3216.0,0
chb01_21.edf,3216.0,3220.0,0
chb01_21.edf,3220.0,3224.0,0
chb01_21.edf,3224.0,3228.0,0
chb01_21.edf,3228.0,3232.0,0
chb01_21.edf,3232.0,3236.0,0
chb01_21.edf,3236.0,3240.0,0
chb01_21.edf,3240.0,3244.0,0
chb01_21.edf,3244.0,3248.0,0
chb01_21.edf,3248.0,3252.0,0
chb01_21.edf,3252.0,3256.0,0
chb01_21.edf,3256.0,3260.0,0
chb01_21.edf,3260.0,3264.0,0
chb01_21.edf,3264.0,3268.0,0
chb01_21.edf,3268.0,3272.0,0
chb01_21.edf,3272.0,3276.0,0
chb01_21.edf,3276.0,3280.0,0
chb01_21.edf,3280.0,3284.0,0
chb01_21.edf,3284.0,3288.0,0
chb01_21.edf,3288.0,3292.0,0
chb01_21.edf,3292.0,3296.0,0
chb01_21.edf,3296.0,3300.0,0
chb01_21.edf,3300.0,3304.0,0
chb01_21.edf,3304.0,3308.0,0
chb01_21.edf,3308.0,3312.0,0
chb01_21.edf,3312.0,3316.0,0
chb01_21.edf,3316.0,3320.0,0
chb01_21.edf,3320.0,3324.0,0
chb01_21.edf,3324.0,3328.0,0
chb01_21.edf,3328.0,3332.0,0
chb01_21.edf,3332.0,3336.0,0
chb01_21.edf,3336.0,3340.0,0
chb01_21.edf,3340.0,3344.0,0
chb01_21.edf,3344.0,3348.0,0
chb01_21.edf,3348.0,3352.0,0
chb01_21.edf,3352.0,3356.0,0
chb01_21.edf,3356.0,3360.0,0
chb01_21.edf,3360.0,3364.0,0
chb01_21.edf,3364.0,3368.0,0
chb01_21.edf,3368.0,3372.0,0
chb01_21.edf,3372.0,3376.0,0
chb01_21.edf,3376.0,3380.0,0
chb01_21.edf,3380.0,3384.0,0
chb01_21.edf,3384.0,3388.0,0
chb01_21.edf,3388.0,3392.0,0
chb01_21.edf,3392.0,3396.0,0
chb01_21.edf,3396.0,3400.0,0
chb01_21.edf,3400.0,3404.0,0
chb01_21.edf,3404.0,3408.0,0
chb01_21.edf,3408.0,3412.0,0
chb01_21.edf,3412.0,3416.0,0
chb01_21.edf,3416.0,3420.0,0
chb01_21.edf,3420.0,3424.0,0
chb01_21.edf,3424.0,3428.0,0
chb01_21.edf,3428.0,3432.0,0
chb01_21.edf,3432.0,3436.0,0
chb01_21.edf,3436.0,3440.0,0
chb01_21.edf,3440.0,3444.0,0
chb01_21.edf,3444.0,3448.0,0
chb01_21.edf,3448.0,3452.0,0
chb01_21.edf,3452.0,3456.0,0
chb01_21.edf,3456.0,3460.0,0
chb01_21.edf,3460.0,3464.0,0
chb01_21.edf,3464.0,3468.0,0
chb01_21.edf,3468.0,3472.0,0
chb01_21.edf,3472.0,3476.0,0
chb01_21.edf,3476.0,3480.0,0
chb01_21.edf,3480.0,3484.0,0
chb01_21.edf,3484.0,3488.0,0
chb01_21.edf,3488.0,3492.0,0
chb01_21.edf,3492.0,3496.0,0
chb01_21.edf,3496.0,3500.0,0
chb01_21.edf,3500.0,3504.0,0
chb01_21.edf,3504.0,3508.0,0
chb01_21.edf,3508.0,3512.0,0
chb01_21.edf,3512.0,3516.0,0
chb01_21.edf,3516.0,3520.0,0
chb01_21.edf,3520.0,3524.0,0
chb01_21.edf,3524.0,3528.0,0
chb01_21.edf,3528.0,3532.0,0
chb01_21.edf,3532.0,3536.0,0
chb01_21.edf,3536.0,3540.0,0
chb01_21.edf,3540.0,3544.0,0
chb01_21.edf,3544.0,3548.0,0
chb01_21.edf,3548.0,3552.0,0
chb01_21.edf,3552.0,3556.0,0
chb01_21.edf,3556.0,3560.0,0
chb01_21.edf,3560.0,3564.0,0
chb01_21.edf,3564.0,3568.0,0
chb01_21.edf,3568.0,3572.0,0
chb01_21.edf,3572.0,3576.0,0
chb01_21.edf,3576.0,3580.0,0
chb01_21.edf,3580.0,3584.0,0
chb01_21.edf,3584.0,3588.0,0
chb01_21.edf,3588.0,3592.0,0
chb01_21.edf,3592.0,3596.0,0
chb01_21.edf,3596.0,3600.0,0
chb01_26.edf,0.0,4.0,0
chb01_26.edf,4.0,8.0,0
chb01_26.edf,8.0,12.0,0
chb01_26.edf,12.0,16.0,0
chb01_26.edf,16.0,20.0,0
chb01_26.edf,20.0,24.0,0
chb01_26.edf,24.0,28.0,0
chb01_26.edf,28.0,32.0,0
chb01_26.edf,32.0,36.0,0
chb01_26.edf,36.0,40.0,0
chb01_26.edf,40.0,44.0,0
chb01_26.edf,44.0,48.0,0
chb01_26.edf,48.0,52.0,0
chb01_26.edf,52.0,56.0,0
chb01_26.edf,56.0,60.0,0
chb01_26.edf,60.0,64.0,0
chb01_26.edf,64.0,68.0,0
chb01_26.edf,68.0,72.0,0
chb01_26.edf,72.0,76.0,0
chb01_26.edf,76.0,80.0,0
chb01_26.edf,80.0,84.0,0
chb01_26.edf,84.0,88.0,0
chb01_26.edf,88.0,92.0,0
chb01_26.edf,92.0,96.0,0
chb01_26.edf,96.0,100.0,0
chb01_26.edf,100.0,104.0,0
chb01_26.edf,104.0,108.0,0
chb01_26.edf,108.0,112.0,0
chb01_26.edf,112.0,116.0,0
chb01_26.edf,116.0,120.0,0
chb01_26.edf,120.0,124.0,0
chb01_26.edf,124.0,128.0,0
chb01_26.edf,128.0,132.0,0
chb01_26.edf,132.0,136.0,0
chb01_26.edf,136.0,140.0,0
chb01_26.edf,140.0,144.0,0
chb01_26.edf,144.0,148.0,0
chb01_26.edf,148.0,152.0,0
chb01_26.edf,152.0,156.0,0
chb01_26.edf,156.0,160.0,0
chb01_26.edf,160.0,164.0,0
chb01_26.edf,164.0,168.0,0
chb01_26.edf,168.0,172.0,0
chb01_26.edf,172.0,176.0,0
chb01_26.edf,176.0,180.0,0
chb01_26.edf,180.0,184.0,0
chb01_26.edf,184.0,188.0,0
chb01_26.edf,188.0,192.0,0
chb01_26.edf,192.0,196.0,0
chb01_26.edf,196.0,200.0,0
chb01_26.edf,200.0,204.0,0
chb01_26.edf,204.0,208.0,0
chb01_26.edf,208.0,212.0,0
chb01_26.edf,212.0,216.0,0
chb01_26.edf,216.0,220.0,0
chb01_26.edf,220.0,224.0,0
chb01_26.edf,224.0,228.0,0
chb01_26.edf,228.0,232.0,0
chb01_26.edf,232.0,236.0,0
chb01_26.edf,236.0,240.0,0
chb01_26.edf,240.0,244.0,0
chb01_26.edf,244.0,248.0,0
chb01_26.edf,248.0,252.0,0
chb01_26.edf,252.0,256.0,0
chb01_26.edf,256.0,260.0,0
chb01_26.edf,260.0,264.0,0
chb01_26.edf,264.0,268.0,0
chb01_26.edf,268.0,272.0,0
chb01_26.edf,272.0,276.0,0
chb01_26.edf,276.0,280.0,0
chb01_26.edf,280.0,284.0,0
chb01_26.edf,284.0,288.0,0
chb01_26.edf,288.0,292.0,0
chb01_26.edf,292.0,296.0,0
chb01_26.edf,296.0,300.0,0
chb01_26.edf,300.0,304.0,0
chb01_26.edf,304.0,308.0,0
chb01_26.edf,308.0,312.0,0
chb01_26.edf,312.0,316.0,0
chb01_26.edf,316.0,320.0,0
chb01_26.edf,320.0,324.0,0
chb01_26.edf,324.0,328.0,0
chb01_26.edf,328.0,332.0,0
chb01_26.edf,332.0,336.0,0
chb01_26.edf,336.0,340.0,0
chb01_26.edf,340.0,344.0,0
chb01_26.edf,344.0,348.0,0
chb01_26.edf,348.0,352.0,0
chb01_26.edf,352.0,356.0,0
chb01_26.edf,356.0,360.0,0
chb01_26.edf,360.0,364.0,0
chb01_26.edf,364.0,368.0,0
chb01_26.edf,368.0,372.0,0
chb01_26.edf,372.0,376.0,0
chb01_26.edf,376.0,380.0,0
chb01_26.edf,380.0,384.0,0
chb01_26.edf,384.0,388.0,0
chb01_26.edf,388.0,392.0,0
chb01_26.edf,392.0,396.0,0
chb01_26.edf,396.0,400.0,0
chb01_26.edf,400.0,404.0,0
chb01_26.edf,404.0,408.0,0
chb01_26.edf,408.0,412.0,0
chb01_26.edf,412.0,416.0,0
chb01_26.edf,416.0,420.0,0
chb01_26.edf,420.0,424.0,0
chb01_26.edf,424.0,428.0,0
chb01_26.edf,428.0,432.0,0
chb01_26.edf,432.0,436.0,0
chb01_26.edf,436.0,440.0,0
chb01_26.edf,440.0,444.0,0
chb01_26.edf,444.0,448.0,0
chb01_26.edf,448.0,452.0,0
chb01_26.edf,452.0,456.0,0
chb01_26.edf,456.0,460.0,0
chb01_26.edf,460.0,464.0,0
chb01_26.edf,464.0,468.0,0
chb01_26.edf,468.0,472.0,0
chb01_26.edf,472.0,476.0,0
chb01_26.edf,476.0,480.0,0
chb01_26.edf,480.0,484.0,0
chb01_26.edf,484.0,488.0,0
chb01_26.edf,488.0,492.0,0
chb01_26.edf,492.0,496.0,0
chb01_26.edf,496.0,500.0,0
chb01_26.edf,500.0,504.0,0
chb01_26.edf,504.0,508.0,0
chb01_26.edf,508.0,512.0,0
chb01_26.edf,512.0,516.0,0
chb01_26.edf,516.0,520.0,0
chb01_26.edf,520.0,524.0,0
chb01_26.edf,524.0,528.0,0
chb01_26.edf,528.0,532.0,0
chb01_26.edf,532.0,536.0,0
chb01_26.edf,536.0,540.0,0
chb01_26.edf,540.0,544.0,0
chb01_26.edf,544.0,548.0,0
chb01_26.edf,548.0,552.0,0
chb01_26.edf,552.0,556.0,0
chb01_26.edf,556.0,560.0,0
chb01_26.edf,560.0,564.0,0
chb01_26.edf,564.0,568.0,0
chb01_26.edf,568.0,572.0,0
chb01_26.edf,572.0,576.0,0
chb01_26.edf,576.0,580.0,0
chb01_26.edf,580.0,584.0,0
chb01_26.edf,584.0,588.0,0
chb01_26.edf,588.0,592.0,0
chb01_26.edf,592.0,596.0,0
chb01_26.edf,596.0,600.0,0
chb01_26.edf,600.0,604.0,0
chb01_26.edf,604.0,608.0,0
chb01_26.edf,608.0,612.0,0
chb01_26.edf,612.0,616.0,0
chb01_26.edf,616.0,620.0,0
chb01_26.edf,620.0,624.0,0
chb01_26.edf,624.0,628.0,0
chb01_26.edf,628.0,632.0,0
chb01_26.edf,632.0,636.0,0
chb01_26.edf,636.0,640.0,0
chb01_26.edf,640.0,644.0,0
chb01_26.edf,644.0,648.0,0
chb01_26.edf,648.0,652.0,0
chb01_26.edf,652.0,656.0,0
chb01_26.edf,656.0,660.0,0
chb01_26.edf,660.0,664.0,0
chb01_26.edf,664.0,668.0,0
chb01_26.edf,668.0,672.0,0
chb01_26.edf,672.0,676.0,0
chb01_26.edf,676.0,680.0,0
chb01_26.edf,680.0,684.0,0
chb01_26.edf,684.0,688.0,0
chb01_26.edf,688.0,692.0,0
chb01_26.edf,692.0,696.0,0
chb01_26.edf,696.0,700.0,0
chb01_26.edf,700.0,704.0,0
chb01_26.edf,704.0,708.0,0
chb01_26.edf,708.0,712.0,0
chb01_26.edf,712.0,716.0,0
chb01_26.edf,716.0,720.0,0
chb01_26.edf,720.0,724.0,0
chb01_26.edf,724.0,728.0,0
chb01_26.edf,728.0,732.0,0
chb01_26.edf,732.0,736.0,0
chb01_26.edf,736.0,740.0,0
chb01_26.edf,740.0,744.0,0
chb01_26.edf,744.0,748.0,0
chb01_26.edf,748.0,752.0,0
chb01_26.edf,752.0,756.0,0
chb01_26.edf,756.0,760.0,0
chb01_26.edf,760.0,764.0,0
chb01_26.edf,764.0,768.0,0
chb01_26.edf,768.0,772.0,0
chb01_26.edf,772.0,776.0,0
chb01_26.edf,776.0,780.0,0
chb01_26.edf,780.0,784.0,0
chb01_26.edf,784.0,788.0,0
chb01_26.edf,788.0,792.0,0
chb01_26.edf,792.0,796.0,0
chb01_26.edf,796.0,800.0,0
chb01_26.edf,800.0,804.0,0
chb01_26.edf,804.0,808.0,0
chb01_26.edf,808.0,812.0,0
chb01_26.edf,812.0,816.0,0
chb01_26.edf,816.0,820.0,0
chb01_26.edf,820.0,824.0,0
chb01_26.edf,824.0,828.0,0
chb01_26.edf,828.0,832.0,0
chb01_26.edf,832.0,836.0,0
chb01_26.edf,836.0,840.0,0
chb01_26.edf,840.0,844.0,0
chb01_26.edf,844.0,848.0,0
chb01_26.edf,848.0,852.0,0
chb01_26.edf,852.0,856.0,0
chb01_26.edf,856.0,860.0,0
chb01_26.edf,860.0,864.0,0
chb01_26.edf,864.0,868.0,0
chb01_26.edf,868.0,872.0,0
chb01_26.edf,872.0,876.0,0
chb01_26.edf,876.0,880.0,0
chb01_26.edf,880.0,884.0,0
chb01_26.edf,884.0,888.0,0
chb01_26.edf,888.0,892.0,0
chb01_26.edf,892.0,896.0,0
chb01_26.edf,896.0,900.0,0
chb01_26.edf,900.0,904.0,0
chb01_26.edf,904.0,908.0,0
chb01_26.edf,908.0,912.0,0
chb01_26.edf,912.0,916.0,0
chb01_26.edf,916.0,920.0,0
chb01_26.edf,920.0,924.0,0
chb01_26.edf,924.0,928.0,0
chb01_26.edf,928.0,932.0,0
chb01_26.edf,932.0,936.0,0
chb01_26.edf,936.0,940.0,0
chb01_26.edf,940.0,944.0,0
chb01_26.edf,944.0,948.0,0
chb01_26.edf,948.0,952.0,0
chb01_26.edf,952.0,956.0,0
chb01_26.edf,956.0,960.0,0
chb01_26.edf,960.0,964.0,0
chb01_26.edf,964.0,968.0,0
chb01_26.edf,968.0,972.0,0
chb01_26.edf,972.0,976.0,0
chb01_26.edf,976.0,980.0,0
chb01_26.edf,980.0,984.0,0
chb01_26.edf,984.0,988.0,0
chb01_26.edf,988.0,992.0,0
chb01_26.edf,992.0,996.0,0
chb01_26.edf,996.0,1000.0,0
chb01_26.edf,1000.0,1004.0,0
chb01_26.edf,1004.0,1008.0,0
chb01_26.edf,1008.0,1012.0,0
chb01_26.edf,1012.0,1016.0,0
chb01_26.edf,1016.0,1020.0,0
chb01_26.edf,1020.0,1024.0,0
chb01_26.edf,1024.0,1028.0,0
chb01_26.edf,1028.0,1032.0,0
chb01_26.edf,1032.0,1036.0,0
chb01_26.edf,1036.0,1040.0,0
chb01_26.edf,1040.0,1044.0,0
chb01_26.edf,1044.0,1048.0,0
chb01_26.edf,1048.0,1052.0,0
chb01_26.edf,1052.0,1056.0,0
chb01_26.edf,1056.0,1060.0,0
chb01_26.edf,1060.0,1064.0,0
chb01_26.edf,1064.0,1068.0,0
chb01_26.edf,1068.0,1072.0,0
chb01_26.edf,1072.0,1076.0,0
chb01_26.edf,1076.0,1080.0,0
chb01_26.edf,1080.0,1084.0,0
chb01_26.edf,1084.0,1088.0,0
chb01_26.edf,1088.0,1092.0,0
chb01_26.edf,1092.0,1096.0,0
chb01_26.edf,1096.0,1100.0,0
chb01_26.edf,1100.0,1104.0,0
chb01_26.edf,1104.0,1108.0,0
chb01_26.edf,1108.0,1112.0,0
chb01_26.edf,1112.0,1116.0,0
chb01_26.edf,1116.0,1120.0,0
chb01_26.edf,1120.0,1124.0,0
chb01_26.edf,1124.0,1128.0,0
chb01_26.edf,1128.0,1132.0,0
chb01_26.edf,1132.0,1136.0,0
chb01_26.edf,1136.0,1140.0,0
chb01_26.edf,1140.0,1144.0,0
chb01_26.edf,1144.0,1148.0,0
chb01_26.edf,1148.0,1152.0,0
chb01_26.edf,1152.0,1156.0,0
chb01_26.edf,1156.0,1160.0,0
chb01_26.edf,1160.0,1164.0,0
chb01_26.edf,1164.0,1168.0,0
chb01_26.edf,1168.0,1172.0,0
chb01_26.edf,1172.0,1176.0,0
chb01_26.edf,1176.0,1180.0,0
chb01_26.edf,1180.0,1184.0,0
chb01_26.edf,1184.0,1188.0,0
chb01_26.edf,1188.0,1192.0,0
chb01_26.edf,1192.0,1196.0,0
chb01_26.edf,1196.0,1200.0,0
chb01_26.edf,1200.0,1204.0,0
chb01_26.edf,1204.0,1208.0,0
chb01_26.edf,1208.0,1212.0,0
chb01_26.edf,1212.0,1216.0,0
chb01_26.edf,1216.0,1220.0,0
chb01_26.edf,1220.0,1224.0,0
chb01_26.edf,1224.0,1228.0,0
chb01_26.edf,1228.0,1232.0,0
chb01_26.edf,1232.0,1236.0,0
chb01_26.edf,1236.0,1240.0,0
chb01_26.edf,1240.0,1244.0,0
chb01_26.edf,1244.0,1248.0,0
chb01_26.edf,1248.0,1252.0,0
chb01_26.edf,1252.0,1256.0,0
chb01_26.edf,1256.0,1260.0,0
chb01_26.edf,1260.0,1264.0,0
chb01_26.edf,1264.0,1268.0,0
chb01_26.edf,1268.0,1272.0,0
chb01_26.edf,1272.0,1276.0,0
chb01_26.edf,1276.0,1280.0,0
chb01_26.edf,1280.0,1284.0,0
chb01_26.edf,1284.0,1288.0,0
chb01_26.edf,1288.0,1292.0,0
chb01_26.edf,1292.0,1296.0,0
chb01_26.edf,1296.0,1300.0,0
chb01_26.edf,1300.0,1304.0,0
chb01_26.edf,1304.0,1308.0,0
chb01_26.edf,1308.0,1312.0,0
chb01_26.edf,1312.0,1316.0,0
chb01_26.edf,1316.0,1320.0,0
chb01_26.edf,1320.0,1324.0,0
chb01_26.edf,1324.0,1328.0,0
chb01_26.edf,1328.0,1332.0,0
chb01_26.edf,1332.0,1336.0,0
chb01_26.edf,1336.0,1340.0,0
chb01_26.edf,1340.0,1344.0,0
chb01_26.edf,1344.0,1348.0,0
chb01_26.edf,1348.0,1352.0,0
chb01_26.edf,1352.0,1356.0,0
chb01_26.edf,1356.0,1360.0,0
chb01_26.edf,1360.0,1364.0,0
chb01_26.edf,1364.0,1368.0,0
chb01_26.edf,1368.0,1372.0,0
chb01_26.edf,1372.0,1376.0,0
chb01_26.edf,1376.0,1380.0,0
chb01_26.edf,1380.0,1384.0,0
chb01_26.edf,1384.0,1388.0,0
chb01_26.edf,1388.0,1392.0,0
chb01_26.edf,1392.0,1396.0,0
chb01_26.edf,1396.0,1400.0,0
chb01_26.edf,1400.0,1404.0,0
chb01_26.edf,1404.0,1408.0,0
chb01_26.edf,1408.0,1412.0,0
chb01_26.edf,1412.0,1416.0,0
chb01_26.edf,1416.0,1420.0,0
chb01_26.edf,1420.0,1424.0,0
chb01_26.edf,1424.0,1428.0,0
chb01_26.edf,1428.0,1432.0,0
chb01_26.edf,1432.0,1436.0,0
chb01_26.edf,1436.0,1440.0,0
chb01_26.edf,1440.0,1444.0,0
chb01_26.edf,1444.0,1448.0,0
chb01_26.edf,1448.0,1452.0,0
chb01_26.edf,1452.0,1456.0,0
chb01_26.edf,1456.0,1460.0,0
chb01_26.edf,1460.0,1464.0,0
chb01_26.edf,1464.0,1468.0,0
chb01_26.edf,1468.0,1472.0,0
chb01_26.edf,1472.0,1476.0,0
chb01_26.edf,1476.0,1480.0,0
chb01_26.edf,1480.0,1484.0,0
chb01_26.edf,1484.0,1488.0,0
chb01_26.edf,1488.0,1492.0,0
chb01_26.edf,1492.0,1496.0,0
chb01_26.edf,1496.0,1500.0,0
chb01_26.edf,1500.0,1504.0,0
chb01_26.edf,1504.0,1508.0,0
chb01_26.edf,1508.0,1512.0,0
chb01_26.edf,1512.0,1516.0,0
chb01_26.edf,1516.0,1520.0,0
chb01_26.edf,1520.0,1524.0,0
chb01_26.edf,1524.0,1528.0,0
chb01_26.edf,1528.0,1532.0,0
chb01_26.edf,1532.0,1536.0,0
chb01_26.edf,1536.0,1540.0,0
chb01_26.edf,1540.0,1544.0,0
chb01_26.edf,1544.0,1548.0,0
chb01_26.edf,1548.0,1552.0,0
chb01_26.edf,1552.0,1556.0,0
chb01_26.edf,1556.0,1560.0,0
chb01_26.edf,1560.0,1564.0,0
chb01_26.edf,1564.0,1568.0,0
chb01_26.edf,1568.0,1572.0,0
chb01_26.edf,1572.0,1576.0,0
chb01_26.edf,1576.0,1580.0,0
chb01_26.edf,1580.0,1584.0,0
chb01_26.edf,1584.0,1588.0,0
chb01_26.edf,1588.0,1592.0,0
chb01_26.edf,1592.0,1596.0,0
chb01_26.edf,1596.0,1600.0,0
chb01_26.edf,1600.0,1604.0,0
chb01_26.edf,1604.0,1608.0,0
chb01_26.edf,1608.0,1612.0,0
chb01_26.edf,1612.0,1616.0,0
chb01_26.edf,1616.0,1620.0,0
chb01_26.edf,1620.0,1624.0,0
chb01_26.edf,1624.0,1628.0,0
chb01_26.edf,1628.0,1632.0,0
chb01_26.edf,1632.0,1636.0,0
chb01_26.edf,1636.0,1640.0,0
chb01_26.edf,1640.0,1644.0,0
chb01_26.edf,1644.0,1648.0,0
chb01_26.edf,1648.0,1652.0,0
chb01_26.edf,1652.0,1656.0,0
chb01_26.edf,1656.0,1660.0,0
chb01_26.edf,1660.0,1664.0,0
chb01_26.edf,1664.0,1668.0,0
chb01_26.edf,1668.0,1672.0,0
chb01_26.edf,1672.0,1676.0,0
chb01_26.edf,1676.0,1680.0,0
chb01_26.edf,1680.0,1684.0,0
chb01_26.edf,1684.0,1688.0,0
chb01_26.edf,1688.0,1692.0,0
chb01_26.edf,1692.0,1696.0,0
chb01_26.edf,1696.0,1700.0,0
chb01_26.edf,1700.0,1704.0,0
chb01_26.edf,1704.0,1708.0,0
chb01_26.edf,1708.0,1712.0,0
chb01_26.edf,1712.0,1716.0,0
chb01_26.edf,1716.0,1720.0,0
chb01_26.edf,1720.0,1724.0,0
chb01_26.edf,1724.0,1728.0,0
chb01_26.edf,1728.0,1732.0,0
chb01_26.edf,1732.0,1736.0,0
chb01_26.edf,1736.0,1740.0,0
chb01_26.edf,1740.0,1744.0,0
chb01_26.edf,1744.0,1748.0,0
chb01_26.edf,1748.0,1752.0,0
chb01_26.edf,1752.0,1756.0,0
chb01_26.edf,1756.0,1760.0,0
chb01_26.edf,1760.0,1764.0,0
chb01_26.edf,1764.0,1768.0,0
chb01_26.edf,1768.0,1772.0,0
chb01_26.edf,1772.0,1776.0,0
chb01_26.edf,1776.0,1780.0,0
chb01_26.edf,1780.0,1784.0,0
chb01_26.edf,1784.0,1788.0,0
chb01_26.edf,1788.0,1792.0,0
chb01_26.edf,1792.0,1796.0,0
chb01_26.edf,1796.0,1800.0,0
chb01_26.edf,1800.0,1804.0,0
chb01_26.edf,1804.0,1808.0,0
chb01_26.edf,1808.0,1812.0,0
chb01_26.edf,1812.0,1816.0,0
chb01_26.edf,1816.0,1820.0,0
chb01_26.edf,1820.0,1824.0,0
chb01_26.edf,1824.0,1828.0,0
chb01_26.edf,1828.0,1832.0,0
chb01_26.edf,1832.0,1836.0,0
chb01_26.edf,1836.0,1840.0,0
chb01_26.edf,1840.0,1844.0,0
chb01_26.edf,1844.0,1848.0,0
chb01_26.edf,1848.0,1852.0,0
chb01_26.edf,1852.0,1856.0,0
chb01_26.edf,1856.0,1860.0,0
chb01_26.edf,1860.0,1864.0,1
chb01_26.edf,1864.0,1868.0,1
chb01_26.edf,1868.0,1872.0,1
chb01_26.edf,1872.0,1876.0,1
chb01_26.edf,1876.0,1880.0,1
chb01_26.edf,1880.0,1884.0,1
chb01_26.edf,1884.0,1888.0,1
chb01_26.edf,1888.0,1892.0,1
chb01_26.edf,1892.0,1896.0,1
chb01_26.edf,1896.0,1900.0,1
chb01_26.edf,1900.0,1904.0,1
chb01_26.edf,1904.0,1908.0,1
chb01_26.edf,1908.0,1912.0,1
chb01_26.edf,1912.0,1916.0,1
chb01_26.edf,1916.0,1920.0,1
chb01_26.edf,1920.0,1924.0,1
chb01_26.edf,1924.0,1928.0,1
chb01_26.edf,1928.0,1932.0,1
chb01_26.edf,1932.0,1936.0,1
chb01_26.edf,1936.0,1940.0,1
chb01_26.edf,1940.0,1944.0,1
chb01_26.edf,1944.0,1948.0,1
chb01_26.edf,1948.0,1952.0,1
chb01_26.edf,1952.0,1956.0,1
chb01_26.edf,1956.0,1960.0,1
chb01_26.edf,1960.0,1964.0,1
chb01_26.edf,1964.0,1968.0,0
chb01_26.edf,1968.0,1972.0,0
chb01_26.edf,1972.0,1976.0,0
chb01_26.edf,1976.0,1980.0,0
chb01_26.edf,1980.0,1984.0,0
chb01_26.edf,1984.0,1988.0,0
chb01_26.edf,1988.0,1992.0,0
chb01_26.edf,1992.0,1996.0,0
chb01_26.edf,1996.0,2000.0,0
chb01_26.edf,2000.0,2004.0,0
chb01_26.edf,2004.0,2008.0,0
chb01_26.edf,2008.0,2012.0,0
chb01_26.edf,2012.0,2016.0,0
chb01_26.edf,2016.0,2020.0,0
chb01_26.edf,2020.0,2024.0,0
chb01_26.edf,2024.0,2028.0,0
chb01_26.edf,2028.0,2032.0,0
chb01_26.edf,2032.0,2036.0,0
chb01_26.edf,2036.0,2040.0,0
chb01_26.edf,2040.0,2044.0,0
chb01_26.edf,2044.0,2048.0,0
chb01_26.edf,2048.0,2052.0,0
chb01_26.edf,2052.0,2056.0,0
chb01_26.edf,2056.0,2060.0,0
chb01_26.edf,2060.0,2064.0,0
chb01_26.edf,2064.0,2068.0,0
chb01_26.edf,2068.0,2072.0,0
chb01_26.edf,2072.0,2076.0,0
chb01_26.edf,2076.0,2080.0,0
chb01_26.edf,2080.0,2084.0,0
chb01_26.edf,2084.0,2088.0,0
chb01_26.edf,2088.0,2092.0,0
chb01_26.edf,2092.0,2096.0,0
chb01_26.edf,2096.0,2100.0,0
chb01_26.edf,2100.0,2104.0,0
chb01_26.edf,2104.0,2108.0,0
chb01_26.edf,2108.0,2112.0,0
chb01_26.edf,2112.0,2116.0,0
chb01_26.edf,2116.0,2120.0,0
chb01_26.edf,2120.0,2124.0,0
chb01_26.edf,2124.0,2128.0,0
chb01_26.edf,2128.0,2132.0,0
chb01_26.edf,2132.0,2136.0,0
chb01_26.edf,2136.0,2140.0,0
chb01_26.edf,2140.0,2144.0,0
chb01_26.edf,2144.0,2148.0,0
chb01_26.edf,2148.0,2152.0,0
chb01_26.edf,2152.0,2156.0,0
chb01_26.edf,2156.0,2160.0,0
chb01_26.edf,2160.0,2164.0,0
chb01_26.edf,2164.0,2168.0,0
chb01_26.edf,2168.0,2172.0,0
chb01_26.edf,2172.0,2176.0,0
chb01_26.edf,2176.0,2180.0,0
chb01_26.edf,2180.0,2184.0,0
chb01_26.edf,2184.0,2188.0,0
chb01_26.edf,2188.0,2192.0,0
chb01_26.edf,2192.0,2196.0,0
chb01_26.edf,2196.0,2200.0,0
chb01_26.edf,2200.0,2204.0,0
chb01_26.edf,2204.0,2208.0,0
chb01_26.edf,2208.0,2212.0,0
chb01_26.edf,2212.0,2216.0,0
chb01_26.edf,2216.0,2220.0,0
chb01_26.edf,2220.0,2224.0,0
chb01_26.edf,2224.0,2228.0,0
chb01_26.edf,2228.0,2232.0,0
chb01_26.edf,2232.0,2236.0,0
chb01_26.edf,2236.0,2240.0,0
chb01_26.edf,2240.0,2244.0,0
chb01_26.edf,2244.0,2248.0,0
chb01_26.edf,2248.0,2252.0,0
chb01_26.edf,2252.0,2256.0,0
chb01_26.edf,2256.0,2260.0,0
chb01_26.edf,2260.0,2264.0,0
chb01_26.edf,2264.0,2268.0,0
chb01_26.edf,2268.0,2272.0,0
chb01_26.edf,2272.0,2276.0,0
chb01_26.edf,2276.0,2280.0,0
chb01_26.edf,2280.0,2284.0,0
chb01_26.edf,2284.0,2288.0,0
chb01_26.edf,2288.0,2292.0,0
chb01_26.edf,2292.0,2296.0,0
chb01_26.edf,2296.0,2300.0,0
chb01_26.edf,2300.0,2304.0,0
chb01_26.edf,2304.0,2308.0,0
chb01_26.edf,2308.0,2312.0,0
chb01_26.edf,2312.0,2316.0,0
chb01_26.edf,2316.0,2320.0,0
chb01_26.edf,2320.0,2324.0,0
chb01_30.edf,0.0,4.0,0
chb01_30.edf,4.0,8.0,0
chb01_30.edf,8.0,12.0,0
chb01_30.edf,12.0,16.0,0
chb01_30.edf,16.0,20.0,0
chb01_30.edf,20.0,24.0,0
chb01_30.edf,24.0,28.0,0
chb01_30.edf,28.0,32.0,0
chb01_30.edf,32.0,36.0,0
chb01_30.edf,36.0,40.0,0
chb01_30.edf,40.0,44.0,0
chb01_30.edf,44.0,48.0,0
chb01_30.edf,48.0,52.0,0
chb01_30.edf,52.0,56.0,0
chb01_30.edf,56.0,60.0,0
chb01_30.edf,60.0,64.0,0
chb01_30.edf,64.0,68.0,0
chb01_30.edf,68.0,72.0,0
chb01_30.edf,72.0,76.0,0
chb01_30.edf,76.0,80.0,0
chb01_30.edf,80.0,84.0,0
chb01_30.edf,84.0,88.0,0
chb01_30.edf,88.0,92.0,0
chb01_30.edf,92.0,96.0,0
chb01_30.edf,96.0,100.0,0
chb01_30.edf,100.0,104.0,0
chb01_30.edf,104.0,108.0,0
chb01_30.edf,108.0,112.0,0
chb01_30.edf,112.0,116.0,0
chb01_30.edf,116.0,120.0,0
chb01_30.edf,120.0,124.0,0
chb01_30.edf,124.0,128.0,0
chb01_30.edf,128.0,132.0,0
chb01_30.edf,132.0,136.0,0
chb01_30.edf,136.0,140.0,0
chb01_30.edf,140.0,144.0,0
chb01_30.edf,144.0,148.0,0
chb01_30.edf,148.0,152.0,0
chb01_30.edf,152.0,156.0,0
chb01_30.edf,156.0,160.0,0
chb01_30.edf,160.0,164.0,0
chb01_30.edf,164.0,168.0,0
chb01_30.edf,168.0,172.0,0
chb01_30.edf,172.0,176.0,0
chb01_30.edf,176.0,180.0,0
chb01_30.edf,180.0,184.0,0
chb01_30.edf,184.0,188.0,0
chb01_30.edf,188.0,192.0,0
chb01_30.edf,192.0,196.0,0
chb01_30.edf,196.0,200.0,0
chb01_30.edf,200.0,204.0,0
chb01_30.edf,204.0,208.0,0
chb01_30.edf,208.0,212.0,0
chb01_30.edf,212.0,216.0,0
chb01_30.edf,216.0,220.0,0
chb01_30.edf,220.0,224.0,0
chb01_30.edf,224.0,228.0,0
chb01_30.edf,228.0,232.0,0
chb01_30.edf,232.0,236.0,0
chb01_30.edf,236.0,240.0,0
chb01_30.edf,240.0,244.0,0
chb01_30.edf,244.0,248.0,0
chb01_30.edf,248.0,252.0,0
chb01_30.edf,252.0,256.0,0
chb01_30.edf,256.0,260.0,0
chb01_30.edf,260.0,264.0,0
chb01_30.edf,264.0,268.0,0
chb01_30.edf,268.0,272.0,0
chb01_30.edf,272.0,276.0,0
chb01_30.edf,276.0,280.0,0
chb01_30.edf,280.0,284.0,0
chb01_30.edf,284.0,288.0,0
chb01_30.edf,288.0,292.0,0
chb01_30.edf,292.0,296.0,0
chb01_30.edf,296.0,300.0,0
chb01_30.edf,300.0,304.0,0
chb01_30.edf,304.0,308.0,0
chb01_30.edf,308.0,312.0,0
chb01_30.edf,312.0,316.0,0
chb01_30.edf,316.0,320.0,0
chb01_30.edf,320.0,324.0,0
chb01_30.edf,324.0,328.0,0
chb01_30.edf,328.0,332.0,0
chb01_30.edf,332.0,336.0,0
chb01_30.edf,336.0,340.0,0
chb01_30.edf,340.0,344.0,0
chb01_30.edf,344.0,348.0,0
chb01_30.edf,348.0,352.0,0
chb01_30.edf,352.0,356.0,0
chb01_30.edf,356.0,360.0,0
chb01_30.edf,360.0,364.0,0
chb01_30.edf,364.0,368.0,0
chb01_30.edf,368.0,372.0,0
chb01_30.edf,372.0,376.0,0
chb01_30.edf,376.0,380.0,0
chb01_30.edf,380.0,384.0,0
chb01_30.edf,384.0,388.0,0
chb01_30.edf,388.0,392.0,0
chb01_30.edf,392.0,396.0,0
chb01_30.edf,396.0,400.0,0
chb01_30.edf,400.0,404.0,0
chb01_30.edf,404.0,408.0,0
chb01_30.edf,408.0,412.0,0
chb01_30.edf,412.0,416.0,0
chb01_30.edf,416.0,420.0,0
chb01_30.edf,420.0,424.0,0
chb01_30.edf,424.0,428.0,0
chb01_30.edf,428.0,432.0,0
chb01_30.edf,432.0,436.0,0
chb01_30.edf,436.0,440.0,0
chb01_30.edf,440.0,444.0,0
chb01_30.edf,444.0,448.0,0
chb01_30.edf,448.0,452.0,0
chb01_30.edf,452.0,456.0,0
chb01_30.edf,456.0,460.0,0
chb01_30.edf,460.0,464.0,0
chb01_30.edf,464.0,468.0,0
chb01_30.edf,468.0,472.0,0
chb01_30.edf,472.0,476.0,0
chb01_30.edf,476.0,480.0,0
chb01_30.edf,480.0,484.0,0
chb01_30.edf,484.0,488.0,0
chb01_30.edf,488.0,492.0,0
chb01_30.edf,492.0,496.0,0
chb01_30.edf,496.0,500.0,0
chb01_30.edf,500.0,504.0,0
chb01_30.edf,504.0,508.0,0
chb01_30.edf,508.0,512.0,0
chb01_30.edf,512.0,516.0,0
chb01_30.edf,516.0,520.0,0
chb01_30.edf,520.0,524.0,0
chb01_30.edf,524.0,528.0,0
chb01_30.edf,528.0,532.0,0
chb01_30.edf,532.0,536.0,0
chb01_30.edf,536.0,540.0,0
chb01_30.edf,540.0,544.0,0
chb01_30.edf,544.0,548.0,0
chb01_30.edf,548.0,552.0,0
chb01_30.edf,552.0,556.0,0
chb01_30.edf,556.0,560.0,0
chb01_30.edf,560.0,564.0,0
chb01_30.edf,564.0,568.0,0
chb01_30.edf,568.0,572.0,0
chb01_30.edf,572.0,576.0,0
chb01_30.edf,576.0,580.0,0
chb01_30.edf,580.0,584.0,0
chb01_30.edf,584.0,588.0,0
chb01_30.edf,588.0,592.0,0
chb01_30.edf,592.0,596.0,0
chb01_30.edf,596.0,600.0,0
chb01_30.edf,600.0,604.0,0
chb01_30.edf,604.0,608.0,0
chb01_30.edf,608.0,612.0,0
chb01_30.edf,612.0,616.0,0
chb01_30.edf,616.0,620.0,0
chb01_30.edf,620.0,624.0,0
chb01_30.edf,624.0,628.0,0
chb01_30.edf,628.0,632.0,0
chb01_30.edf,632.0,636.0,0
chb01_30.edf,636.0,640.0,0
chb01_30.edf,640.0,644.0,0
chb01_30.edf,644.0,648.0,0
chb01_30.edf,648.0,652.0,0
chb01_30.edf,652.0,656.0,0
chb01_30.edf,656.0,660.0,0
chb01_30.edf,660.0,664.0,0
chb01_30.edf,664.0,668.0,0
chb01_30.edf,668.0,672.0,0
chb01_30.edf,672.0,676.0,0
chb01_30.edf,676.0,680.0,0
chb01_30.edf,680.0,684.0,0
chb01_30.edf,684.0,688.0,0
chb01_30.edf,688.0,692.0,0
chb01_30.edf,692.0,696.0,0
chb01_30.edf,696.0,700.0,0
chb01_30.edf,700.0,704.0,0
chb01_30.edf,704.0,708.0,0
chb01_30.edf,708.0,712.0,0
chb01_30.edf,712.0,716.0,0
chb01_30.edf,716.0,720.0,0
chb01_30.edf,720.0,724.0,0
chb01_30.edf,724.0,728.0,0
chb01_30.edf,728.0,732.0,0
chb01_30.edf,732.0,736.0,0
chb01_30.edf,736.0,740.0,0
chb01_30.edf,740.0,744.0,0
chb01_30.edf,744.0,748.0,0
chb01_30.edf,748.0,752.0,0
chb01_30.edf,752.0,756.0,0
chb01_30.edf,756.0,760.0,0
chb01_30.edf,760.0,764.0,0
chb01_30.edf,764.0,768.0,0
chb01_30.edf,768.0,772.0,0
chb01_30.edf,772.0,776.0,0
chb01_30.edf,776.0,780.0,0
chb01_30.edf,780.0,784.0,0
chb01_30.edf,784.0,788.0,0
chb01_30.edf,788.0,792.0,0
chb01_30.edf,792.0,796.0,0
chb01_30.edf,796.0,800.0,0
chb01_30.edf,800.0,804.0,0
chb01_30.edf,804.0,808.0,0
chb01_30.edf,808.0,812.0,0
chb01_30.edf,812.0,816.0,0
chb01_30.edf,816.0,820.0,0
chb01_30.edf,820.0,824.0,0
chb01_30.edf,824.0,828.0,0
chb01_30.edf,828.0,832.0,0
chb01_30.edf,832.0,836.0,0
chb01_30.edf,836.0,840.0,0
chb01_30.edf,840.0,844.0,0
chb01_30.edf,844.0,848.0,0
chb01_30.edf,848.0,852.0,0
chb01_30.edf,852.0,856.0,0
chb01_30.edf,856.0,860.0,0
chb01_30.edf,860.0,864.0,0
chb01_30.edf,864.0,868.0,0
chb01_30.edf,868.0,872.0,0
chb01_30.edf,872.0,876.0,0
chb01_30.edf,876.0,880.0,0
chb01_30.edf,880.0,884.0,0
chb01_30.edf,884.0,888.0,0
chb01_30.edf,888.0,892.0,0
chb01_30.edf,892.0,896.0,0
chb01_30.edf,896.0,900.0,0
chb01_30.edf,900.0,904.0,0
chb01_30.edf,904.0,908.0,0
chb01_30.edf,908.0,912.0,0
chb01_30.edf,912.0,916.0,0
chb01_30.edf,916.0,920.0,0
chb01_30.edf,920.0,924.0,0
chb01_30.edf,924.0,928.0,0
chb01_30.edf,928.0,932.0,0
chb01_30.edf,932.0,936.0,0
chb01_30.edf,936.0,940.0,0
chb01_30.edf,940.0,944.0,0
chb01_30.edf,944.0,948.0,0
chb01_30.edf,948.0,952.0,0
chb01_30.edf,952.0,956.0,0
chb01_30.edf,956.0,960.0,0
chb01_30.edf,960.0,964.0,0
chb01_30.edf,964.0,968.0,0
chb01_30.edf,968.0,972.0,0
chb01_30.edf,972.0,976.0,0
chb01_30.edf,976.0,980.0,0
chb01_30.edf,980.0,984.0,0
chb01_30.edf,984.0,988.0,0
chb01_30.edf,988.0,992.0,0
chb01_30.edf,992.0,996.0,0
chb01_30.edf,996.0,1000.0,0
chb01_30.edf,1000.0,1004.0,0
chb01_30.edf,1004.0,1008.0,0
chb01_30.edf,1008.0,1012.0,0
chb01_30.edf,1012.0,1016.0,0
chb01_30.edf,1016.0,1020.0,0
chb01_30.edf,1020.0,1024.0,0
chb01_30.edf,1024.0,1028.0,0
chb01_30.edf,1028.0,1032.0,0
chb01_30.edf,1032.0,1036.0,0
chb01_30.edf,1036.0,1040.0,0
chb01_30.edf,1040.0,1044.0,0
chb01_30.edf,1044.0,1048.0,0
chb01_30.edf,1048.0,1052.0,0
chb01_30.edf,1052.0,1056.0,0
chb01_30.edf,1056.0,1060.0,0
chb01_30.edf,1060.0,1064.0,0
chb01_30.edf,1064.0,1068.0,0
chb01_30.edf,1068.0,1072.0,0
chb01_30.edf,1072.0,1076.0,0
chb01_30.edf,1076.0,1080.0,0
chb01_30.edf,1080.0,1084.0,0
chb01_30.edf,1084.0,1088.0,0
chb01_30.edf,1088.0,1092.0,0
chb01_30.edf,1092.0,1096.0,0
chb01_30.edf,1096.0,1100.0,0
chb01_30.edf,1100.0,1104.0,0
chb01_30.edf,1104.0,1108.0,0
chb01_30.edf,1108.0,1112.0,0
chb01_30.edf,1112.0,1116.0,0
chb01_30.edf,1116.0,1120.0,0
chb01_30.edf,1120.0,1124.0,0
chb01_30.edf,1124.0,1128.0,0
chb01_30.edf,1128.0,1132.0,0
chb01_30.edf,1132.0,1136.0,0
chb01_30.edf,1136.0,1140.0,0
chb01_30.edf,1140.0,1144.0,0
chb01_30.edf,1144.0,1148.0,0
chb01_30.edf,1148.0,1152.0,0
chb01_30.edf,1152.0,1156.0,0
chb01_30.edf,1156.0,1160.0,0
chb01_30.edf,1160.0,1164.0,0
chb01_30.edf,1164.0,1168.0,0
chb01_30.edf,1168.0,1172.0,0
chb01_30.edf,1172.0,1176.0,0
chb01_30.edf,1176.0,1180.0,0
chb01_30.edf,1180.0,1184.0,0
chb01_30.edf,1184.0,1188.0,0
chb01_30.edf,1188.0,1192.0,0
chb01_30.edf,1192.0,1196.0,0
chb01_30.edf,1196.0,1200.0,0
chb01_30.edf,1200.0,1204.0,0
chb01_30.edf,1204.0,1208.0,0
chb01_30.edf,1208.0,1212.0,0
chb01_30.edf,1212.0,1216.0,0
chb01_30.edf,1216.0,1220.0,0
chb01_30.edf,1220.0,1224.0,0
chb01_30.edf,1224.0,1228.0,0
chb01_30.edf,1228.0,1232.0,0
chb01_30.edf,1232.0,1236.0,0
chb01_30.edf,1236.0,1240.0,0
chb01_30.edf,1240.0,1244.0,0
chb01_30.edf,1244.0,1248.0,0
chb01_30.edf,1248.0,1252.0,0
chb01_30.edf,1252.0,1256.0,0
chb01_30.edf,1256.0,1260.0,0
chb01_30.edf,1260.0,1264.0,0
chb01_30.edf,1264.0,1268.0,0
chb01_30.edf,1268.0,1272.0,0
chb01_30.edf,1272.0,1276.0,0
chb01_30.edf,1276.0,1280.0,0
chb01_30.edf,1280.0,1284.0,0
chb01_30.edf,1284.0,1288.0,0
chb01_30.edf,1288.0,1292.0,0
chb01_30.edf,1292.0,1296.0,0
chb01_30.edf,1296.0,1300.0,0
chb01_30.edf,1300.0,1304.0,0
chb01_30.edf,1304.0,1308.0,0
chb01_30.edf,1308.0,1312.0,0
chb01_30.edf,1312.0,1316.0,0
chb01_30.edf,1316.0,1320.0,0
chb01_30.edf,1320.0,1324.0,0
chb01_30.edf,1324.0,1328.0,0
chb01_30.edf,1328.0,1332.0,0
chb01_30.edf,1332.0,1336.0,0
chb01_30.edf,1336.0,1340.0,0
chb01_30.edf,1340.0,1344.0,0
chb01_30.edf,1344.0,1348.0,0
chb01_30.edf,1348.0,1352.0,0
chb01_30.edf,1352.0,1356.0,0
chb01_30.edf,1356.0,1360.0,0
chb01_30.edf,1360.0,1364.0,0
chb01_30.edf,1364.0,1368.0,0
chb01_30.edf,1368.0,1372.0,0
chb01_30.edf,1372.0,1376.0,0
chb01_30.edf,1376.0,1380.0,0
chb01_30.edf,1380.0,1384.0,0
chb01_30.edf,1384.0,1388.0,0
chb01_30.edf,1388.0,1392.0,0
chb01_30.edf,1392.0,1396.0,0
chb01_30.edf,1396.0,1400.0,0
chb01_30.edf,1400.0,1404.0,0
chb01_30.edf,1404.0,1408.0,0
chb01_30.edf,1408.0,1412.0,0
chb01_30.edf,1412.0,1416.0,0
chb01_30.edf,1416.0,1420.0,0
chb01_30.edf,1420.0,1424.0,0
chb01_30.edf,1424.0,1428.0,0
chb01_30.edf,1428.0,1432.0,0
chb01_30.edf,1432.0,1436.0,0
chb01_30.edf,1436.0,1440.0,0
chb01_30.edf,1440.0,1444.0,0
chb01_30.edf,1444.0,1448.0,0
chb01_30.edf,1448.0,1452.0,0
chb01_30.edf,1452.0,1456.0,0
chb01_30.edf,1456.0,1460.0,0
chb01_30.edf,1460.0,1464.0,0
chb01_30.edf,1464.0,1468.0,0
chb01_30.edf,1468.0,1472.0,0
chb01_30.edf,1472.0,1476.0,0
chb01_30.edf,1476.0,1480.0,0
chb01_30.edf,1480.0,1484.0,0
chb01_30.edf,1484.0,1488.0,0
chb01_30.edf,1488.0,1492.0,0
chb01_30.edf,1492.0,1496.0,0
chb01_30.edf,1496.0,1500.0,0
chb01_30.edf,1500.0,1504.0,0
chb01_30.edf,1504.0,1508.0,0
chb01_30.edf,1508.0,1512.0,0
chb01_30.edf,1512.0,1516.0,0
chb01_30.edf,1516.0,1520.0,0
chb01_30.edf,1520.0,1524.0,0
chb01_30.edf,1524.0,1528.0,0
chb01_30.edf,1528.0,1532.0,0
chb01_30.edf,1532.0,1536.0,0
chb01_30.edf,1536.0,1540.0,0
chb01_30.edf,1540.0,1544.0,0
chb01_30.edf,1544.0,1548.0,0
chb01_30.edf,1548.0,1552.0,0
chb01_30.edf,1552.0,1556.0,0
chb01_30.edf,1556.0,1560.0,0
chb01_30.edf,1560.0,1564.0,0
chb01_30.edf,1564.0,1568.0,0
chb01_30.edf,1568.0,1572.0,0
chb01_30.edf,1572.0,1576.0,0
chb01_30.edf,1576.0,1580.0,0
chb01_30.edf,1580.0,1584.0,0
chb01_30.edf,1584.0,1588.0,0
chb01_30.edf,1588.0,1592.0,0
chb01_30.edf,1592.0,1596.0,0
chb01_30.edf,1596.0,1600.0,0
chb01_30.edf,1600.0,1604.0,0
chb01_30.edf,1604.0,1608.0,0
chb01_30.edf,1608.0,1612.0,0
chb01_30.edf,1612.0,1616.0,0
chb01_30.edf,1616.0,1620.0,0
chb01_30.edf,1620.0,1624.0,0
chb01_30.edf,1624.0,1628.0,0
chb01_30.edf,1628.0,1632.0,0
chb01_30.edf,1632.0,1636.0,0
chb01_30.edf,1636.0,1640.0,0
chb01_30.edf,1640.0,1644.0,0
chb01_30.edf,1644.0,1648.0,0
chb01_30.edf,1648.0,1652.0,0
chb01_30.edf,1652.0,1656.0,0
chb01_30.edf,1656.0,1660.0,0
chb01_30.edf,1660.0,1664.0,0
chb01_30.edf,1664.0,1668.0,0
chb01_30.edf,1668.0,1672.0,0
chb01_30.edf,1672.0,1676.0,0
chb01_30.edf,1676.0,1680.0,0
chb01_30.edf,1680.0,1684.0,0
chb01_30.edf,1684.0,1688.0,0
chb01_30.edf,1688.0,1692.0,0
chb01_30.edf,1692.0,1696.0,0
chb01_30.edf,1696.0,1700.0,0
chb01_30.edf,1700.0,1704.0,0
chb01_30.edf,1704.0,1708.0,0
chb01_30.edf,1708.0,1712.0,0
chb01_30.edf,1712.0,1716.0,0
chb01_30.edf,1716.0,1720.0,0
chb01_30.edf,1720.0,1724.0,0
chb01_30.edf,1724.0,1728.0,0
chb01_30.edf,1728.0,1732.0,0
chb01_30.edf,1732.0,1736.0,0
chb01_30.edf,1736.0,1740.0,0
chb01_30.edf,1740.0,1744.0,0
chb01_30.edf,1744.0,1748.0,0
chb01_30.edf,1748.0,1752.0,0
chb01_30.edf,1752.0,1756.0,0
chb01_30.edf,1756.0,1760.0,0
chb01_30.edf,1760.0,1764.0,0
chb01_30.edf,1764.0,1768.0,0
chb01_30.edf,1768.0,1772.0,0
chb01_30.edf,1772.0,1776.0,0
chb01_30.edf,1776.0,1780.0,0
chb01_30.edf,1780.0,1784.0,0
chb01_30.edf,1784.0,1788.0,0
chb01_30.edf,1788.0,1792.0,0
chb01_30.edf,1792.0,1796.0,0
chb01_30.edf,1796.0,1800.0,0
chb01_30.edf,1800.0,1804.0,0
chb01_30.edf,1804.0,1808.0,0
chb01_30.edf,1808.0,1812.0,0
chb01_30.edf,1812.0,1816.0,0
chb01_30.edf,1816.0,1820.0,0
chb01_30.edf,1820.0,1824.0,0
chb01_30.edf,1824.0,1828.0,0
chb01_30.edf,1828.0,1832.0,0
chb01_30.edf,1832.0,1836.0,0
chb01_30.edf,1836.0,1840.0,0
chb01_30.edf,1840.0,1844.0,0
chb01_30.edf,1844.0,1848.0,0
chb01_30.edf,1848.0,1852.0,0
chb01_30.edf,1852.0,1856.0,0
chb01_30.edf,1856.0,1860.0,0
chb01_30.edf,1860.0,1864.0,0
chb01_30.edf,1864.0,1868.0,0
chb01_30.edf,1868.0,1872.0,0
chb01_30.edf,1872.0,1876.0,0
chb01_30.edf,1876.0,1880.0,0
chb01_30.edf,1880.0,1884.0,0
chb01_30.edf,1884.0,1888.0,0
chb01_30.edf,1888.0,1892.0,0
chb01_30.edf,1892.0,1896.0,0
chb01_30.edf,1896.0,1900.0,0
chb01_30.edf,1900.0,1904.0,0
chb01_30.edf,1904.0,1908.0,0
chb01_30.edf,1908.0,1912.0,0
chb01_30.edf,1912.0,1916.0,0
chb01_30.edf,1916.0,1920.0,0
chb01_30.edf,1920.0,1924.0,0
chb01_30.edf,1924.0,1928.0,0
chb01_30.edf,1928.0,1932.0,0
chb01_30.edf,1932.0,1936.0,0
chb01_30.edf,1936.0,1940.0,0
chb01_30.edf,1940.0,1944.0,0
chb01_30.edf,1944.0,1948.0,0
chb01_30.edf,1948.0,1952.0,0
chb01_30.edf,1952.0,1956.0,0
chb01_30.edf,1956.0,1960.0,0
chb01_30.edf,1960.0,1964.0,0
chb01_30.edf,1964.0,1968.0,0
chb01_30.edf,1968.0,1972.0,0
chb01_30.edf,1972.0,1976.0,0
chb01_30.edf,1976.0,1980.0,0
chb01_30.edf,1980.0,1984.0,0
chb01_30.edf,1984.0,1988.0,0
chb01_30.edf,1988.0,1992.0,0
chb01_30.edf,1992.0,1996.0,0
chb01_30.edf,1996.0,2000.0,0
chb01_30.edf,2000.0,2004.0,0
chb01_30.edf,2004.0,2008.0,0
chb01_30.edf,2008.0,2012.0,0
chb01_30.edf,2012.0,2016.0,0
chb01_30.edf,2016.0,2020.0,0
chb01_30.edf,2020.0,2024.0,0
chb01_30.edf,2024.0,2028.0,0
chb01_30.edf,2028.0,2032.0,0
chb01_30.edf,2032.0,2036.0,0
chb01_30.edf,2036.0,2040.0,0
chb01_30.edf,2040.0,2044.0,0
chb01_30.edf,2044.0,2048.0,0
chb01_30.edf,2048.0,2052.0,0
chb01_30.edf,2052.0,2056.0,0
chb01_30.edf,2056.0,2060.0,0
chb01_30.edf,2060.0,2064.0,0
chb01_30.edf,2064.0,2068.0,0
chb01_30.edf,2068.0,2072.0,0
chb01_30.edf,2072.0,2076.0,0
chb01_30.edf,2076.0,2080.0,0
chb01_30.edf,2080.0,2084.0,0
chb01_30.edf,2084.0,2088.0,0
chb01_30.edf,2088.0,2092.0,0
chb01_30.edf,2092.0,2096.0,0
chb01_30.edf,2096.0,2100.0,0
chb01_30.edf,2100.0,2104.0,0
chb01_30.edf,2104.0,2108.0,0
chb01_30.edf,2108.0,2112.0,0
chb01_30.edf,2112.0,2116.0,0
chb01_30.edf,2116.0,2120.0,0
chb01_30.edf,2120.0,2124.0,0
chb01_30.edf,2124.0,2128.0,0
chb01_30.edf,2128.0,2132.0,0
chb01_30.edf,2132.0,2136.0,0
chb01_30.edf,2136.0,2140.0,0
chb01_30.edf,2140.0,2144.0,0
chb01_30.edf,2144.0,2148.0,0
chb01_30.edf,2148.0,2152.0,0
chb01_30.edf,2152.0,2156.0,0
chb01_30.edf,2156.0,2160.0,0
chb01_30.edf,2160.0,2164.0,0
chb01_30.edf,2164.0,2168.0,0
chb01_30.edf,2168.0,2172.0,0
chb01_30.edf,2172.0,2176.0,0
chb01_30.edf,2176.0,2180.0,0
chb01_30.edf,2180.0,2184.0,0
chb01_30.edf,2184.0,2188.0,0
chb01_30.edf,2188.0,2192.0,0
chb01_30.edf,2192.0,2196.0,0
chb01_30.edf,2196.0,2200.0,0
chb01_30.edf,2200.0,2204.0,0
chb01_30.edf,2204.0,2208.0,0
chb01_30.edf,2208.0,2212.0,0
chb01_30.edf,2212.0,2216.0,0
chb01_30.edf,2216.0,2220.0,0
chb01_30.edf,2220.0,2224.0,0
chb01_30.edf,2224.0,2228.0,0
chb01_30.edf,2228.0,2232.0,0
chb01_30.edf,2232.0,2236.0,0
chb01_30.edf,2236.0,2240.0,0
chb01_30.edf,2240.0,2244.0,0
chb01_30.edf,2244.0,2248.0,0
chb01_30.edf,2248.0,2252.0,0
chb01_30.edf,2252.0,2256.0,0
chb01_30.edf,2256.0,2260.0,0
chb01_30.edf,2260.0,2264.0,0
chb01_30.edf,2264.0,2268.0,0
chb01_30.edf,2268.0,2272.0,0
chb01_30.edf,2272.0,2276.0,0
chb01_30.edf,2276.0,2280.0,0
chb01_30.edf,2280.0,2284.0,0
chb01_30.edf,2284.0,2288.0,0
chb01_30.edf,2288.0,2292.0,0
chb01_30.edf,2292.0,2296.0,0
chb01_30.edf,2296.0,2300.0,0
chb01_30.edf,2300.0,2304.0,0
chb01_30.edf,2304.0,2308.0,0
chb01_30.edf,2308.0,2312.0,0
chb01_30.edf,2312.0,2316.0,0
chb01_30.edf,2316.0,2320.0,0
chb01_30.edf,2320.0,2324.0,0
chb01_30.edf,2324.0,2328.0,0
chb01_30.edf,2328.0,2332.0,0
chb01_30.edf,2332.0,2336.0,0
chb01_30.edf,2336.0,2340.0,0
chb01_30.edf,2340.0,2344.0,0
chb01_30.edf,2344.0,2348.0,0
chb01_30.edf,2348.0,2352.0,0
chb01_30.edf,2352.0,2356.0,0
chb01_30.edf,2356.0,2360.0,0
chb01_30.edf,2360.0,2364.0,0
chb01_30.edf,2364.0,2368.0,0
chb01_30.edf,2368.0,2372.0,0
chb01_30.edf,2372.0,2376.0,0
chb01_30.edf,2376.0,2380.0,0
chb01_30.edf,2380.0,2384.0,0
chb01_30.edf,2384.0,2388.0,0
chb01_30.edf,2388.0,2392.0,0
chb01_30.edf,2392.0,2396.0,0
chb01_30.edf,2396.0,2400.0,0
chb01_30.edf,2400.0,2404.0,0
chb01_30.edf,2404.0,2408.0,0
chb01_30.edf,2408.0,2412.0,0
chb01_30.edf,2412.0,2416.0,0
chb01_30.edf,2416.0,2420.0,0
chb01_30.edf,2420.0,2424.0,0
chb01_30.edf,2424.0,2428.0,0
chb01_30.edf,2428.0,2432.0,0
chb01_30.edf,2432.0,2436.0,0
chb01_30.edf,2436.0,2440.0,0
chb01_30.edf,2440.0,2444.0,0
chb01_30.edf,2444.0,2448.0,0
chb01_30.edf,2448.0,2452.0,0
chb01_30.edf,2452.0,2456.0,0
chb01_30.edf,2456.0,2460.0,0
chb01_30.edf,2460.0,2464.0,0
chb01_30.edf,2464.0,2468.0,0
chb01_30.edf,2468.0,2472.0,0
chb01_30.edf,2472.0,2476.0,0
chb01_30.edf,2476.0,2480.0,0
chb01_30.edf,2480.0,2484.0,0
chb01_30.edf,2484.0,2488.0,0
chb01_30.edf,2488.0,2492.0,0
chb01_30.edf,2492.0,2496.0,0
chb01_30.edf,2496.0,2500.0,0
chb01_30.edf,2500.0,2504.0,0
chb01_30.edf,2504.0,2508.0,0
chb01_30.edf,2508.0,2512.0,0
chb01_30.edf,2512.0,2516.0,0
chb01_30.edf,2516.0,2520.0,0
chb01_30.edf,2520.0,2524.0,0
chb01_30.edf,2524.0,2528.0,0
chb01_30.edf,2528.0,2532.0,0
chb01_30.edf,2532.0,2536.0,0
chb01_30.edf,2536.0,2540.0,0
chb01_30.edf,2540.0,2544.0,0
chb01_30.edf,2544.0,2548.0,0
chb01_30.edf,2548.0,2552.0,0
chb01_30.edf,2552.0,2556.0,0
chb01_30.edf,2556.0,2560.0,0
chb01_30.edf,2560.0,2564.0,0
chb01_30.edf,2564.0,2568.0,0
chb01_30.edf,2568.0,2572.0,0
chb01_30.edf,2572.0,2576.0,0
chb01_30.edf,2576.0,2580.0,0
chb01_30.edf,2580.0,2584.0,0
chb01_30.edf,2584.0,2588.0,0
chb01_30.edf,2588.0,2592.0,0
chb01_30.edf,2592.0,2596.0,0
chb01_30.edf,2596.0,2600.0,0
chb01_30.edf,2600.0,2604.0,0
chb01_30.edf,2604.0,2608.0,0
chb01_30.edf,2608.0,2612.0,0
chb01_30.edf,2612.0,2616.0,0
chb01_30.edf,2616.0,2620.0,0
chb01_30.edf,2620.0,2624.0,0
chb01_30.edf,2624.0,2628.0,0
chb01_30.edf,2628.0,2632.0,0
chb01_30.edf,2632.0,2636.0,0
chb01_30.edf,2636.0,2640.0,0
chb01_30.edf,2640.0,2644.0,0
chb01_30.edf,2644.0,2648.0,0
chb01_30.edf,2648.0,2652.0,0
chb01_30.edf,2652.0,2656.0,0
chb01_30.edf,2656.0,2660.0,0
chb01_30.edf,2660.0,2664.0,0
chb01_30.edf,2664.0,2668.0,0
chb01_30.edf,2668.0,2672.0,0
chb01_30.edf,2672.0,2676.0,0
chb01_30.edf,2676.0,2680.0,0
chb01_30.edf,2680.0,2684.0,0
chb01_30.edf,2684.0,2688.0,0
chb01_30.edf,2688.0,2692.0,0
chb01_30.edf,2692.0,2696.0,0
chb01_30.edf,2696.0,2700.0,0
chb01_30.edf,2700.0,2704.0,0
chb01_30.edf,2704.0,2708.0,0
chb01_30.edf,2708.0,2712.0,0
chb01_30.edf,2712.0,2716.0,0
chb01_30.edf,2716.0,2720.0,0
chb01_30.edf,2720.0,2724.0,0
chb01_30.edf,2724.0,2728.0,0
chb01_30.edf,2728.0,2732.0,0
chb01_30.edf,2732.0,2736.0,0
chb01_30.edf,2736.0,2740.0,0
chb01_30.edf,2740.0,2744.0,0
chb01_30.edf,2744.0,2748.0,0
chb01_30.edf,2748.0,2752.0,0
chb01_30.edf,2752.0,2756.0,0
chb01_30.edf,2756.0,2760.0,0
chb01_30.edf,2760.0,2764.0,0
chb01_30.edf,2764.0,2768.0,0
chb01_30.edf,2768.0,2772.0,0
chb01_30.edf,2772.0,2776.0,0
chb01_30.edf,2776.0,2780.0,0
chb01_30.edf,2780.0,2784.0,0
chb01_30.edf,2784.0,2788.0,0
chb01_30.edf,2788.0,2792.0,0
chb01_30.edf,2792.0,2796.0,0
chb01_30.edf,2796.0,2800.0,0
chb01_30.edf,2800.0,2804.0,0
chb01_30.edf,2804.0,2808.0,0
chb01_30.edf,2808.0,2812.0,0
chb01_30.edf,2812.0,2816.0,0
chb01_30.edf,2816.0,2820.0,0
chb01_30.edf,2820.0,2824.0,0
chb01_30.edf,2824.0,2828.0,0
chb01_30.edf,2828.0,2832.0,0
chb01_30.edf,2832.0,2836.0,0
chb01_30.edf,2836.0,2840.0,0
chb01_30.edf,2840.0,2844.0,0
chb01_30.edf,2844.0,2848.0,0
chb01_30.edf,2848.0,2852.0,0
chb01_30.edf,2852.0,2856.0,0
chb01_30.edf,2856.0,2860.0,0
chb01_30.edf,2860.0,2864.0,0
chb01_30.edf,2864.0,2868.0,0
chb01_30.edf,2868.0,2872.0,0
chb01_30.edf,2872.0,2876.0,0
chb01_30.edf,2876.0,2880.0,0
chb01_30.edf,2880.0,2884.0,0
chb01_30.edf,2884.0,2888.0,0
chb01_30.edf,2888.0,2892.0,0
chb01_30.edf,2892.0,2896.0,0
chb01_30.edf,2896.0,2900.0,0
chb01_30.edf,2900.0,2904.0,0
chb01_30.edf,2904.0,2908.0,0
chb01_30.edf,2908.0,2912.0,0
chb01_30.edf,2912.0,2916.0,0
chb01_30.edf,2916.0,2920.0,0
chb01_30.edf,2920.0,2924.0,0
chb01_30.edf,2924.0,2928.0,0
chb01_30.edf,2928.0,2932.0,0
chb01_30.edf,2932.0,2936.0,0
chb01_30.edf,2936.0,2940.0,0
chb01_30.edf,2940.0,2944.0,0
chb01_30.edf,2944.0,2948.0,0
chb01_30.edf,2948.0,2952.0,0
chb01_30.edf,2952.0,2956.0,0
chb01_30.edf,2956.0,2960.0,0
chb01_30.edf,2960.0,2964.0,0
chb01_30.edf,2964.0,2968.0,0
chb01_30.edf,2968.0,2972.0,0
chb01_30.edf,2972.0,2976.0,0
chb01_30.edf,2976.0,2980.0,0
chb01_30.edf,2980.0,2984.0,0
chb01_30.edf,2984.0,2988.0,0
chb01_30.edf,2988.0,2992.0,0
chb01_30.edf,2992.0,2996.0,0
chb01_30.edf,2996.0,3000.0,0
chb01_30.edf,3000.0,3004.0,0
chb01_30.edf,3004.0,3008.0,0
chb01_30.edf,3008.0,3012.0,0
chb01_30.edf,3012.0,3016.0,0
chb01_30.edf,3016.0,3020.0,0
chb01_30.edf,3020.0,3024.0,0
chb01_30.edf,3024.0,3028.0,0
chb01_30.edf,3028.0,3032.0,0
chb01_30.edf,3032.0,3036.0,0
chb01_30.edf,3036.0,3040.0,0
chb01_30.edf,3040.0,3044.0,0
chb01_30.edf,3044.0,3048.0,0
chb01_30.edf,3048.0,3052.0,0
chb01_30.edf,3052.0,3056.0,0
chb01_30.edf,3056.0,3060.0,0
chb01_30.edf,3060.0,3064.0,0
chb01_30.edf,3064.0,3068.0,0
chb01_30.edf,3068.0,3072.0,0
chb01_30.edf,3072.0,3076.0,0
chb01_30.edf,3076.0,3080.0,0
chb01_30.edf,3080.0,3084.0,0
chb01_30.edf,3084.0,3088.0,0
chb01_30.edf,3088.0,3092.0,0
chb01_30.edf,3092.0,3096.0,0
chb01_30.edf,3096.0,3100.0,0
chb01_30.edf,3100.0,3104.0,0
chb01_30.edf,3104.0,3108.0,0
chb01_30.edf,3108.0,3112.0,0
chb01_30.edf,3112.0,3116.0,0
chb01_30.edf,3116.0,3120.0,0
chb01_30.edf,3120.0,3124.0,0
chb01_30.edf,3124.0,3128.0,0
chb01_30.edf,3128.0,3132.0,0
chb01_30.edf,3132.0,3136.0,0
chb01_30.edf,3136.0,3140.0,0
chb01_30.edf,3140.0,3144.0,0
chb01_30.edf,3144.0,3148.0,0
chb01_30.edf,3148.0,3152.0,0
chb01_30.edf,3152.0,3156.0,0
chb01_30.edf,3156.0,3160.0,0
chb01_30.edf,3160.0,3164.0,0
chb01_30.edf,3164.0,3168.0,0
chb01_30.edf,3168.0,3172.0,0
chb01_30.edf,3172.0,3176.0,0
chb01_30.edf,3176.0,3180.0,0
chb01_30.edf,3180.0,3184.0,0
chb01_30.edf,3184.0,3188.0,0
chb01_30.edf,3188.0,3192.0,0
chb01_30.edf,3192.0,3196.0,0
chb01_30.edf,3196.0,3200.0,0
chb01_30.edf,3200.0,3204.0,0
chb01_30.edf,3204.0,3208.0,0
chb01_30.edf,3208.0,3212.0,0
chb01_30.edf,3212.0,3216.0,0
chb01_30.edf,3216.0,3220.0,0
chb01_30.edf,3220.0,3224.0,0
chb01_30.edf,3224.0,3228.0,0
chb01_30.edf,3228.0,3232.0,0
chb01_30.edf,3232.0,3236.0,0
chb01_30.edf,3236.0,3240.0,0
chb01_30.edf,3240.0,3244.0,0
chb01_30.edf,3244.0,3248.0,0
chb01_30.edf,3248.0,3252.0,0
chb01_30.edf,3252.0,3256.0,0
chb01_30.edf,3256.0,3260.0,0
chb01_30.edf,3260.0,3264.0,0
chb01_30.edf,3264.0,3268.0,0
chb01_30.edf,3268.0,3272.0,0
chb01_30.edf,3272.0,3276.0,0
chb01_30.edf,3276.0,3280.0,0
chb01_30.edf,3280.0,3284.0,0
chb01_30.edf,3284.0,3288.0,0
chb01_30.edf,3288.0,3292.0,0
chb01_30.edf,3292.0,3296.0,0
chb01_30.edf,3296.0,3300.0,0
chb01_30.edf,3300.0,3304.0,0
chb01_30.edf,3304.0,3308.0,0
chb01_30.edf,3308.0,3312.0,0
chb01_30.edf,3312.0,3316.0,0
chb01_30.edf,3316.0,3320.0,0
chb01_30.edf,3320.0,3324.0,0
chb01_30.edf,3324.0,3328.0,0
chb01_30.edf,3328.0,3332.0,0
chb01_30.edf,3332.0,3336.0,0
chb01_30.edf,3336.0,3340.0,0
chb01_30.edf,3340.0,3344.0,0
chb01_30.edf,3344.0,3348.0,0
chb01_30.edf,3348.0,3352.0,0
chb01_30.edf,3352.0,3356.0,0
chb01_30.edf,3356.0,3360.0,0
chb01_30.edf,3360.0,3364.0,0
chb01_30.edf,3364.0,3368.0,0
chb01_30.edf,3368.0,3372.0,0
chb01_30.edf,3372.0,3376.0,0
chb01_30.edf,3376.0,3380.0,0
chb01_30.edf,3380.0,3384.0,0
chb01_30.edf,3384.0,3388.0,0
chb01_30.edf,3388.0,3392.0,0
chb01_30.edf,3392.0,3396.0,0
chb01_30.edf,3396.0,3400.0,0
chb01_30.edf,3400.0,3404.0,0
chb01_30.edf,3404.0,3408.0,0
chb01_30.edf,3408.0,3412.0,0
chb01_30.edf,3412.0,3416.0,0
chb01_30.edf,3416.0,3420.0,0
chb01_30.edf,3420.0,3424.0,0
chb01_30.edf,3424.0,3428.0,0
chb01_30.edf,3428.0,3432.0,0
chb01_30.edf,3432.0,3436.0,0
chb01_30.edf,3436.0,3440.0,0
chb01_30.edf,3440.0,3444.0,0
chb01_30.edf,3444.0,3448.0,0
chb01_30.edf,3448.0,3452.0,0
chb01_30.edf,3452.0,3456.0,0
chb01_30.edf,3456.0,3460.0,0
chb01_30.edf,3460.0,3464.0,0
chb01_30.edf,3464.0,3468.0,0
chb01_30.edf,3468.0,3472.0,0
chb01_30.edf,3472.0,3476.0,0
chb01_30.edf,3476.0,3480.0,0
chb01_30.edf,3480.0,3484.0,0
chb01_30.edf,3484.0,3488.0,0
chb01_30.edf,3488.0,3492.0,0
chb01_30.edf,3492.0,3496.0,0
chb01_30.edf,3496.0,3500.0,0
chb01_30.edf,3500.0,3504.0,0
chb01_30.edf,3504.0,3508.0,0
chb01_30.edf,3508.0,3512.0,0
chb01_30.edf,3512.0,3516.0,0
chb01_30.edf,3516.0,3520.0,0
chb01_30.edf,3520.0,3524.0,0
chb01_30.edf,3524.0,3528.0,0
chb01_30.edf,3528.0,3532.0,0
chb01_30.edf,3532.0,3536.0,0
chb01_30.edf,3536.0,3540.0,0
chb01_30.edf,3540.0,3544.0,0
chb01_30.edf,3544.0,3548.0,0
chb01_30.edf,3548.0,3552.0,0
chb01_30.edf,3552.0,3556.0,0
chb01_30.edf,3556.0,3560.0,0
chb01_30.edf,3560.0,3564.0,0
chb01_30.edf,3564.0,3568.0,0
chb01_30.edf,3568.0,3572.0,0
chb01_30.edf,3572.0,3576.0,0
chb01_30.edf,3576.0,3580.0,0
chb01_30.edf,3580.0,3584.0,0
chb01_30.edf,3584.0,3588.0,0
chb01_30.edf,3588.0,3592.0,0
chb01_30.edf,3592.0,3596.0,0
chb01_30.edf,3596.0,3600.0,0
chb01_38.edf,0.0,4.0,0
chb01_38.edf,4.0,8.0,0
chb01_38.edf,8.0,12.0,0
chb01_38.edf,12.0,16.0,0
chb01_38.edf,16.0,20.0,0
chb01_38.edf,20.0,24.0,0
chb01_38.edf,24.0,28.0,0
chb01_38.edf,28.0,32.0,0
chb01_38.edf,32.0,36.0,0
chb01_38.edf,36.0,40.0,0
chb01_38.edf,40.0,44.0,0
chb01_38.edf,44.0,48.0,0
chb01_38.edf,48.0,52.0,0
chb01_38.edf,52.0,56.0,0
chb01_38.edf,56.0,60.0,0
chb01_38.edf,60.0,64.0,0
chb01_38.edf,64.0,68.0,0
chb01_38.edf,68.0,72.0,0
chb01_38.edf,72.0,76.0,0
chb01_38.edf,76.0,80.0,0
chb01_38.edf,80.0,84.0,0
chb01_38.edf,84.0,88.0,0
chb01_38.edf,88.0,92.0,0
chb01_38.edf,92.0,96.0,0
chb01_38.edf,96.0,100.0,0
chb01_38.edf,100.0,104.0,0
chb01_38.edf,104.0,108.0,0
chb01_38.edf,108.0,112.0,0
chb01_38.edf,112.0,116.0,0
chb01_38.edf,116.0,120.0,0
chb01_38.edf,120.0,124.0,0
chb01_38.edf,124.0,128.0,0
chb01_38.edf,128.0,132.0,0
chb01_38.edf,132.0,136.0,0
chb01_38.edf,136.0,140.0,0
chb01_38.edf,140.0,144.0,0
chb01_38.edf,144.0,148.0,0
chb01_38.edf,148.0,152.0,0
chb01_38.edf,152.0,156.0,0
chb01_38.edf,156.0,160.0,0
chb01_38.edf,160.0,164.0,0
chb01_38.edf,164.0,168.0,0
chb01_38.edf,168.0,172.0,0
chb01_38.edf,172.0,176.0,0
chb01_38.edf,176.0,180.0,0
chb01_38.edf,180.0,184.0,0
chb01_38.edf,184.0,188.0,0
chb01_38.edf,188.0,192.0,0
chb01_38.edf,192.0,196.0,0
chb01_38.edf,196.0,200.0,0
chb01_38.edf,200.0,204.0,0
chb01_38.edf,204.0,208.0,0
chb01_38.edf,208.0,212.0,0
chb01_38.edf,212.0,216.0,0
chb01_38.edf,216.0,220.0,0
chb01_38.edf,220.0,224.0,0
chb01_38.edf,224.0,228.0,0
chb01_38.edf,228.0,232.0,0
chb01_38.edf,232.0,236.0,0
chb01_38.edf,236.0,240.0,0
chb01_38.edf,240.0,244.0,0
chb01_38.edf,244.0,248.0,0
chb01_38.edf,248.0,252.0,0
chb01_38.edf,252.0,256.0,0
chb01_38.edf,256.0,260.0,0
chb01_38.edf,260.0,264.0,0
chb01_38.edf,264.0,268.0,0
chb01_38.edf,268.0,272.0,0
chb01_38.edf,272.0,276.0,0
chb01_38.edf,276.0,280.0,0
chb01_38.edf,280.0,284.0,0
chb01_38.edf,284.0,288.0,0
chb01_38.edf,288.0,292.0,0
chb01_38.edf,292.0,296.0,0
chb01_38.edf,296.0,300.0,0
chb01_38.edf,300.0,304.0,0
chb01_38.edf,304.0,308.0,0
chb01_38.edf,308.0,312.0,0
chb01_38.edf,312.0,316.0,0
chb01_38.edf,316.0,320.0,0
chb01_38.edf,320.0,324.0,0
chb01_38.edf,324.0,328.0,0
chb01_38.edf,328.0,332.0,0
chb01_38.edf,332.0,336.0,0
chb01_38.edf,336.0,340.0,0
chb01_38.edf,340.0,344.0,0
chb01_38.edf,344.0,348.0,0
chb01_38.edf,348.0,352.0,0
chb01_38.edf,352.0,356.0,0
chb01_38.edf,356.0,360.0,0
chb01_38.edf,360.0,364.0,0
chb01_38.edf,364.0,368.0,0
chb01_38.edf,368.0,372.0,0
chb01_38.edf,372.0,376.0,0
chb01_38.edf,376.0,380.0,0
chb01_38.edf,380.0,384.0,0
chb01_38.edf,384.0,388.0,0
chb01_38.edf,388.0,392.0,0
chb01_38.edf,392.0,396.0,0
chb01_38.edf,396.0,400.0,0
chb01_38.edf,400.0,404.0,0
chb01_38.edf,404.0,408.0,0
chb01_38.edf,408.0,412.0,0
chb01_38.edf,412.0,416.0,0
chb01_38.edf,416.0,420.0,0
chb01_38.edf,420.0,424.0,0
chb01_38.edf,424.0,428.0,0
chb01_38.edf,428.0,432.0,0
chb01_38.edf,432.0,436.0,0
chb01_38.edf,436.0,440.0,0
chb01_38.edf,440.0,444.0,0
chb01_38.edf,444.0,448.0,0
chb01_38.edf,448.0,452.0,0
chb01_38.edf,452.0,456.0,0
chb01_38.edf,456.0,460.0,0
chb01_38.edf,460.0,464.0,0
chb01_38.edf,464.0,468.0,0
chb01_38.edf,468.0,472.0,0
chb01_38.edf,472.0,476.0,0
chb01_38.edf,476.0,480.0,0
chb01_38.edf,480.0,484.0,0
chb01_38.edf,484.0,488.0,0
chb01_38.edf,488.0,492.0,0
chb01_38.edf,492.0,496.0,0
chb01_38.edf,496.0,500.0,0
chb01_38.edf,500.0,504.0,0
chb01_38.edf,504.0,508.0,0
chb01_38.edf,508.0,512.0,0
chb01_38.edf,512.0,516.0,0
chb01_38.edf,516.0,520.0,0
chb01_38.edf,520.0,524.0,0
chb01_38.edf,524.0,528.0,0
chb01_38.edf,528.0,532.0,0
chb01_38.edf,532.0,536.0,0
chb01_38.edf,536.0,540.0,0
chb01_38.edf,540.0,544.0,0
chb01_38.edf,544.0,548.0,0
chb01_38.edf,548.0,552.0,0
chb01_38.edf,552.0,556.0,0
chb01_38.edf,556.0,560.0,0
chb01_38.edf,560.0,564.0,0
chb01_38.edf,564.0,568.0,0
chb01_38.edf,568.0,572.0,0
chb01_38.edf,572.0,576.0,0
chb01_38.edf,576.0,580.0,0
chb01_38.edf,580.0,584.0,0
chb01_38.edf,584.0,588.0,0
chb01_38.edf,588.0,592.0,0
chb01_38.edf,592.0,596.0,0
chb01_38.edf,596.0,600.0,0
chb01_38.edf,600.0,604.0,0
chb01_38.edf,604.0,608.0,0
chb01_38.edf,608.0,612.0,0
chb01_38.edf,612.0,616.0,0
chb01_38.edf,616.0,620.0,0
chb01_38.edf,620.0,624.0,0
chb01_38.edf,624.0,628.0,0
chb01_38.edf,628.0,632.0,0
chb01_38.edf,632.0,636.0,0
chb01_38.edf,636.0,640.0,0
chb01_38.edf,640.0,644.0,0
chb01_38.edf,644.0,648.0,0
chb01_38.edf,648.0,652.0,0
chb01_38.edf,652.0,656.0,0
chb01_38.edf,656.0,660.0,0
chb01_38.edf,660.0,664.0,0
chb01_38.edf,664.0,668.0,0
chb01_38.edf,668.0,672.0,0
chb01_38.edf,672.0,676.0,0
chb01_38.edf,676.0,680.0,0
chb01_38.edf,680.0,684.0,0
chb01_38.edf,684.0,688.0,0
chb01_38.edf,688.0,692.0,0
chb01_38.edf,692.0,696.0,0
chb01_38.edf,696.0,700.0,0
chb01_38.edf,700.0,704.0,0
chb01_38.edf,704.0,708.0,0
chb01_38.edf,708.0,712.0,0
chb01_38.edf,712.0,716.0,0
chb01_38.edf,716.0,720.0,0
chb01_38.edf,720.0,724.0,0
chb01_38.edf,724.0,728.0,0
chb01_38.edf,728.0,732.0,0
chb01_38.edf,732.0,736.0,0
chb01_38.edf,736.0,740.0,0
chb01_38.edf,740.0,744.0,0
chb01_38.edf,744.0,748.0,0
chb01_38.edf,748.0,752.0,0
chb01_38.edf,752.0,756.0,0
chb01_38.edf,756.0,760.0,0
chb01_38.edf,760.0,764.0,0
chb01_38.edf,764.0,768.0,0
chb01_38.edf,768.0,772.0,0
chb01_38.edf,772.0,776.0,0
chb01_38.edf,776.0,780.0,0
chb01_38.edf,780.0,784.0,0
chb01_38.edf,784.0,788.0,0
chb01_38.edf,788.0,792.0,0
chb01_38.edf,792.0,796.0,0
chb01_38.edf,796.0,800.0,0
chb01_38.edf,800.0,804.0,0
chb01_38.edf,804.0,808.0,0
chb01_38.edf,808.0,812.0,0
chb01_38.edf,812.0,816.0,0
chb01_38.edf,816.0,820.0,0
chb01_38.edf,820.0,824.0,0
chb01_38.edf,824.0,828.0,0
chb01_38.edf,828.0,832.0,0
chb01_38.edf,832.0,836.0,0
chb01_38.edf,836.0,840.0,0
chb01_38.edf,840.0,844.0,0
chb01_38.edf,844.0,848.0,0
chb01_38.edf,848.0,852.0,0
chb01_38.edf,852.0,856.0,0
chb01_38.edf,856.0,860.0,0
chb01_38.edf,860.0,864.0,0
chb01_38.edf,864.0,868.0,0
chb01_38.edf,868.0,872.0,0
chb01_38.edf,872.0,876.0,0
chb01_38.edf,876.0,880.0,0
chb01_38.edf,880.0,884.0,0
chb01_38.edf,884.0,888.0,0
chb01_38.edf,888.0,892.0,0
chb01_38.edf,892.0,896.0,0
chb01_38.edf,896.0,900.0,0
chb01_38.edf,900.0,904.0,0
chb01_38.edf,904.0,908.0,0
chb01_38.edf,908.0,912.0,0
chb01_38.edf,912.0,916.0,0
chb01_38.edf,916.0,920.0,0
chb01_38.edf,920.0,924.0,0
chb01_38.edf,924.0,928.0,0
chb01_38.edf,928.0,932.0,0
chb01_38.edf,932.0,936.0,0
chb01_38.edf,936.0,940.0,0
chb01_38.edf,940.0,944.0,0
chb01_38.edf,944.0,948.0,0
chb01_38.edf,948.0,952.0,0
chb01_38.edf,952.0,956.0,0
chb01_38.edf,956.0,960.0,0
chb01_38.edf,960.0,964.0,0
chb01_38.edf,964.0,968.0,0
chb01_38.edf,968.0,972.0,0
chb01_38.edf,972.0,976.0,0
chb01_38.edf,976.0,980.0,0
chb01_38.edf,980.0,984.0,0
chb01_38.edf,984.0,988.0,0
chb01_38.edf,988.0,992.0,0
chb01_38.edf,992.0,996.0,0
chb01_38.edf,996.0,1000.0,0
chb01_38.edf,1000.0,1004.0,0
chb01_38.edf,1004.0,1008.0,0
chb01_38.edf,1008.0,1012.0,0
chb01_38.edf,1012.0,1016.0,0
chb01_38.edf,1016.0,1020.0,0
chb01_38.edf,1020.0,1024.0,0
chb01_38.edf,1024.0,1028.0,0
chb01_38.edf,1028.0,1032.0,0
chb01_38.edf,1032.0,1036.0,0
chb01_38.edf,1036.0,1040.0,0
chb01_38.edf,1040.0,1044.0,0
chb01_38.edf,1044.0,1048.0,0
chb01_38.edf,1048.0,1052.0,0
chb01_38.edf,1052.0,1056.0,0
chb01_38.edf,1056.0,1060.0,0
chb01_38.edf,1060.0,1064.0,0
chb01_38.edf,1064.0,1068.0,0
chb01_38.edf,1068.0,1072.0,0
chb01_38.edf,1072.0,1076.0,0
chb01_38.edf,1076.0,1080.0,0
chb01_38.edf,1080.0,1084.0,0
chb01_38.edf,1084.0,1088.0,0
chb01_38.edf,1088.0,1092.0,0
chb01_38.edf,1092.0,1096.0,0
chb01_38.edf,1096.0,1100.0,0
chb01_38.edf,1100.0,1104.0,0
chb01_38.edf,1104.0,1108.0,0
chb01_38.edf,1108.0,1112.0,0
chb01_38.edf,1112.0,1116.0,0
chb01_38.edf,1116.0,1120.0,0
chb01_38.edf,1120.0,1124.0,0
chb01_38.edf,1124.0,1128.0,0
chb01_38.edf,1128.0,1132.0,0
chb01_38.edf,1132.0,1136.0,0
chb01_38.edf,1136.0,1140.0,0
chb01_38.edf,1140.0,1144.0,0
chb01_38.edf,1144.0,1148.0,0
chb01_38.edf,1148.0,1152.0,0
chb01_38.edf,1152.0,1156.0,0
chb01_38.edf,1156.0,1160.0,0
chb01_38.edf,1160.0,1164.0,0
chb01_38.edf,1164.0,1168.0,0
chb01_38.edf,1168.0,1172.0,0
chb01_38.edf,1172.0,1176.0,0
chb01_38.edf,1176.0,1180.0,0
chb01_38.edf,1180.0,1184.0,0
chb01_38.edf,1184.0,1188.0,0
chb01_38.edf,1188.0,1192.0,0
chb01_38.edf,1192.0,1196.0,0
chb01_38.edf,1196.0,1200.0,0
chb01_38.edf,1200.0,1204.0,0
chb01_38.edf,1204.0,1208.0,0
chb01_38.edf,1208.0,1212.0,0
chb01_38.edf,1212.0,1216.0,0
chb01_38.edf,1216.0,1220.0,0
chb01_38.edf,1220.0,1224.0,0
chb01_38.edf,1224.0,1228.0,0
chb01_38.edf,1228.0,1232.0,0
chb01_38.edf,1232.0,1236.0,0
chb01_38.edf,1236.0,1240.0,0
chb01_38.edf,1240.0,1244.0,0
chb01_38.edf,1244.0,1248.0,0
chb01_38.edf,1248.0,1252.0,0
chb01_38.edf,1252.0,1256.0,0
chb01_38.edf,1256.0,1260.0,0
chb01_38.edf,1260.0,1264.0,0
chb01_38.edf,1264.0,1268.0,0
chb01_38.edf,1268.0,1272.0,0
chb01_38.edf,1272.0,1276.0,0
chb01_38.edf,1276.0,1280.0,0
chb01_38.edf,1280.0,1284.0,0
chb01_38.edf,1284.0,1288.0,0
chb01_38.edf,1288.0,1292.0,0
chb01_38.edf,1292.0,1296.0,0
chb01_38.edf,1296.0,1300.0,0
chb01_38.edf,1300.0,1304.0,0
chb01_38.edf,1304.0,1308.0,0
chb01_38.edf,1308.0,1312.0,0
chb01_38.edf,1312.0,1316.0,0
chb01_38.edf,1316.0,1320.0,0
chb01_38.edf,1320.0,1324.0,0
chb01_38.edf,1324.0,1328.0,0
chb01_38.edf,1328.0,1332.0,0
chb01_38.edf,1332.0,1336.0,0
chb01_38.edf,1336.0,1340.0,0
chb01_38.edf,1340.0,1344.0,0
chb01_38.edf,1344.0,1348.0,0
chb01_38.edf,1348.0,1352.0,0
chb01_38.edf,1352.0,1356.0,0
chb01_38.edf,1356.0,1360.0,0
chb01_38.edf,1360.0,1364.0,0
chb01_38.edf,1364.0,1368.0,0
chb01_38.edf,1368.0,1372.0,0
chb01_38.edf,1372.0,1376.0,0
chb01_38.edf,1376.0,1380.0,0
chb01_38.edf,1380.0,1384.0,0
chb01_38.edf,1384.0,1388.0,0
chb01_38.edf,1388.0,1392.0,0
chb01_38.edf,1392.0,1396.0,0
chb01_38.edf,1396.0,1400.0,0
chb01_38.edf,1400.0,1404.0,0
chb01_38.edf,1404.0,1408.0,0
chb01_38.edf,1408.0,1412.0,0
chb01_38.edf,1412.0,1416.0,0
chb01_38.edf,1416.0,1420.0,0
chb01_38.edf,1420.0,1424.0,0
chb01_38.edf,1424.0,1428.0,0
chb01_38.edf,1428.0,1432.0,0
chb01_38.edf,1432.0,1436.0,0
chb01_38.edf,1436.0,1440.0,0
chb01_38.edf,1440.0,1444.0,0
chb01_38.edf,1444.0,1448.0,0
chb01_38.edf,1448.0,1452.0,0
chb01_38.edf,1452.0,1456.0,0
chb01_38.edf,1456.0,1460.0,0
chb01_38.edf,1460.0,1464.0,0
chb01_38.edf,1464.0,1468.0,0
chb01_38.edf,1468.0,1472.0,0
chb01_38.edf,1472.0,1476.0,0
chb01_38.edf,1476.0,1480.0,0
chb01_38.edf,1480.0,1484.0,0
chb01_38.edf,1484.0,1488.0,0
chb01_38.edf,1488.0,1492.0,0
chb01_38.edf,1492.0,1496.0,0
chb01_38.edf,1496.0,1500.0,0
chb01_38.edf,1500.0,1504.0,0
chb01_38.edf,1504.0,1508.0,0
chb01_38.edf,1508.0,1512.0,0
chb01_38.edf,1512.0,1516.0,0
chb01_38.edf,1516.0,1520.0,0
chb01_38.edf,1520.0,1524.0,0
chb01_38.edf,1524.0,1528.0,0
chb01_38.edf,1528.0,1532.0,0
chb01_38.edf,1532.0,1536.0,0
chb01_38.edf,1536.0,1540.0,0
chb01_38.edf,1540.0,1544.0,0
chb01_38.edf,1544.0,1548.0,0
chb01_38.edf,1548.0,1552.0,0
chb01_38.edf,1552.0,1556.0,0
chb01_38.edf,1556.0,1560.0,0
chb01_38.edf,1560.0,1564.0,0
chb01_38.edf,1564.0,1568.0,0
chb01_38.edf,1568.0,1572.0,0
chb01_38.edf,1572.0,1576.0,0
chb01_38.edf,1576.0,1580.0,0
chb01_38.edf,1580.0,1584.0,0
chb01_38.edf,1584.0,1588.0,0
chb01_38.edf,1588.0,1592.0,0
chb01_38.edf,1592.0,1596.0,0
chb01_38.edf,1596.0,1600.0,0
chb01_38.edf,1600.0,1604.0,0
chb01_38.edf,1604.0,1608.0,0
chb01_38.edf,1608.0,1612.0,0
chb01_38.edf,1612.0,1616.0,0
chb01_38.edf,1616.0,1620.0,0
chb01_38.edf,1620.0,1624.0,0
chb01_38.edf,1624.0,1628.0,0
chb01_38.edf,1628.0,1632.0,0
chb01_38.edf,1632.0,1636.0,0
chb01_38.edf,1636.0,1640.0,0
chb01_38.edf,1640.0,1644.0,0
chb01_38.edf,1644.0,1648.0,0
chb01_38.edf,1648.0,1652.0,0
chb01_38.edf,1652.0,1656.0,0
chb01_38.edf,1656.0,1660.0,0
chb01_38.edf,1660.0,1664.0,0
chb01_38.edf,1664.0,1668.0,0
chb01_38.edf,1668.0,1672.0,0
chb01_38.edf,1672.0,1676.0,0
chb01_38.edf,1676.0,1680.0,0
chb01_38.edf,1680.0,1684.0,0
chb01_38.edf,1684.0,1688.0,0
chb01_38.edf,1688.0,1692.0,0
chb01_38.edf,1692.0,1696.0,0
chb01_38.edf,1696.0,1700.0,0
chb01_38.edf,1700.0,1704.0,0
chb01_38.edf,1704.0,1708.0,0
chb01_38.edf,1708.0,1712.0,0
chb01_38.edf,1712.0,1716.0,0
chb01_38.edf,1716.0,1720.0,0
chb01_38.edf,1720.0,1724.0,0
chb01_38.edf,1724.0,1728.0,0
chb01_38.edf,1728.0,1732.0,0
chb01_38.edf,1732.0,1736.0,0
chb01_38.edf,1736.0,1740.0,0
chb01_38.edf,1740.0,1744.0,0
chb01_38.edf,1744.0,1748.0,0
chb01_38.edf,1748.0,1752.0,0
chb01_38.edf,1752.0,1756.0,0
chb01_38.edf,1756.0,1760.0,0
chb01_38.edf,1760.0,1764.0,0
chb01_38.edf,1764.0,1768.0,0
chb01_38.edf,1768.0,1772.0,0
chb01_38.edf,1772.0,1776.0,0
chb01_38.edf,1776.0,1780.0,0
chb01_38.edf,1780.0,1784.0,0
chb01_38.edf,1784.0,1788.0,0
chb01_38.edf,1788.0,1792.0,0
chb01_38.edf,1792.0,1796.0,0
chb01_38.edf,1796.0,1800.0,0
chb01_38.edf,1800.0,1804.0,0
chb01_38.edf,1804.0,1808.0,0
chb01_38.edf,1808.0,1812.0,0
chb01_38.edf,1812.0,1816.0,0
chb01_38.edf,1816.0,1820.0,0
chb01_38.edf,1820.0,1824.0,0
chb01_38.edf,1824.0,1828.0,0
chb01_38.edf,1828.0,1832.0,0
chb01_38.edf,1832.0,1836.0,0
chb01_38.edf,1836.0,1840.0,0
chb01_38.edf,1840.0,1844.0,0
chb01_38.edf,1844.0,1848.0,0
chb01_38.edf,1848.0,1852.0,0
chb01_38.edf,1852.0,1856.0,0
chb01_38.edf,1856.0,1860.0,0
chb01_38.edf,1860.0,1864.0,0
chb01_38.edf,1864.0,1868.0,0
chb01_38.edf,1868.0,1872.0,0
chb01_38.edf,1872.0,1876.0,0
chb01_38.edf,1876.0,1880.0,0
chb01_38.edf,1880.0,1884.0,0
chb01_38.edf,1884.0,1888.0,0
chb01_38.edf,1888.0,1892.0,0
chb01_38.edf,1892.0,1896.0,0
chb01_38.edf,1896.0,1900.0,0
chb01_38.edf,1900.0,1904.0,0
chb01_38.edf,1904.0,1908.0,0
chb01_38.edf,1908.0,1912.0,0
chb01_38.edf,1912.0,1916.0,0
chb01_38.edf,1916.0,1920.0,0
chb01_38.edf,1920.0,1924.0,0
chb01_38.edf,1924.0,1928.0,0
chb01_38.edf,1928.0,1932.0,0
chb01_38.edf,1932.0,1936.0,0
chb01_38.edf,1936.0,1940.0,0
chb01_38.edf,1940.0,1944.0,0
chb01_38.edf,1944.0,1948.0,0
chb01_38.edf,1948.0,1952.0,0
chb01_38.edf,1952.0,1956.0,0
chb01_38.edf,1956.0,1960.0,0
chb01_38.edf,1960.0,1964.0,0
chb01_38.edf,1964.0,1968.0,0
chb01_38.edf,1968.0,1972.0,0
chb01_38.edf,1972.0,1976.0,0
chb01_38.edf,1976.0,1980.0,0
chb01_38.edf,1980.0,1984.0,0
chb01_38.edf,1984.0,1988.0,0
chb01_38.edf,1988.0,1992.0,0
chb01_38.edf,1992.0,1996.0,0
chb01_38.edf,1996.0,2000.0,0
chb01_38.edf,2000.0,2004.0,0
chb01_38.edf,2004.0,2008.0,0
chb01_38.edf,2008.0,2012.0,0
chb01_38.edf,2012.0,2016.0,0
chb01_38.edf,2016.0,2020.0,0
chb01_38.edf,2020.0,2024.0,0
chb01_38.edf,2024.0,2028.0,0
chb01_38.edf,2028.0,2032.0,0
chb01_38.edf,2032.0,2036.0,0
chb01_38.edf,2036.0,2040.0,0
chb01_38.edf,2040.0,2044.0,0
chb01_38.edf,2044.0,2048.0,0
chb01_38.edf,2048.0,2052.0,0
chb01_38.edf,2052.0,2056.0,0
chb01_38.edf,2056.0,2060.0,0
chb01_38.edf,2060.0,2064.0,0
chb01_38.edf,2064.0,2068.0,0
chb01_38.edf,2068.0,2072.0,0
chb01_38.edf,2072.0,2076.0,0
chb01_38.edf,2076.0,2080.0,0
chb01_38.edf,2080.0,2084.0,0
chb01_38.edf,2084.0,2088.0,0
chb01_38.edf,2088.0,2092.0,0
chb01_38.edf,2092.0,2096.0,0
chb01_38.edf,2096.0,2100.0,0
chb01_38.edf,2100.0,2104.0,0
chb01_38.edf,2104.0,2108.0,0
chb01_38.edf,2108.0,2112.0,0
chb01_38.edf,2112.0,2116.0,0
chb01_38.edf,2116.0,2120.0,0
chb01_38.edf,2120.0,2124.0,0
chb01_38.edf,2124.0,2128.0,0
chb01_38.edf,2128.0,2132.0,0
chb01_38.edf,2132.0,2136.0,0
chb01_38.edf,2136.0,2140.0,0
chb01_38.edf,2140.0,2144.0,0
chb01_38.edf,2144.0,2148.0,0
chb01_38.edf,2148.0,2152.0,0
chb01_38.edf,2152.0,2156.0,0
chb01_38.edf,2156.0,2160.0,0
chb01_38.edf,2160.0,2164.0,0
chb01_38.edf,2164.0,2168.0,0
chb01_38.edf,2168.0,2172.0,0
chb01_38.edf,2172.0,2176.0,0
chb01_38.edf,2176.0,2180.0,0
chb01_38.edf,2180.0,2184.0,0
chb01_38.edf,2184.0,2188.0,0
chb01_38.edf,2188.0,2192.0,0
chb01_38.edf,2192.0,2196.0,0
chb01_38.edf,2196.0,2200.0,0
chb01_38.edf,2200.0,2204.0,0
chb01_38.edf,2204.0,2208.0,0
chb01_38.edf,2208.0,2212.0,0
chb01_38.edf,2212.0,2216.0,0
chb01_38.edf,2216.0,2220.0,0
chb01_38.edf,2220.0,2224.0,0
chb01_38.edf,2224.0,2228.0,0
chb01_38.edf,2228.0,2232.0,0
chb01_38.edf,2232.0,2236.0,0
chb01_38.edf,2236.0,2240.0,0
chb01_38.edf,2240.0,2244.0,0
chb01_38.edf,2244.0,2248.0,0
chb01_38.edf,2248.0,2252.0,0
chb01_38.edf,2252.0,2256.0,0
chb01_38.edf,2256.0,2260.0,0
chb01_38.edf,2260.0,2264.0,0
chb01_38.edf,2264.0,2268.0,0
chb01_38.edf,2268.0,2272.0,0
chb01_38.edf,2272.0,2276.0,0
chb01_38.edf,2276.0,2280.0,0
chb01_38.edf,2280.0,2284.0,0
chb01_38.edf,2284.0,2288.0,0
chb01_38.edf,2288.0,2292.0,0
chb01_38.edf,2292.0,2296.0,0
chb01_38.edf,2296.0,2300.0,0
chb01_38.edf,2300.0,2304.0,0
chb01_38.edf,2304.0,2308.0,0
chb01_38.edf,2308.0,2312.0,0
chb01_38.edf,2312.0,2316.0,0
chb01_38.edf,2316.0,2320.0,0
chb01_38.edf,2320.0,2324.0,0
chb01_38.edf,2324.0,2328.0,0
chb01_38.edf,2328.0,2332.0,0
chb01_38.edf,2332.0,2336.0,0
chb01_38.edf,2336.0,2340.0,0
chb01_38.edf,2340.0,2344.0,0
chb01_38.edf,2344.0,2348.0,0
chb01_38.edf,2348.0,2352.0,0
chb01_38.edf,2352.0,2356.0,0
chb01_38.edf,2356.0,2360.0,0
chb01_38.edf,2360.0,2364.0,0
chb01_38.edf,2364.0,2368.0,0
chb01_38.edf,2368.0,2372.0,0
chb01_38.edf,2372.0,2376.0,0
chb01_38.edf,2376.0,2380.0,0
chb01_38.edf,2380.0,2384.0,0
chb01_38.edf,2384.0,2388.0,0
chb01_38.edf,2388.0,2392.0,0
chb01_38.edf,2392.0,2396.0,0
chb01_38.edf,2396.0,2400.0,0
chb01_38.edf,2400.0,2404.0,0
chb01_38.edf,2404.0,2408.0,0
chb01_38.edf,2408.0,2412.0,0
chb01_38.edf,2412.0,2416.0,0
chb01_38.edf,2416.0,2420.0,0
chb01_38.edf,2420.0,2424.0,0
chb01_38.edf,2424.0,2428.0,0
chb01_38.edf,2428.0,2432.0,0
chb01_38.edf,2432.0,2436.0,0
chb01_38.edf,2436.0,2440.0,0
chb01_38.edf,2440.0,2444.0,0
chb01_38.edf,2444.0,2448.0,0
chb01_38.edf,2448.0,2452.0,0
chb01_38.edf,2452.0,2456.0,0
chb01_38.edf,2456.0,2460.0,0
chb01_38.edf,2460.0,2464.0,0
chb01_38.edf,2464.0,2468.0,0
chb01_38.edf,2468.0,2472.0,0
chb01_38.edf,2472.0,2476.0,0
chb01_38.edf,2476.0,2480.0,0
chb01_38.edf,2480.0,2484.0,0
chb01_38.edf,2484.0,2488.0,0
chb01_38.edf,2488.0,2492.0,0
chb01_38.edf,2492.0,2496.0,0
chb01_38.edf,2496.0,2500.0,0
chb01_38.edf,2500.0,2504.0,0
chb01_38.edf,2504.0,2508.0,0
chb01_38.edf,2508.0,2512.0,0
chb01_38.edf,2512.0,2516.0,0
chb01_38.edf,2516.0,2520.0,0
chb01_38.edf,2520.0,2524.0,0
chb01_38.edf,2524.0,2528.0,0
chb01_38.edf,2528.0,2532.0,0
chb01_38.edf,2532.0,2536.0,0
chb01_38.edf,2536.0,2540.0,0
chb01_38.edf,2540.0,2544.0,0
chb01_38.edf,2544.0,2548.0,0
chb01_38.edf,2548.0,2552.0,0
chb01_38.edf,2552.0,2556.0,0
chb01_38.edf,2556.0,2560.0,0
chb01_38.edf,2560.0,2564.0,0
chb01_38.edf,2564.0,2568.0,0
chb01_38.edf,2568.0,2572.0,0
chb01_38.edf,2572.0,2576.0,0
chb01_38.edf,2576.0,2580.0,0
chb01_38.edf,2580.0,2584.0,0
chb01_38.edf,2584.0,2588.0,0
chb01_38.edf,2588.0,2592.0,0
chb01_38.edf,2592.0,2596.0,0
chb01_38.edf,2596.0,2600.0,0
chb01_38.edf,2600.0,2604.0,0
chb01_38.edf,2604.0,2608.0,0
chb01_38.edf,2608.0,2612.0,0
chb01_38.edf,2612.0,2616.0,0
chb01_38.edf,2616.0,2620.0,0
chb01_38.edf,2620.0,2624.0,0
chb01_38.edf,2624.0,2628.0,0
chb01_38.edf,2628.0,2632.0,0
chb01_38.edf,2632.0,2636.0,0
chb01_38.edf,2636.0,2640.0,0
chb01_38.edf,2640.0,2644.0,0
chb01_38.edf,2644.0,2648.0,0
chb01_38.edf,2648.0,2652.0,0
chb01_38.edf,2652.0,2656.0,0
chb01_38.edf,2656.0,2660.0,0
chb01_38.edf,2660.0,2664.0,0
chb01_38.edf,2664.0,2668.0,0
chb01_38.edf,2668.0,2672.0,0
chb01_38.edf,2672.0,2676.0,0
chb01_38.edf,2676.0,2680.0,0
chb01_38.edf,2680.0,2684.0,0
chb01_38.edf,2684.0,2688.0,0
chb01_38.edf,2688.0,2692.0,0
chb01_38.edf,2692.0,2696.0,0
chb01_38.edf,2696.0,2700.0,0
chb01_38.edf,2700.0,2704.0,0
chb01_38.edf,2704.0,2708.0,0
chb01_38.edf,2708.0,2712.0,0
chb01_38.edf,2712.0,2716.0,0
chb01_38.edf,2716.0,2720.0,0
chb01_38.edf,2720.0,2724.0,0
chb01_38.edf,2724.0,2728.0,0
chb01_38.edf,2728.0,2732.0,0
chb01_38.edf,2732.0,2736.0,0
chb01_38.edf,2736.0,2740.0,0
chb01_38.edf,2740.0,2744.0,0
chb01_38.edf,2744.0,2748.0,0
chb01_38.edf,2748.0,2752.0,0
chb01_38.edf,2752.0,2756.0,0
chb01_38.edf,2756.0,2760.0,0
chb01_38.edf,2760.0,2764.0,0
chb01_38.edf,2764.0,2768.0,0
chb01_38.edf,2768.0,2772.0,0
chb01_38.edf,2772.0,2776.0,0
chb01_38.edf,2776.0,2780.0,0
chb01_38.edf,2780.0,2784.0,0
chb01_38.edf,2784.0,2788.0,0
chb01_38.edf,2788.0,2792.0,0
chb01_38.edf,2792.0,2796.0,0
chb01_38.edf,2796.0,2800.0,0
chb01_38.edf,2800.0,2804.0,0
chb01_38.edf,2804.0,2808.0,0
chb01_38.edf,2808.0,2812.0,0
chb01_38.edf,2812.0,2816.0,0
chb01_38.edf,2816.0,2820.0,0
chb01_38.edf,2820.0,2824.0,0
chb01_38.edf,2824.0,2828.0,0
chb01_38.edf,2828.0,2832.0,0
chb01_38.edf,2832.0,2836.0,0
chb01_38.edf,2836.0,2840.0,0
chb01_38.edf,2840.0,2844.0,0
chb01_38.edf,2844.0,2848.0,0
chb01_38.edf,2848.0,2852.0,0
chb01_38.edf,2852.0,2856.0,0
chb01_38.edf,2856.0,2860.0,0
chb01_38.edf,2860.0,2864.0,0
chb01_38.edf,2864.0,2868.0,0
chb01_38.edf,2868.0,2872.0,0
chb01_38.edf,2872.0,2876.0,0
chb01_38.edf,2876.0,2880.0,0
chb01_38.edf,2880.0,2884.0,0
chb01_38.edf,2884.0,2888.0,0
chb01_38.edf,2888.0,2892.0,0
chb01_38.edf,2892.0,2896.0,0
chb01_38.edf,2896.0,2900.0,0
chb01_38.edf,2900.0,2904.0,0
chb01_38.edf,2904.0,2908.0,0
chb01_38.edf,2908.0,2912.0,0
chb01_38.edf,2912.0,2916.0,0
chb01_38.edf,2916.0,2920.0,0
chb01_38.edf,2920.0,2924.0,0
chb01_38.edf,2924.0,2928.0,0
chb01_38.edf,2928.0,2932.0,0
chb01_38.edf,2932.0,2936.0,0
chb01_38.edf,2936.0,2940.0,0
chb01_38.edf,2940.0,2944.0,0
chb01_38.edf,2944.0,2948.0,0
chb01_38.edf,2948.0,2952.0,0
chb01_38.edf,2952.0,2956.0,0
chb01_38.edf,2956.0,2960.0,0
chb01_38.edf,2960.0,2964.0,0
chb01_38.edf,2964.0,2968.0,0
chb01_38.edf,2968.0,2972.0,0
chb01_38.edf,2972.0,2976.0,0
chb01_38.edf,2976.0,2980.0,0
chb01_38.edf,2980.0,2984.0,0
chb01_38.edf,2984.0,2988.0,0
chb01_38.edf,2988.0,2992.0,0
chb01_38.edf,2992.0,2996.0,0
chb01_38.edf,2996.0,3000.0,0
chb01_38.edf,3000.0,3004.0,0
chb01_38.edf,3004.0,3008.0,0
chb01_38.edf,3008.0,3012.0,0
chb01_38.edf,3012.0,3016.0,0
chb01_38.edf,3016.0,3020.0,0
chb01_38.edf,3020.0,3024.0,0
chb01_38.edf,3024.0,3028.0,0
chb01_38.edf,3028.0,3032.0,0
chb01_38.edf,3032.0,3036.0,0
chb01_38.edf,3036.0,3040.0,0
chb01_38.edf,3040.0,3044.0,0
chb01_38.edf,3044.0,3048.0,0
chb01_38.edf,3048.0,3052.0,0
chb01_38.edf,3052.0,3056.0,0
chb01_38.edf,3056.0,3060.0,0
chb01_38.edf,3060.0,3064.0,0
chb01_38.edf,3064.0,3068.0,0
chb01_38.edf,3068.0,3072.0,0
chb01_38.edf,3072.0,3076.0,0
chb01_38.edf,3076.0,3080.0,0
chb01_38.edf,3080.0,3084.0,0
chb01_38.edf,3084.0,3088.0,0
chb01_38.edf,3088.0,3092.0,0
chb01_38.edf,3092.0,3096.0,0
chb01_38.edf,3096.0,3100.0,0
chb01_38.edf,3100.0,3104.0,0
chb01_38.edf,3104.0,3108.0,0
chb01_38.edf,3108.0,3112.0,0
chb01_38.edf,3112.0,3116.0,0
chb01_38.edf,3116.0,3120.0,0
chb01_38.edf,3120.0,3124.0,0
chb01_38.edf,3124.0,3128.0,0
chb01_38.edf,3128.0,3132.0,0
chb01_38.edf,3132.0,3136.0,0
chb01_38.edf,3136.0,3140.0,0
chb01_38.edf,3140.0,3144.0,0
chb01_38.edf,3144.0,3148.0,0
chb01_38.edf,3148.0,3152.0,0
chb01_38.edf,3152.0,3156.0,0
chb01_38.edf,3156.0,3160.0,0
chb01_38.edf,3160.0,3164.0,0
chb01_38.edf,3164.0,3168.0,0
chb01_38.edf,3168.0,3172.0,0
chb01_38.edf,3172.0,3176.0,0
chb01_38.edf,3176.0,3180.0,0
chb01_38.edf,3180.0,3184.0,0
chb01_38.edf,3184.0,3188.0,0
chb01_38.edf,3188.0,3192.0,0
chb01_38.edf,3192.0,3196.0,0
chb01_38.edf,3196.0,3200.0,0
chb01_38.edf,3200.0,3204.0,0
chb01_38.edf,3204.0,3208.0,0
chb01_38.edf,3208.0,3212.0,0
chb01_38.edf,3212.0,3216.0,0
chb01_38.edf,3216.0,3220.0,0
chb01_38.edf,3220.0,3224.0,0
chb01_38.edf,3224.0,3228.0,0
chb01_38.edf,3228.0,3232.0,0
chb01_38.edf,3232.0,3236.0,0
chb01_38.edf,3236.0,3240.0,0
chb01_38.edf,3240.0,3244.0,0
chb01_38.edf,3244.0,3248.0,0
chb01_38.edf,3248.0,3252.0,0
chb01_38.edf,3252.0,3256.0,0
chb01_38.edf,3256.0,3260.0,0
chb01_38.edf,3260.0,3264.0,0
chb01_38.edf,3264.0,3268.0,0
chb01_38.edf,3268.0,3272.0,0
chb01_38.edf,3272.0,3276.0,0
chb01_38.edf,3276.0,3280.0,0
chb01_38.edf,3280.0,3284.0,0
chb01_38.edf,3284.0,3288.0,0
chb01_38.edf,3288.0,3292.0,0
chb01_38.edf,3292.0,3296.0,0
chb01_38.edf,3296.0,3300.0,0
chb01_38.edf,3300.0,3304.0,0
chb01_38.edf,3304.0,3308.0,0
chb01_38.edf,3308.0,3312.0,0
chb01_38.edf,3312.0,3316.0,0
chb01_38.edf,3316.0,3320.0,0
chb01_38.edf,3320.0,3324.0,0
chb01_38.edf,3324.0,3328.0,0
chb01_38.edf,3328.0,3332.0,0
chb01_38.edf,3332.0,3336.0,0
chb01_38.edf,3336.0,3340.0,0
chb01_38.edf,3340.0,3344.0,0
chb01_38.edf,3344.0,3348.0,0
chb01_38.edf,3348.0,3352.0,0
chb01_38.edf,3352.0,3356.0,0
chb01_38.edf,3356.0,3360.0,0
chb01_38.edf,3360.0,3364.0,0
chb01_38.edf,3364.0,3368.0,0
chb01_38.edf,3368.0,3372.0,0
chb01_38.edf,3372.0,3376.0,0
chb01_38.edf,3376.0,3380.0,0
chb01_38.edf,3380.0,3384.0,0
chb01_38.edf,3384.0,3388.0,0
chb01_38.edf,3388.0,3392.0,0
chb01_38.edf,3392.0,3396.0,0
chb01_38.edf,3396.0,3400.0,0
chb01_38.edf,3400.0,3404.0,0
chb01_38.edf,3404.0,3408.0,0
chb01_38.edf,3408.0,3412.0,0
chb01_38.edf,3412.0,3416.0,0
chb01_38.edf,3416.0,3420.0,0
chb01_38.edf,3420.0,3424.0,0
chb01_38.edf,3424.0,3428.0,0
chb01_38.edf,3428.0,3432.0,0
chb01_38.edf,3432.0,3436.0,0
chb01_38.edf,3436.0,3440.0,0
chb01_38.edf,3440.0,3444.0,0
chb01_38.edf,3444.0,3448.0,0
chb01_38.edf,3448.0,3452.0,0
chb01_38.edf,3452.0,3456.0,0
chb01_38.edf,3456.0,3460.0,0
chb01_38.edf,3460.0,3464.0,0
chb01_38.edf,3464.0,3468.0,0
chb01_38.edf,3468.0,3472.0,0
chb01_38.edf,3472.0,3476.0,0
chb01_38.edf,3476.0,3480.0,0
chb01_38.edf,3480.0,3484.0,0
chb01_38.edf,3484.0,3488.0,0
chb01_38.edf,3488.0,3492.0,0
chb01_38.edf,3492.0,3496.0,0
chb01_38.edf,3496.0,3500.0,0
chb01_38.edf,3500.0,3504.0,0
chb01_38.edf,3504.0,3508.0,0
chb01_38.edf,3508.0,3512.0,0
chb01_38.edf,3512.0,3516.0,0
chb01_38.edf,3516.0,3520.0,0
chb01_38.edf,3520.0,3524.0,0
chb01_38.edf,3524.0,3528.0,0
chb01_38.edf,3528.0,3532.0,0
chb01_38.edf,3532.0,3536.0,0
chb01_38.edf,3536.0,3540.0,0
chb01_38.edf,3540.0,3544.0,0
chb01_38.edf,3544.0,3548.0,0
chb01_38.edf,3548.0,3552.0,0
chb01_38.edf,3552.0,3556.0,0
chb01_38.edf,3556.0,3560.0,0
chb01_38.edf,3560.0,3564.0,0
chb01_38.edf,3564.0,3568.0,0
chb01_38.edf,3568.0,3572.0,0
chb01_38.edf,3572.0,3576.0,0
chb01_38.edf,3576.0,3580.0,0
chb01_38.edf,3580.0,3584.0,0
chb01_38.edf,3584.0,3588.0,0
chb01_38.edf,3588.0,3592.0,0
chb01_38.edf,3592.0,3596.0,0
chb01_38.edf,3596.0,3600.0,0
chb01_39.edf,0.0,4.0,0
chb01_39.edf,4.0,8.0,0
chb01_39.edf,8.0,12.0,0
chb01_39.edf,12.0,16.0,0
chb01_39.edf,16.0,20.0,0
chb01_39.edf,20.0,24.0,0
chb01_39.edf,24.0,28.0,0
chb01_39.edf,28.0,32.0,0
chb01_39.edf,32.0,36.0,0
chb01_39.edf,36.0,40.0,0
chb01_39.edf,40.0,44.0,0
chb01_39.edf,44.0,48.0,0
chb01_39.edf,48.0,52.0,0
chb01_39.edf,52.0,56.0,0
chb01_39.edf,56.0,60.0,0
chb01_39.edf,60.0,64.0,0
chb01_39.edf,64.0,68.0,0
chb01_39.edf,68.0,72.0,0
chb01_39.edf,72.0,76.0,0
chb01_39.edf,76.0,80.0,0
chb01_39.edf,80.0,84.0,0
chb01_39.edf,84.0,88.0,0
chb01_39.edf,88.0,92.0,0
chb01_39.edf,92.0,96.0,0
chb01_39.edf,96.0,100.0,0
chb01_39.edf,100.0,104.0,0
chb01_39.edf,104.0,108.0,0
chb01_39.edf,108.0,112.0,0
chb01_39.edf,112.0,116.0,0
chb01_39.edf,116.0,120.0,0
chb01_39.edf,120.0,124.0,0
chb01_39.edf,124.0,128.0,0
chb01_39.edf,128.0,132.0,0
chb01_39.edf,132.0,136.0,0
chb01_39.edf,136.0,140.0,0
chb01_39.edf,140.0,144.0,0
chb01_39.edf,144.0,148.0,0
chb01_39.edf,148.0,152.0,0
chb01_39.edf,152.0,156.0,0
chb01_39.edf,156.0,160.0,0
chb01_39.edf,160.0,164.0,0
chb01_39.edf,164.0,168.0,0
chb01_39.edf,168.0,172.0,0
chb01_39.edf,172.0,176.0,0
chb01_39.edf,176.0,180.0,0
chb01_39.edf,180.0,184.0,0
chb01_39.edf,184.0,188.0,0
chb01_39.edf,188.0,192.0,0
chb01_39.edf,192.0,196.0,0
chb01_39.edf,196.0,200.0,0
chb01_39.edf,200.0,204.0,0
chb01_39.edf,204.0,208.0,0
chb01_39.edf,208.0,212.0,0
chb01_39.edf,212.0,216.0,0
chb01_39.edf,216.0,220.0,0
chb01_39.edf,220.0,224.0,0
chb01_39.edf,224.0,228.0,0
chb01_39.edf,228.0,232.0,0
chb01_39.edf,232.0,236.0,0
chb01_39.edf,236.0,240.0,0
chb01_39.edf,240.0,244.0,0
chb01_39.edf,244.0,248.0,0
chb01_39.edf,248.0,252.0,0
chb01_39.edf,252.0,256.0,0
chb01_39.edf,256.0,260.0,0
chb01_39.edf,260.0,264.0,0
chb01_39.edf,264.0,268.0,0
chb01_39.edf,268.0,272.0,0
chb01_39.edf,272.0,276.0,0
chb01_39.edf,276.0,280.0,0
chb01_39.edf,280.0,284.0,0
chb01_39.edf,284.0,288.0,0
chb01_39.edf,288.0,292.0,0
chb01_39.edf,292.0,296.0,0
chb01_39.edf,296.0,300.0,0
chb01_39.edf,300.0,304.0,0
chb01_39.edf,304.0,308.0,0
chb01_39.edf,308.0,312.0,0
chb01_39.edf,312.0,316.0,0
chb01_39.edf,316.0,320.0,0
chb01_39.edf,320.0,324.0,0
chb01_39.edf,324.0,328.0,0
chb01_39.edf,328.0,332.0,0
chb01_39.edf,332.0,336.0,0
chb01_39.edf,336.0,340.0,0
chb01_39.edf,340.0,344.0,0
chb01_39.edf,344.0,348.0,0
chb01_39.edf,348.0,352.0,0
chb01_39.edf,352.0,356.0,0
chb01_39.edf,356.0,360.0,0
chb01_39.edf,360.0,364.0,0
chb01_39.edf,364.0,368.0,0
chb01_39.edf,368.0,372.0,0
chb01_39.edf,372.0,376.0,0
chb01_39.edf,376.0,380.0,0
chb01_39.edf,380.0,384.0,0
chb01_39.edf,384.0,388.0,0
chb01_39.edf,388.0,392.0,0
chb01_39.edf,392.0,396.0,0
chb01_39.edf,396.0,400.0,0
chb01_39.edf,400.0,404.0,0
chb01_39.edf,404.0,408.0,0
chb01_39.edf,408.0,412.0,0
chb01_39.edf,412.0,416.0,0
chb01_39.edf,416.0,420.0,0
chb01_39.edf,420.0,424.0,0
chb01_39.edf,424.0,428.0,0
chb01_39.edf,428.0,432.0,0
chb01_39.edf,432.0,436.0,0
chb01_39.edf,436.0,440.0,0
chb01_39.edf,440.0,444.0,0
chb01_39.edf,444.0,448.0,0
chb01_39.edf,448.0,452.0,0
chb01_39.edf,452.0,456.0,0
chb01_39.edf,456.0,460.0,0
chb01_39.edf,460.0,464.0,0
chb01_39.edf,464.0,468.0,0
chb01_39.edf,468.0,472.0,0
chb01_39.edf,472.0,476.0,0
chb01_39.edf,476.0,480.0,0
chb01_39.edf,480.0,484.0,0
chb01_39.edf,484.0,488.0,0
chb01_39.edf,488.0,492.0,0
chb01_39.edf,492.0,496.0,0
chb01_39.edf,496.0,500.0,0
chb01_39.edf,500.0,504.0,0
chb01_39.edf,504.0,508.0,0
chb01_39.edf,508.0,512.0,0
chb01_39.edf,512.0,516.0,0
chb01_39.edf,516.0,520.0,0
chb01_39.edf,520.0,524.0,0
chb01_39.edf,524.0,528.0,0
chb01_39.edf,528.0,532.0,0
chb01_39.edf,532.0,536.0,0
chb01_39.edf,536.0,540.0,0
chb01_39.edf,540.0,544.0,0
chb01_39.edf,544.0,548.0,0
chb01_39.edf,548.0,552.0,0
chb01_39.edf,552.0,556.0,0
chb01_39.edf,556.0,560.0,0
chb01_39.edf,560.0,564.0,0
chb01_39.edf,564.0,568.0,0
chb01_39.edf,568.0,572.0,0
chb01_39.edf,572.0,576.0,0
chb01_39.edf,576.0,580.0,0
chb01_39.edf,580.0,584.0,0
chb01_39.edf,584.0,588.0,0
chb01_39.edf,588.0,592.0,0
chb01_39.edf,592.0,596.0,0
chb01_39.edf,596.0,600.0,0
chb01_39.edf,600.0,604.0,0
chb01_39.edf,604.0,608.0,0
chb01_39.edf,608.0,612.0,0
chb01_39.edf,612.0,616.0,0
chb01_39.edf,616.0,620.0,0
chb01_39.edf,620.0,624.0,0
chb01_39.edf,624.0,628.0,0
chb01_39.edf,628.0,632.0,0
chb01_39.edf,632.0,636.0,0
chb01_39.edf,636.0,640.0,0
chb01_39.edf,640.0,644.0,0
chb01_39.edf,644.0,648.0,0
chb01_39.edf,648.0,652.0,0
chb01_39.edf,652.0,656.0,0
chb01_39.edf,656.0,660.0,0
chb01_39.edf,660.0,664.0,0
chb01_39.edf,664.0,668.0,0
chb01_39.edf,668.0,672.0,0
chb01_39.edf,672.0,676.0,0
chb01_39.edf,676.0,680.0,0
chb01_39.edf,680.0,684.0,0
chb01_39.edf,684.0,688.0,0
chb01_39.edf,688.0,692.0,0
chb01_39.edf,692.0,696.0,0
chb01_39.edf,696.0,700.0,0
chb01_39.edf,700.0,704.0,0
chb01_39.edf,704.0,708.0,0
chb01_39.edf,708.0,712.0,0
chb01_39.edf,712.0,716.0,0
chb01_39.edf,716.0,720.0,0
chb01_39.edf,720.0,724.0,0
chb01_39.edf,724.0,728.0,0
chb01_39.edf,728.0,732.0,0
chb01_39.edf,732.0,736.0,0
chb01_39.edf,736.0,740.0,0
chb01_39.edf,740.0,744.0,0
chb01_39.edf,744.0,748.0,0
chb01_39.edf,748.0,752.0,0
chb01_39.edf,752.0,756.0,0
chb01_39.edf,756.0,760.0,0
chb01_39.edf,760.0,764.0,0
chb01_39.edf,764.0,768.0,0
chb01_39.edf,768.0,772.0,0
chb01_39.edf,772.0,776.0,0
chb01_39.edf,776.0,780.0,0
chb01_39.edf,780.0,784.0,0
chb01_39.edf,784.0,788.0,0
chb01_39.edf,788.0,792.0,0
chb01_39.edf,792.0,796.0,0
chb01_39.edf,796.0,800.0,0
chb01_39.edf,800.0,804.0,0
chb01_39.edf,804.0,808.0,0
chb01_39.edf,808.0,812.0,0
chb01_39.edf,812.0,816.0,0
chb01_39.edf,816.0,820.0,0
chb01_39.edf,820.0,824.0,0
chb01_39.edf,824.0,828.0,0
chb01_39.edf,828.0,832.0,0
chb01_39.edf,832.0,836.0,0
chb01_39.edf,836.0,840.0,0
chb01_39.edf,840.0,844.0,0
chb01_39.edf,844.0,848.0,0
chb01_39.edf,848.0,852.0,0
chb01_39.edf,852.0,856.0,0
chb01_39.edf,856.0,860.0,0
chb01_39.edf,860.0,864.0,0
chb01_39.edf,864.0,868.0,0
chb01_39.edf,868.0,872.0,0
chb01_39.edf,872.0,876.0,0
chb01_39.edf,876.0,880.0,0
chb01_39.edf,880.0,884.0,0
chb01_39.edf,884.0,888.0,0
chb01_39.edf,888.0,892.0,0
chb01_39.edf,892.0,896.0,0
chb01_39.edf,896.0,900.0,0
chb01_39.edf,900.0,904.0,0
chb01_39.edf,904.0,908.0,0
chb01_39.edf,908.0,912.0,0
chb01_39.edf,912.0,916.0,0
chb01_39.edf,916.0,920.0,0
chb01_39.edf,920.0,924.0,0
chb01_39.edf,924.0,928.0,0
chb01_39.edf,928.0,932.0,0
chb01_39.edf,932.0,936.0,0
chb01_39.edf,936.0,940.0,0
chb01_39.edf,940.0,944.0,0
chb01_39.edf,944.0,948.0,0
chb01_39.edf,948.0,952.0,0
chb01_39.edf,952.0,956.0,0
chb01_39.edf,956.0,960.0,0
chb01_39.edf,960.0,964.0,0
chb01_39.edf,964.0,968.0,0
chb01_39.edf,968.0,972.0,0
chb01_39.edf,972.0,976.0,0
chb01_39.edf,976.0,980.0,0
chb01_39.edf,980.0,984.0,0
chb01_39.edf,984.0,988.0,0
chb01_39.edf,988.0,992.0,0
chb01_39.edf,992.0,996.0,0
chb01_39.edf,996.0,1000.0,0
chb01_39.edf,1000.0,1004.0,0
chb01_39.edf,1004.0,1008.0,0
chb01_39.edf,1008.0,1012.0,0
chb01_39.edf,1012.0,1016.0,0
chb01_39.edf,1016.0,1020.0,0
chb01_39.edf,1020.0,1024.0,0
chb01_39.edf,1024.0,1028.0,0
chb01_39.edf,1028.0,1032.0,0
chb01_39.edf,1032.0,1036.0,0
chb01_39.edf,1036.0,1040.0,0
chb01_39.edf,1040.0,1044.0,0
chb01_39.edf,1044.0,1048.0,0
chb01_39.edf,1048.0,1052.0,0
chb01_39.edf,1052.0,1056.0,0
chb01_39.edf,1056.0,1060.0,0
chb01_39.edf,1060.0,1064.0,0
chb01_39.edf,1064.0,1068.0,0
chb01_39.edf,1068.0,1072.0,0
chb01_39.edf,1072.0,1076.0,0
chb01_39.edf,1076.0,1080.0,0
chb01_39.edf,1080.0,1084.0,0
chb01_39.edf,1084.0,1088.0,0
chb01_39.edf,1088.0,1092.0,0
chb01_39.edf,1092.0,1096.0,0
chb01_39.edf,1096.0,1100.0,0
chb01_39.edf,1100.0,1104.0,0
chb01_39.edf,1104.0,1108.0,0
chb01_39.edf,1108.0,1112.0,0
chb01_39.edf,1112.0,1116.0,0
chb01_39.edf,1116.0,1120.0,0
chb01_39.edf,1120.0,1124.0,0
chb01_39.edf,1124.0,1128.0,0
chb01_39.edf,1128.0,1132.0,0
chb01_39.edf,1132.0,1136.0,0
chb01_39.edf,1136.0,1140.0,0
chb01_39.edf,1140.0,1144.0,0
chb01_39.edf,1144.0,1148.0,0
chb01_39.edf,1148.0,1152.0,0
chb01_39.edf,1152.0,1156.0,0
chb01_39.edf,1156.0,1160.0,0
chb01_39.edf,1160.0,1164.0,0
chb01_39.edf,1164.0,1168.0,0
chb01_39.edf,1168.0,1172.0,0
chb01_39.edf,1172.0,1176.0,0
chb01_39.edf,1176.0,1180.0,0
chb01_39.edf,1180.0,1184.0,0
chb01_39.edf,1184.0,1188.0,0
chb01_39.edf,1188.0,1192.0,0
chb01_39.edf,1192.0,1196.0,0
chb01_39.edf,1196.0,1200.0,0
chb01_39.edf,1200.0,1204.0,0
chb01_39.edf,1204.0,1208.0,0
chb01_39.edf,1208.0,1212.0,0
chb01_39.edf,1212.0,1216.0,0
chb01_39.edf,1216.0,1220.0,0
chb01_39.edf,1220.0,1224.0,0
chb01_39.edf,1224.0,1228.0,0
chb01_39.edf,1228.0,1232.0,0
chb01_39.edf,1232.0,1236.0,0
chb01_39.edf,1236.0,1240.0,0
chb01_39.edf,1240.0,1244.0,0
chb01_39.edf,1244.0,1248.0,0
chb01_39.edf,1248.0,1252.0,0
chb01_39.edf,1252.0,1256.0,0
chb01_39.edf,1256.0,1260.0,0
chb01_39.edf,1260.0,1264.0,0
chb01_39.edf,1264.0,1268.0,0
chb01_39.edf,1268.0,1272.0,0
chb01_39.edf,1272.0,1276.0,0
chb01_39.edf,1276.0,1280.0,0
chb01_39.edf,1280.0,1284.0,0
chb01_39.edf,1284.0,1288.0,0
chb01_39.edf,1288.0,1292.0,0
chb01_39.edf,1292.0,1296.0,0
chb01_39.edf,1296.0,1300.0,0
chb01_39.edf,1300.0,1304.0,0
chb01_39.edf,1304.0,1308.0,0
chb01_39.edf,1308.0,1312.0,0
chb01_39.edf,1312.0,1316.0,0
chb01_39.edf,1316.0,1320.0,0
chb01_39.edf,1320.0,1324.0,0
chb01_39.edf,1324.0,1328.0,0
chb01_39.edf,1328.0,1332.0,0
chb01_39.edf,1332.0,1336.0,0
chb01_39.edf,1336.0,1340.0,0
chb01_39.edf,1340.0,1344.0,0
chb01_39.edf,1344.0,1348.0,0
chb01_39.edf,1348.0,1352.0,0
chb01_39.edf,1352.0,1356.0,0
chb01_39.edf,1356.0,1360.0,0
chb01_39.edf,1360.0,1364.0,0
chb01_39.edf,1364.0,1368.0,0
chb01_39.edf,1368.0,1372.0,0
chb01_39.edf,1372.0,1376.0,0
chb01_39.edf,1376.0,1380.0,0
chb01_39.edf,1380.0,1384.0,0
chb01_39.edf,1384.0,1388.0,0
chb01_39.edf,1388.0,1392.0,0
chb01_39.edf,1392.0,1396.0,0
chb01_39.edf,1396.0,1400.0,0
chb01_39.edf,1400.0,1404.0,0
chb01_39.edf,1404.0,1408.0,0
chb01_39.edf,1408.0,1412.0,0
chb01_39.edf,1412.0,1416.0,0
chb01_39.edf,1416.0,1420.0,0
chb01_39.edf,1420.0,1424.0,0
chb01_39.edf,1424.0,1428.0,0
chb01_39.edf,1428.0,1432.0,0
chb01_39.edf,1432.0,1436.0,0
chb01_39.edf,1436.0,1440.0,0
chb01_39.edf,1440.0,1444.0,0
chb01_39.edf,1444.0,1448.0,0
chb01_39.edf,1448.0,1452.0,0
chb01_39.edf,1452.0,1456.0,0
chb01_39.edf,1456.0,1460.0,0
chb01_39.edf,1460.0,1464.0,0
chb01_39.edf,1464.0,1468.0,0
chb01_39.edf,1468.0,1472.0,0
chb01_39.edf,1472.0,1476.0,0
chb01_39.edf,1476.0,1480.0,0
chb01_39.edf,1480.0,1484.0,0
chb01_39.edf,1484.0,1488.0,0
chb01_39.edf,1488.0,1492.0,0
chb01_39.edf,1492.0,1496.0,0
chb01_39.edf,1496.0,1500.0,0
chb01_39.edf,1500.0,1504.0,0
chb01_39.edf,1504.0,1508.0,0
chb01_39.edf,1508.0,1512.0,0
chb01_39.edf,1512.0,1516.0,0
chb01_39.edf,1516.0,1520.0,0
chb01_39.edf,1520.0,1524.0,0
chb01_39.edf,1524.0,1528.0,0
chb01_39.edf,1528.0,1532.0,0
chb01_39.edf,1532.0,1536.0,0
chb01_39.edf,1536.0,1540.0,0
chb01_39.edf,1540.0,1544.0,0
chb01_39.edf,1544.0,1548.0,0
chb01_39.edf,1548.0,1552.0,0
chb01_39.edf,1552.0,1556.0,0
chb01_39.edf,1556.0,1560.0,0
chb01_39.edf,1560.0,1564.0,0
chb01_39.edf,1564.0,1568.0,0
chb01_39.edf,1568.0,1572.0,0
chb01_39.edf,1572.0,1576.0,0
chb01_39.edf,1576.0,1580.0,0
chb01_39.edf,1580.0,1584.0,0
chb01_39.edf,1584.0,1588.0,0
chb01_39.edf,1588.0,1592.0,0
chb01_39.edf,1592.0,1596.0,0
chb01_39.edf,1596.0,1600.0,0
chb01_39.edf,1600.0,1604.0,0
chb01_39.edf,1604.0,1608.0,0
chb01_39.edf,1608.0,1612.0,0
chb01_39.edf,1612.0,1616.0,0
chb01_39.edf,1616.0,1620.0,0
chb01_39.edf,1620.0,1624.0,0
chb01_39.edf,1624.0,1628.0,0
chb01_39.edf,1628.0,1632.0,0
chb01_39.edf,1632.0,1636.0,0
chb01_39.edf,1636.0,1640.0,0
chb01_39.edf,1640.0,1644.0,0
chb01_39.edf,1644.0,1648.0,0
chb01_39.edf,1648.0,1652.0,0
chb01_39.edf,1652.0,1656.0,0
chb01_39.edf,1656.0,1660.0,0
chb01_39.edf,1660.0,1664.0,0
chb01_39.edf,1664.0,1668.0,0
chb01_39.edf,1668.0,1672.0,0
chb01_39.edf,1672.0,1676.0,0
chb01_39.edf,1676.0,1680.0,0
chb01_39.edf,1680.0,1684.0,0
chb01_39.edf,1684.0,1688.0,0
chb01_39.edf,1688.0,1692.0,0
chb01_39.edf,1692.0,1696.0,0
chb01_39.edf,1696.0,1700.0,0
chb01_39.edf,1700.0,1704.0,0
chb01_39.edf,1704.0,1708.0,0
chb01_39.edf,1708.0,1712.0,0
chb01_39.edf,1712.0,1716.0,0
chb01_39.edf,1716.0,1720.0,0
chb01_39.edf,1720.0,1724.0,0
chb01_39.edf,1724.0,1728.0,0
chb01_39.edf,1728.0,1732.0,0
chb01_39.edf,1732.0,1736.0,0
chb01_39.edf,1736.0,1740.0,0
chb01_39.edf,1740.0,1744.0,0
chb01_39.edf,1744.0,1748.0,0
chb01_39.edf,1748.0,1752.0,0
chb01_39.edf,1752.0,1756.0,0
chb01_39.edf,1756.0,1760.0,0
chb01_39.edf,1760.0,1764.0,0
chb01_39.edf,1764.0,1768.0,0
chb01_39.edf,1768.0,1772.0,0
chb01_39.edf,1772.0,1776.0,0
chb01_39.edf,1776.0,1780.0,0
chb01_39.edf,1780.0,1784.0,0
chb01_39.edf,1784.0,1788.0,0
chb01_39.edf,1788.0,1792.0,0
chb01_39.edf,1792.0,1796.0,0
chb01_39.edf,1796.0,1800.0,0
chb01_39.edf,1800.0,1804.0,0
chb01_39.edf,1804.0,1808.0,0
chb01_39.edf,1808.0,1812.0,0
chb01_39.edf,1812.0,1816.0,0
chb01_39.edf,1816.0,1820.0,0
chb01_39.edf,1820.0,1824.0,0
chb01_39.edf,1824.0,1828.0,0
chb01_39.edf,1828.0,1832.0,0
chb01_39.edf,1832.0,1836.0,0
chb01_39.edf,1836.0,1840.0,0
chb01_39.edf,1840.0,1844.0,0
chb01_39.edf,1844.0,1848.0,0
chb01_39.edf,1848.0,1852.0,0
chb01_39.edf,1852.0,1856.0,0
chb01_39.edf,1856.0,1860.0,0
chb01_39.edf,1860.0,1864.0,0
chb01_39.edf,1864.0,1868.0,0
chb01_39.edf,1868.0,1872.0,0
chb01_39.edf,1872.0,1876.0,0
chb01_39.edf,1876.0,1880.0,0
chb01_39.edf,1880.0,1884.0,0
chb01_39.edf,1884.0,1888.0,0
chb01_39.edf,1888.0,1892.0,0
chb01_39.edf,1892.0,1896.0,0
chb01_39.edf,1896.0,1900.0,0
chb01_39.edf,1900.0,1904.0,0
chb01_39.edf,1904.0,1908.0,0
chb01_39.edf,1908.0,1912.0,0
chb01_39.edf,1912.0,1916.0,0
chb01_39.edf,1916.0,1920.0,0
chb01_39.edf,1920.0,1924.0,0
chb01_39.edf,1924.0,1928.0,0
chb01_39.edf,1928.0,1932.0,0
chb01_39.edf,1932.0,1936.0,0
chb01_39.edf,1936.0,1940.0,0
chb01_39.edf,1940.0,1944.0,0
chb01_39.edf,1944.0,1948.0,0
chb01_39.edf,1948.0,1952.0,0
chb01_39.edf,1952.0,1956.0,0
chb01_39.edf,1956.0,1960.0,0
chb01_39.edf,1960.0,1964.0,0
chb01_39.edf,1964.0,1968.0,0
chb01_39.edf,1968.0,1972.0,0
chb01_39.edf,1972.0,1976.0,0
chb01_39.edf,1976.0,1980.0,0
chb01_39.edf,1980.0,1984.0,0
chb01_39.edf,1984.0,1988.0,0
chb01_39.edf,1988.0,1992.0,0
chb01_39.edf,1992.0,1996.0,0
chb01_39.edf,1996.0,2000.0,0
chb01_39.edf,2000.0,2004.0,0
chb01_39.edf,2004.0,2008.0,0
chb01_39.edf,2008.0,2012.0,0
chb01_39.edf,2012.0,2016.0,0
chb01_39.edf,2016.0,2020.0,0
chb01_39.edf,2020.0,2024.0,0
chb01_39.edf,2024.0,2028.0,0
chb01_39.edf,2028.0,2032.0,0
chb01_39.edf,2032.0,2036.0,0
chb01_39.edf,2036.0,2040.0,0
chb01_39.edf,2040.0,2044.0,0
chb01_39.edf,2044.0,2048.0,0
chb01_39.edf,2048.0,2052.0,0
chb01_39.edf,2052.0,2056.0,0
chb01_39.edf,2056.0,2060.0,0
chb01_39.edf,2060.0,2064.0,0
chb01_39.edf,2064.0,2068.0,0
chb01_39.edf,2068.0,2072.0,0
chb01_39.edf,2072.0,2076.0,0
chb01_39.edf,2076.0,2080.0,0
chb01_39.edf,2080.0,2084.0,0
chb01_39.edf,2084.0,2088.0,0
chb01_39.edf,2088.0,2092.0,0
chb01_39.edf,2092.0,2096.0,0
chb01_39.edf,2096.0,2100.0,0
chb01_39.edf,2100.0,2104.0,0
chb01_39.edf,2104.0,2108.0,0
chb01_39.edf,2108.0,2112.0,0
chb01_39.edf,2112.0,2116.0,0
chb01_39.edf,2116.0,2120.0,0
chb01_39.edf,2120.0,2124.0,0
chb01_39.edf,2124.0,2128.0,0
chb01_39.edf,2128.0,2132.0,0
chb01_39.edf,2132.0,2136.0,0
chb01_39.edf,2136.0,2140.0,0
chb01_39.edf,2140.0,2144.0,0
chb01_39.edf,2144.0,2148.0,0
chb01_39.edf,2148.0,2152.0,0
chb01_39.edf,2152.0,2156.0,0
chb01_39.edf,2156.0,2160.0,0
chb01_39.edf,2160.0,2164.0,0
chb01_39.edf,2164.0,2168.0,0
chb01_39.edf,2168.0,2172.0,0
chb01_39.edf,2172.0,2176.0,0
chb01_39.edf,2176.0,2180.0,0
chb01_39.edf,2180.0,2184.0,0
chb01_39.edf,2184.0,2188.0,0
chb01_39.edf,2188.0,2192.0,0
chb01_39.edf,2192.0,2196.0,0
chb01_39.edf,2196.0,2200.0,0
chb01_39.edf,2200.0,2204.0,0
chb01_39.edf,2204.0,2208.0,0
chb01_39.edf,2208.0,2212.0,0
chb01_39.edf,2212.0,2216.0,0
chb01_39.edf,2216.0,2220.0,0
chb01_39.edf,2220.0,2224.0,0
chb01_39.edf,2224.0,2228.0,0
chb01_39.edf,2228.0,2232.0,0
chb01_39.edf,2232.0,2236.0,0
chb01_39.edf,2236.0,2240.0,0
chb01_39.edf,2240.0,2244.0,0
chb01_39.edf,2244.0,2248.0,0
chb01_39.edf,2248.0,2252.0,0
chb01_39.edf,2252.0,2256.0,0
chb01_39.edf,2256.0,2260.0,0
chb01_39.edf,2260.0,2264.0,0
chb01_39.edf,2264.0,2268.0,0
chb01_39.edf,2268.0,2272.0,0
chb01_39.edf,2272.0,2276.0,0
chb01_39.edf,2276.0,2280.0,0
chb01_39.edf,2280.0,2284.0,0
chb01_39.edf,2284.0,2288.0,0
chb01_39.edf,2288.0,2292.0,0
chb01_39.edf,2292.0,2296.0,0
chb01_39.edf,2296.0,2300.0,0
chb01_39.edf,2300.0,2304.0,0
chb01_39.edf,2304.0,2308.0,0
chb01_39.edf,2308.0,2312.0,0
chb01_39.edf,2312.0,2316.0,0
chb01_39.edf,2316.0,2320.0,0
chb01_39.edf,2320.0,2324.0,0
chb01_39.edf,2324.0,2328.0,0
chb01_39.edf,2328.0,2332.0,0
chb01_39.edf,2332.0,2336.0,0
chb01_39.edf,2336.0,2340.0,0
chb01_39.edf,2340.0,2344.0,0
chb01_39.edf,2344.0,2348.0,0
chb01_39.edf,2348.0,2352.0,0
chb01_39.edf,2352.0,2356.0,0
chb01_39.edf,2356.0,2360.0,0
chb01_39.edf,2360.0,2364.0,0
chb01_39.edf,2364.0,2368.0,0
chb01_39.edf,2368.0,2372.0,0
chb01_39.edf,2372.0,2376.0,0
chb01_39.edf,2376.0,2380.0,0
chb01_39.edf,2380.0,2384.0,0
chb01_39.edf,2384.0,2388.0,0
chb01_39.edf,2388.0,2392.0,0
chb01_39.edf,2392.0,2396.0,0
chb01_39.edf,2396.0,2400.0,0
chb01_39.edf,2400.0,2404.0,0
chb01_39.edf,2404.0,2408.0,0
chb01_39.edf,2408.0,2412.0,0
chb01_39.edf,2412.0,2416.0,0
chb01_39.edf,2416.0,2420.0,0
chb01_39.edf,2420.0,2424.0,0
chb01_39.edf,2424.0,2428.0,0
chb01_39.edf,2428.0,2432.0,0
chb01_39.edf,2432.0,2436.0,0
chb01_39.edf,2436.0,2440.0,0
chb01_39.edf,2440.0,2444.0,0
chb01_39.edf,2444.0,2448.0,0
chb01_39.edf,2448.0,2452.0,0
chb01_39.edf,2452.0,2456.0,0
chb01_39.edf,2456.0,2460.0,0
chb01_39.edf,2460.0,2464.0,0
chb01_39.edf,2464.0,2468.0,0
chb01_39.edf,2468.0,2472.0,0
chb01_39.edf,2472.0,2476.0,0
chb01_39.edf,2476.0,2480.0,0
chb01_39.edf,2480.0,2484.0,0
chb01_39.edf,2484.0,2488.0,0
chb01_39.edf,2488.0,2492.0,0
chb01_39.edf,2492.0,2496.0,0
chb01_39.edf,2496.0,2500.0,0
chb01_39.edf,2500.0,2504.0,0
chb01_39.edf,2504.0,2508.0,0
chb01_39.edf,2508.0,2512.0,0
chb01_39.edf,2512.0,2516.0,0
chb01_39.edf,2516.0,2520.0,0
chb01_39.edf,2520.0,2524.0,0
chb01_39.edf,2524.0,2528.0,0
chb01_39.edf,2528.0,2532.0,0
chb01_39.edf,2532.0,2536.0,0
chb01_39.edf,2536.0,2540.0,0
chb01_39.edf,2540.0,2544.0,0
chb01_39.edf,2544.0,2548.0,0
chb01_39.edf,2548.0,2552.0,0
chb01_39.edf,2552.0,2556.0,0
chb01_39.edf,2556.0,2560.0,0
chb01_39.edf,2560.0,2564.0,0
chb01_39.edf,2564.0,2568.0,0
chb01_39.edf,2568.0,2572.0,0
chb01_39.edf,2572.0,2576.0,0
chb01_39.edf,2576.0,2580.0,0
chb01_39.edf,2580.0,2584.0,0
chb01_39.edf,2584.0,2588.0,0
chb01_39.edf,2588.0,2592.0,0
chb01_39.edf,2592.0,2596.0,0
chb01_39.edf,2596.0,2600.0,0
chb01_39.edf,2600.0,2604.0,0
chb01_39.edf,2604.0,2608.0,0
chb01_39.edf,2608.0,2612.0,0
chb01_39.edf,2612.0,2616.0,0
chb01_39.edf,2616.0,2620.0,0
chb01_39.edf,2620.0,2624.0,0
chb01_39.edf,2624.0,2628.0,0
chb01_39.edf,2628.0,2632.0,0
chb01_39.edf,2632.0,2636.0,0
chb01_39.edf,2636.0,2640.0,0
chb01_39.edf,2640.0,2644.0,0
chb01_39.edf,2644.0,2648.0,0
chb01_39.edf,2648.0,2652.0,0
chb01_39.edf,2652.0,2656.0,0
chb01_39.edf,2656.0,2660.0,0
chb01_39.edf,2660.0,2664.0,0
chb01_39.edf,2664.0,2668.0,0
chb01_39.edf,2668.0,2672.0,0
chb01_39.edf,2672.0,2676.0,0
chb01_39.edf,2676.0,2680.0,0
chb01_39.edf,2680.0,2684.0,0
chb01_39.edf,2684.0,2688.0,0
chb01_39.edf,2688.0,2692.0,0
chb01_39.edf,2692.0,2696.0,0
chb01_39.edf,2696.0,2700.0,0
chb01_39.edf,2700.0,2704.0,0
chb01_39.edf,2704.0,2708.0,0
chb01_39.edf,2708.0,2712.0,0
chb01_39.edf,2712.0,2716.0,0
chb01_39.edf,2716.0,2720.0,0
chb01_39.edf,2720.0,2724.0,0
chb01_39.edf,2724.0,2728.0,0
chb01_39.edf,2728.0,2732.0,0
chb01_39.edf,2732.0,2736.0,0
chb01_39.edf,2736.0,2740.0,0
chb01_39.edf,2740.0,2744.0,0
chb01_39.edf,2744.0,2748.0,0
chb01_39.edf,2748.0,2752.0,0
chb01_39.edf,2752.0,2756.0,0
chb01_39.edf,2756.0,2760.0,0
chb01_39.edf,2760.0,2764.0,0
chb01_39.edf,2764.0,2768.0,0
chb01_39.edf,2768.0,2772.0,0
chb01_39.edf,2772.0,2776.0,0
chb01_39.edf,2776.0,2780.0,0
chb01_39.edf,2780.0,2784.0,0
chb01_39.edf,2784.0,2788.0,0
chb01_39.edf,2788.0,2792.0,0
chb01_39.edf,2792.0,2796.0,0
chb01_39.edf,2796.0,2800.0,0
chb01_39.edf,2800.0,2804.0,0
chb01_39.edf,2804.0,2808.0,0
chb01_39.edf,2808.0,2812.0,0
chb01_39.edf,2812.0,2816.0,0
chb01_39.edf,2816.0,2820.0,0
chb01_39.edf,2820.0,2824.0,0
chb01_39.edf,2824.0,2828.0,0
chb01_39.edf,2828.0,2832.0,0
chb01_39.edf,2832.0,2836.0,0
chb01_39.edf,2836.0,2840.0,0
chb01_39.edf,2840.0,2844.0,0
chb01_39.edf,2844.0,2848.0,0
chb01_39.edf,2848.0,2852.0,0
chb01_39.edf,2852.0,2856.0,0
chb01_39.edf,2856.0,2860.0,0
chb01_39.edf,2860.0,2864.0,0
chb01_39.edf,2864.0,2868.0,0
chb01_39.edf,2868.0,2872.0,0
chb01_39.edf,2872.0,2876.0,0
chb01_39.edf,2876.0,2880.0,0
chb01_39.edf,2880.0,2884.0,0
chb01_39.edf,2884.0,2888.0,0
chb01_39.edf,2888.0,2892.0,0
chb01_39.edf,2892.0,2896.0,0
chb01_39.edf,2896.0,2900.0,0
chb01_39.edf,2900.0,2904.0,0
chb01_39.edf,2904.0,2908.0,0
chb01_39.edf,2908.0,2912.0,0
chb01_39.edf,2912.0,2916.0,0
chb01_39.edf,2916.0,2920.0,0
chb01_39.edf,2920.0,2924.0,0
chb01_39.edf,2924.0,2928.0,0
chb01_39.edf,2928.0,2932.0,0
chb01_39.edf,2932.0,2936.0,0
chb01_39.edf,2936.0,2940.0,0
chb01_39.edf,2940.0,2944.0,0
chb01_39.edf,2944.0,2948.0,0
chb01_39.edf,2948.0,2952.0,0
chb01_39.edf,2952.0,2956.0,0
chb01_39.edf,2956.0,2960.0,0
chb01_39.edf,2960.0,2964.0,0
chb01_39.edf,2964.0,2968.0,0
chb01_39.edf,2968.0,2972.0,0
chb01_39.edf,2972.0,2976.0,0
chb01_39.edf,2976.0,2980.0,0
chb01_39.edf,2980.0,2984.0,0
chb01_39.edf,2984.0,2988.0,0
chb01_39.edf,2988.0,2992.0,0
chb01_39.edf,2992.0,2996.0,0
chb01_39.edf,2996.0,3000.0,0
chb01_39.edf,3000.0,3004.0,0
chb01_39.edf,3004.0,3008.0,0
chb01_39.edf,3008.0,3012.0,0
chb01_39.edf,3012.0,3016.0,0
chb01_39.edf,3016.0,3020.0,0
chb01_39.edf,3020.0,3024.0,0
chb01_39.edf,3024.0,3028.0,0
chb01_39.edf,3028.0,3032.0,0
chb01_39.edf,3032.0,3036.0,0
chb01_39.edf,3036.0,3040.0,0
chb01_39.edf,3040.0,3044.0,0
chb01_39.edf,3044.0,3048.0,0
chb01_39.edf,3048.0,3052.0,0
chb01_39.edf,3052.0,3056.0,0
chb01_39.edf,3056.0,3060.0,0
chb01_39.edf,3060.0,3064.0,0
chb01_39.edf,3064.0,3068.0,0
chb01_39.edf,3068.0,3072.0,0
chb01_39.edf,3072.0,3076.0,0
chb01_39.edf,3076.0,3080.0,0
chb01_39.edf,3080.0,3084.0,0
chb01_39.edf,3084.0,3088.0,0
chb01_39.edf,3088.0,3092.0,0
chb01_39.edf,3092.0,3096.0,0
chb01_39.edf,3096.0,3100.0,0
chb01_39.edf,3100.0,3104.0,0
chb01_39.edf,3104.0,3108.0,0
chb01_39.edf,3108.0,3112.0,0
chb01_39.edf,3112.0,3116.0,0
chb01_39.edf,3116.0,3120.0,0
chb01_39.edf,3120.0,3124.0,0
chb01_39.edf,3124.0,3128.0,0
chb01_39.edf,3128.0,3132.0,0
chb01_39.edf,3132.0,3136.0,0
chb01_39.edf,3136.0,3140.0,0
chb01_39.edf,3140.0,3144.0,0
chb01_39.edf,3144.0,3148.0,0
chb01_39.edf,3148.0,3152.0,0
chb01_39.edf,3152.0,3156.0,0
chb01_39.edf,3156.0,3160.0,0
chb01_39.edf,3160.0,3164.0,0
chb01_39.edf,3164.0,3168.0,0
chb01_39.edf,3168.0,3172.0,0
chb01_39.edf,3172.0,3176.0,0
chb01_39.edf,3176.0,3180.0,0
chb01_39.edf,3180.0,3184.0,0
chb01_39.edf,3184.0,3188.0,0
chb01_39.edf,3188.0,3192.0,0
chb01_39.edf,3192.0,3196.0,0
chb01_39.edf,3196.0,3200.0,0
chb01_39.edf,3200.0,3204.0,0
chb01_39.edf,3204.0,3208.0,0
chb01_39.edf,3208.0,3212.0,0
chb01_39.edf,3212.0,3216.0,0
chb01_39.edf,3216.0,3220.0,0
chb01_39.edf,3220.0,3224.0,0
chb01_39.edf,3224.0,3228.0,0
chb01_39.edf,3228.0,3232.0,0
chb01_39.edf,3232.0,3236.0,0
chb01_39.edf,3236.0,3240.0,0
chb01_39.edf,3240.0,3244.0,0
chb01_39.edf,3244.0,3248.0,0
chb01_39.edf,3248.0,3252.0,0
chb01_39.edf,3252.0,3256.0,0
chb01_39.edf,3256.0,3260.0,0
chb01_39.edf,3260.0,3264.0,0
chb01_39.edf,3264.0,3268.0,0
chb01_39.edf,3268.0,3272.0,0
chb01_39.edf,3272.0,3276.0,0
chb01_39.edf,3276.0,3280.0,0
chb01_39.edf,3280.0,3284.0,0
chb01_39.edf,3284.0,3288.0,0
chb01_39.edf,3288.0,3292.0,0
chb01_39.edf,3292.0,3296.0,0
chb01_39.edf,3296.0,3300.0,0
chb01_39.edf,3300.0,3304.0,0
chb01_39.edf,3304.0,3308.0,0
chb01_39.edf,3308.0,3312.0,0
chb01_39.edf,3312.0,3316.0,0
chb01_39.edf,3316.0,3320.0,0
chb01_39.edf,3320.0,3324.0,0
chb01_39.edf,3324.0,3328.0,0
chb01_39.edf,3328.0,3332.0,0
chb01_39.edf,3332.0,3336.0,0
chb01_39.edf,3336.0,3340.0,0
chb01_39.edf,3340.0,3344.0,0
chb01_39.edf,3344.0,3348.0,0
chb01_39.edf,3348.0,3352.0,0
chb01_39.edf,3352.0,3356.0,0
chb01_39.edf,3356.0,3360.0,0
chb01_39.edf,3360.0,3364.0,0
chb01_39.edf,3364.0,3368.0,0
chb01_39.edf,3368.0,3372.0,0
chb01_39.edf,3372.0,3376.0,0
chb01_39.edf,3376.0,3380.0,0
chb01_39.edf,3380.0,3384.0,0
chb01_39.edf,3384.0,3388.0,0
chb01_39.edf,3388.0,3392.0,0
chb01_39.edf,3392.0,3396.0,0
chb01_39.edf,3396.0,3400.0,0
chb01_39.edf,3400.0,3404.0,0
chb01_39.edf,3404.0,3408.0,0
chb01_39.edf,3408.0,3412.0,0
chb01_39.edf,3412.0,3416.0,0
chb01_39.edf,3416.0,3420.0,0
chb01_39.edf,3420.0,3424.0,0
chb01_39.edf,3424.0,3428.0,0
chb01_39.edf,3428.0,3432.0,0
chb01_39.edf,3432.0,3436.0,0
chb01_39.edf,3436.0,3440.0,0
chb01_39.edf,3440.0,3444.0,0
chb01_39.edf,3444.0,3448.0,0
chb01_39.edf,3448.0,3452.0,0
chb01_39.edf,3452.0,3456.0,0
chb01_39.edf,3456.0,3460.0,0
chb01_39.edf,3460.0,3464.0,0
chb01_39.edf,3464.0,3468.0,0
chb01_39.edf,3468.0,3472.0,0
chb01_39.edf,3472.0,3476.0,0
chb01_39.edf,3476.0,3480.0,0
chb01_39.edf,3480.0,3484.0,0
chb01_39.edf,3484.0,3488.0,0
chb01_39.edf,3488.0,3492.0,0
chb01_39.edf,3492.0,3496.0,0
chb01_39.edf,3496.0,3500.0,0
chb01_39.edf,3500.0,3504.0,0
chb01_39.edf,3504.0,3508.0,0
chb01_39.edf,3508.0,3512.0,0
chb01_39.edf,3512.0,3516.0,0
chb01_39.edf,3516.0,3520.0,0
chb01_39.edf,3520.0,3524.0,0
chb01_39.edf,3524.0,3528.0,0
chb01_39.edf,3528.0,3532.0,0
chb01_39.edf,3532.0,3536.0,0
chb01_39.edf,3536.0,3540.0,0
chb01_39.edf,3540.0,3544.0,0
chb01_39.edf,3544.0,3548.0,0
chb01_39.edf,3548.0,3552.0,0
chb01_39.edf,3552.0,3556.0,0
chb01_39.edf,3556.0,3560.0,0
chb01_39.edf,3560.0,3564.0,0
chb01_39.edf,3564.0,3568.0,0
chb01_39.edf,3568.0,3572.0,0
chb01_39.edf,3572.0,3576.0,0
chb01_39.edf,3576.0,3580.0,0
chb01_39.edf,3580.0,3584.0,0
chb01_39.edf,3584.0,3588.0,0
chb01_39.edf,3588.0,3592.0,0
chb01_39.edf,3592.0,3596.0,0
chb01_39.edf,3596.0,3600.0,0
chb01_40.edf,0.0,4.0,0
chb01_40.edf,4.0,8.0,0
chb01_40.edf,8.0,12.0,0
chb01_40.edf,12.0,16.0,0
chb01_40.edf,16.0,20.0,0
chb01_40.edf,20.0,24.0,0
chb01_40.edf,24.0,28.0,0
chb01_40.edf,28.0,32.0,0
chb01_40.edf,32.0,36.0,0
chb01_40.edf,36.0,40.0,0
chb01_40.edf,40.0,44.0,0
chb01_40.edf,44.0,48.0,0
chb01_40.edf,48.0,52.0,0
chb01_40.edf,52.0,56.0,0
chb01_40.edf,56.0,60.0,0
chb01_40.edf,60.0,64.0,0
chb01_40.edf,64.0,68.0,0
chb01_40.edf,68.0,72.0,0
chb01_40.edf,72.0,76.0,0
chb01_40.edf,76.0,80.0,0
chb01_40.edf,80.0,84.0,0
chb01_40.edf,84.0,88.0,0
chb01_40.edf,88.0,92.0,0
chb01_40.edf,92.0,96.0,0
chb01_40.edf,96.0,100.0,0
chb01_40.edf,100.0,104.0,0
chb01_40.edf,104.0,108.0,0
chb01_40.edf,108.0,112.0,0
chb01_40.edf,112.0,116.0,0
chb01_40.edf,116.0,120.0,0
chb01_40.edf,120.0,124.0,0
chb01_40.edf,124.0,128.0,0
chb01_40.edf,128.0,132.0,0
chb01_40.edf,132.0,136.0,0
chb01_40.edf,136.0,140.0,0
chb01_40.edf,140.0,144.0,0
chb01_40.edf,144.0,148.0,0
chb01_40.edf,148.0,152.0,0
chb01_40.edf,152.0,156.0,0
chb01_40.edf,156.0,160.0,0
chb01_40.edf,160.0,164.0,0
chb01_40.edf,164.0,168.0,0
chb01_40.edf,168.0,172.0,0
chb01_40.edf,172.0,176.0,0
chb01_40.edf,176.0,180.0,0
chb01_40.edf,180.0,184.0,0
chb01_40.edf,184.0,188.0,0
chb01_40.edf,188.0,192.0,0
chb01_40.edf,192.0,196.0,0
chb01_40.edf,196.0,200.0,0
chb01_40.edf,200.0,204.0,0
chb01_40.edf,204.0,208.0,0
chb01_40.edf,208.0,212.0,0
chb01_40.edf,212.0,216.0,0
chb01_40.edf,216.0,220.0,0
chb01_40.edf,220.0,224.0,0
chb01_40.edf,224.0,228.0,0
chb01_40.edf,228.0,232.0,0
chb01_40.edf,232.0,236.0,0
chb01_40.edf,236.0,240.0,0
chb01_40.edf,240.0,244.0,0
chb01_40.edf,244.0,248.0,0
chb01_40.edf,248.0,252.0,0
chb01_40.edf,252.0,256.0,0
chb01_40.edf,256.0,260.0,0
chb01_40.edf,260.0,264.0,0
chb01_40.edf,264.0,268.0,0
chb01_40.edf,268.0,272.0,0
chb01_40.edf,272.0,276.0,0
chb01_40.edf,276.0,280.0,0
chb01_40.edf,280.0,284.0,0
chb01_40.edf,284.0,288.0,0
chb01_40.edf,288.0,292.0,0
chb01_40.edf,292.0,296.0,0
chb01_40.edf,296.0,300.0,0
chb01_40.edf,300.0,304.0,0
chb01_40.edf,304.0,308.0,0
chb01_40.edf,308.0,312.0,0
chb01_40.edf,312.0,316.0,0
chb01_40.edf,316.0,320.0,0
chb01_40.edf,320.0,324.0,0
chb01_40.edf,324.0,328.0,0
chb01_40.edf,328.0,332.0,0
chb01_40.edf,332.0,336.0,0
chb01_40.edf,336.0,340.0,0
chb01_40.edf,340.0,344.0,0
chb01_40.edf,344.0,348.0,0
chb01_40.edf,348.0,352.0,0
chb01_40.edf,352.0,356.0,0
chb01_40.edf,356.0,360.0,0
chb01_40.edf,360.0,364.0,0
chb01_40.edf,364.0,368.0,0
chb01_40.edf,368.0,372.0,0
chb01_40.edf,372.0,376.0,0
chb01_40.edf,376.0,380.0,0
chb01_40.edf,380.0,384.0,0
chb01_40.edf,384.0,388.0,0
chb01_40.edf,388.0,392.0,0
chb01_40.edf,392.0,396.0,0
chb01_40.edf,396.0,400.0,0
chb01_40.edf,400.0,404.0,0
chb01_40.edf,404.0,408.0,0
chb01_40.edf,408.0,412.0,0
chb01_40.edf,412.0,416.0,0
chb01_40.edf,416.0,420.0,0
chb01_40.edf,420.0,424.0,0
chb01_40.edf,424.0,428.0,0
chb01_40.edf,428.0,432.0,0
chb01_40.edf,432.0,436.0,0
chb01_40.edf,436.0,440.0,0
chb01_40.edf,440.0,444.0,0
chb01_40.edf,444.0,448.0,0
chb01_40.edf,448.0,452.0,0
chb01_40.edf,452.0,456.0,0
chb01_40.edf,456.0,460.0,0
chb01_40.edf,460.0,464.0,0
chb01_40.edf,464.0,468.0,0
chb01_40.edf,468.0,472.0,0
chb01_40.edf,472.0,476.0,0
chb01_40.edf,476.0,480.0,0
chb01_40.edf,480.0,484.0,0
chb01_40.edf,484.0,488.0,0
chb01_40.edf,488.0,492.0,0
chb01_40.edf,492.0,496.0,0
chb01_40.edf,496.0,500.0,0
chb01_40.edf,500.0,504.0,0
chb01_40.edf,504.0,508.0,0
chb01_40.edf,508.0,512.0,0
chb01_40.edf,512.0,516.0,0
chb01_40.edf,516.0,520.0,0
chb01_40.edf,520.0,524.0,0
chb01_40.edf,524.0,528.0,0
chb01_40.edf,528.0,532.0,0
chb01_40.edf,532.0,536.0,0
chb01_40.edf,536.0,540.0,0
chb01_40.edf,540.0,544.0,0
chb01_40.edf,544.0,548.0,0
chb01_40.edf,548.0,552.0,0
chb01_40.edf,552.0,556.0,0
chb01_40.edf,556.0,560.0,0
chb01_40.edf,560.0,564.0,0
chb01_40.edf,564.0,568.0,0
chb01_40.edf,568.0,572.0,0
chb01_40.edf,572.0,576.0,0
chb01_40.edf,576.0,580.0,0
chb01_40.edf,580.0,584.0,0
chb01_40.edf,584.0,588.0,0
chb01_40.edf,588.0,592.0,0
chb01_40.edf,592.0,596.0,0
chb01_40.edf,596.0,600.0,0
chb01_40.edf,600.0,604.0,0
chb01_40.edf,604.0,608.0,0
chb01_40.edf,608.0,612.0,0
chb01_40.edf,612.0,616.0,0
chb01_40.edf,616.0,620.0,0
chb01_40.edf,620.0,624.0,0
chb01_40.edf,624.0,628.0,0
chb01_40.edf,628.0,632.0,0
chb01_40.edf,632.0,636.0,0
chb01_40.edf,636.0,640.0,0
chb01_40.edf,640.0,644.0,0
chb01_40.edf,644.0,648.0,0
chb01_40.edf,648.0,652.0,0
chb01_40.edf,652.0,656.0,0
chb01_40.edf,656.0,660.0,0
chb01_40.edf,660.0,664.0,0
chb01_40.edf,664.0,668.0,0
chb01_40.edf,668.0,672.0,0
chb01_40.edf,672.0,676.0,0
chb01_40.edf,676.0,680.0,0
chb01_40.edf,680.0,684.0,0
chb01_40.edf,684.0,688.0,0
chb01_40.edf,688.0,692.0,0
chb01_40.edf,692.0,696.0,0
chb01_40.edf,696.0,700.0,0
chb01_40.edf,700.0,704.0,0
chb01_40.edf,704.0,708.0,0
chb01_40.edf,708.0,712.0,0
chb01_40.edf,712.0,716.0,0
chb01_40.edf,716.0,720.0,0
chb01_40.edf,720.0,724.0,0
chb01_40.edf,724.0,728.0,0
chb01_40.edf,728.0,732.0,0
chb01_40.edf,732.0,736.0,0
chb01_40.edf,736.0,740.0,0
chb01_40.edf,740.0,744.0,0
chb01_40.edf,744.0,748.0,0
chb01_40.edf,748.0,752.0,0
chb01_40.edf,752.0,756.0,0
chb01_40.edf,756.0,760.0,0
chb01_40.edf,760.0,764.0,0
chb01_40.edf,764.0,768.0,0
chb01_40.edf,768.0,772.0,0
chb01_40.edf,772.0,776.0,0
chb01_40.edf,776.0,780.0,0
chb01_40.edf,780.0,784.0,0
chb01_40.edf,784.0,788.0,0
chb01_40.edf,788.0,792.0,0
chb01_40.edf,792.0,796.0,0
chb01_40.edf,796.0,800.0,0
chb01_40.edf,800.0,804.0,0
chb01_40.edf,804.0,808.0,0
chb01_40.edf,808.0,812.0,0
chb01_40.edf,812.0,816.0,0
chb01_40.edf,816.0,820.0,0
chb01_40.edf,820.0,824.0,0
chb01_40.edf,824.0,828.0,0
chb01_40.edf,828.0,832.0,0
chb01_40.edf,832.0,836.0,0
chb01_40.edf,836.0,840.0,0
chb01_40.edf,840.0,844.0,0
chb01_40.edf,844.0,848.0,0
chb01_40.edf,848.0,852.0,0
chb01_40.edf,852.0,856.0,0
chb01_40.edf,856.0,860.0,0
chb01_40.edf,860.0,864.0,0
chb01_40.edf,864.0,868.0,0
chb01_40.edf,868.0,872.0,0
chb01_40.edf,872.0,876.0,0
chb01_40.edf,876.0,880.0,0
chb01_40.edf,880.0,884.0,0
chb01_40.edf,884.0,888.0,0
chb01_40.edf,888.0,892.0,0
chb01_40.edf,892.0,896.0,0
chb01_40.edf,896.0,900.0,0
chb01_40.edf,900.0,904.0,0
chb01_40.edf,904.0,908.0,0
chb01_40.edf,908.0,912.0,0
chb01_40.edf,912.0,916.0,0
chb01_40.edf,916.0,920.0,0
chb01_40.edf,920.0,924.0,0
chb01_40.edf,924.0,928.0,0
chb01_40.edf,928.0,932.0,0
chb01_40.edf,932.0,936.0,0
chb01_40.edf,936.0,940.0,0
chb01_40.edf,940.0,944.0,0
chb01_40.edf,944.0,948.0,0
chb01_40.edf,948.0,952.0,0
chb01_40.edf,952.0,956.0,0
chb01_40.edf,956.0,960.0,0
chb01_40.edf,960.0,964.0,0
chb01_40.edf,964.0,968.0,0
chb01_40.edf,968.0,972.0,0
chb01_40.edf,972.0,976.0,0
chb01_40.edf,976.0,980.0,0
chb01_40.edf,980.0,984.0,0
chb01_40.edf,984.0,988.0,0
chb01_40.edf,988.0,992.0,0
chb01_40.edf,992.0,996.0,0
chb01_40.edf,996.0,1000.0,0
chb01_40.edf,1000.0,1004.0,0
chb01_40.edf,1004.0,1008.0,0
chb01_40.edf,1008.0,1012.0,0
chb01_40.edf,1012.0,1016.0,0
chb01_40.edf,1016.0,1020.0,0
chb01_40.edf,1020.0,1024.0,0
chb01_40.edf,1024.0,1028.0,0
chb01_40.edf,1028.0,1032.0,0
chb01_40.edf,1032.0,1036.0,0
chb01_40.edf,1036.0,1040.0,0
chb01_40.edf,1040.0,1044.0,0
chb01_40.edf,1044.0,1048.0,0
chb01_40.edf,1048.0,1052.0,0
chb01_40.edf,1052.0,1056.0,0
chb01_40.edf,1056.0,1060.0,0
chb01_40.edf,1060.0,1064.0,0
chb01_40.edf,1064.0,1068.0,0
chb01_40.edf,1068.0,1072.0,0
chb01_40.edf,1072.0,1076.0,0
chb01_40.edf,1076.0,1080.0,0
chb01_40.edf,1080.0,1084.0,0
chb01_40.edf,1084.0,1088.0,0
chb01_40.edf,1088.0,1092.0,0
chb01_40.edf,1092.0,1096.0,0
chb01_40.edf,1096.0,1100.0,0
chb01_40.edf,1100.0,1104.0,0
chb01_40.edf,1104.0,1108.0,0
chb01_40.edf,1108.0,1112.0,0
chb01_40.edf,1112.0,1116.0,0
chb01_40.edf,1116.0,1120.0,0
chb01_40.edf,1120.0,1124.0,0
chb01_40.edf,1124.0,1128.0,0
chb01_40.edf,1128.0,1132.0,0
chb01_40.edf,1132.0,1136.0,0
chb01_40.edf,1136.0,1140.0,0
chb01_40.edf,1140.0,1144.0,0
chb01_40.edf,1144.0,1148.0,0
chb01_40.edf,1148.0,1152.0,0
chb01_40.edf,1152.0,1156.0,0
chb01_40.edf,1156.0,1160.0,0
chb01_40.edf,1160.0,1164.0,0
chb01_40.edf,1164.0,1168.0,0
chb01_40.edf,1168.0,1172.0,0
chb01_40.edf,1172.0,1176.0,0
chb01_40.edf,1176.0,1180.0,0
chb01_40.edf,1180.0,1184.0,0
chb01_40.edf,1184.0,1188.0,0
chb01_40.edf,1188.0,1192.0,0
chb01_40.edf,1192.0,1196.0,0
chb01_40.edf,1196.0,1200.0,0
chb01_40.edf,1200.0,1204.0,0
chb01_40.edf,1204.0,1208.0,0
chb01_40.edf,1208.0,1212.0,0
chb01_40.edf,1212.0,1216.0,0
chb01_40.edf,1216.0,1220.0,0
chb01_40.edf,1220.0,1224.0,0
chb01_40.edf,1224.0,1228.0,0
chb01_40.edf,1228.0,1232.0,0
chb01_40.edf,1232.0,1236.0,0
chb01_40.edf,1236.0,1240.0,0
chb01_40.edf,1240.0,1244.0,0
chb01_40.edf,1244.0,1248.0,0
chb01_40.edf,1248.0,1252.0,0
chb01_40.edf,1252.0,1256.0,0
chb01_40.edf,1256.0,1260.0,0
chb01_40.edf,1260.0,1264.0,0
chb01_40.edf,1264.0,1268.0,0
chb01_40.edf,1268.0,1272.0,0
chb01_40.edf,1272.0,1276.0,0
chb01_40.edf,1276.0,1280.0,0
chb01_40.edf,1280.0,1284.0,0
chb01_40.edf,1284.0,1288.0,0
chb01_40.edf,1288.0,1292.0,0
chb01_40.edf,1292.0,1296.0,0
chb01_40.edf,1296.0,1300.0,0
chb01_40.edf,1300.0,1304.0,0
chb01_40.edf,1304.0,1308.0,0
chb01_40.edf,1308.0,1312.0,0
chb01_40.edf,1312.0,1316.0,0
chb01_40.edf,1316.0,1320.0,0
chb01_40.edf,1320.0,1324.0,0
chb01_40.edf,1324.0,1328.0,0
chb01_40.edf,1328.0,1332.0,0
chb01_40.edf,1332.0,1336.0,0
chb01_40.edf,1336.0,1340.0,0
chb01_40.edf,1340.0,1344.0,0
chb01_40.edf,1344.0,1348.0,0
chb01_40.edf,1348.0,1352.0,0
chb01_40.edf,1352.0,1356.0,0
chb01_40.edf,1356.0,1360.0,0
chb01_40.edf,1360.0,1364.0,0
chb01_40.edf,1364.0,1368.0,0
chb01_40.edf,1368.0,1372.0,0
chb01_40.edf,1372.0,1376.0,0
chb01_40.edf,1376.0,1380.0,0
chb01_40.edf,1380.0,1384.0,0
chb01_40.edf,1384.0,1388.0,0
chb01_40.edf,1388.0,1392.0,0
chb01_40.edf,1392.0,1396.0,0
chb01_40.edf,1396.0,1400.0,0
chb01_40.edf,1400.0,1404.0,0
chb01_40.edf,1404.0,1408.0,0
chb01_40.edf,1408.0,1412.0,0
chb01_40.edf,1412.0,1416.0,0
chb01_40.edf,1416.0,1420.0,0
chb01_40.edf,1420.0,1424.0,0
chb01_40.edf,1424.0,1428.0,0
chb01_40.edf,1428.0,1432.0,0
chb01_40.edf,1432.0,1436.0,0
chb01_40.edf,1436.0,1440.0,0
chb01_40.edf,1440.0,1444.0,0
chb01_40.edf,1444.0,1448.0,0
chb01_40.edf,1448.0,1452.0,0
chb01_40.edf,1452.0,1456.0,0
chb01_40.edf,1456.0,1460.0,0
chb01_40.edf,1460.0,1464.0,0
chb01_40.edf,1464.0,1468.0,0
chb01_40.edf,1468.0,1472.0,0
chb01_40.edf,1472.0,1476.0,0
chb01_40.edf,1476.0,1480.0,0
chb01_40.edf,1480.0,1484.0,0
chb01_40.edf,1484.0,1488.0,0
chb01_40.edf,1488.0,1492.0,0
chb01_40.edf,1492.0,1496.0,0
chb01_40.edf,1496.0,1500.0,0
chb01_40.edf,1500.0,1504.0,0
chb01_40.edf,1504.0,1508.0,0
chb01_40.edf,1508.0,1512.0,0
chb01_40.edf,1512.0,1516.0,0
chb01_40.edf,1516.0,1520.0,0
chb01_40.edf,1520.0,1524.0,0
chb01_40.edf,1524.0,1528.0,0
chb01_40.edf,1528.0,1532.0,0
chb01_40.edf,1532.0,1536.0,0
chb01_40.edf,1536.0,1540.0,0
chb01_40.edf,1540.0,1544.0,0
chb01_40.edf,1544.0,1548.0,0
chb01_40.edf,1548.0,1552.0,0
chb01_40.edf,1552.0,1556.0,0
chb01_40.edf,1556.0,1560.0,0
chb01_40.edf,1560.0,1564.0,0
chb01_40.edf,1564.0,1568.0,0
chb01_40.edf,1568.0,1572.0,0
chb01_40.edf,1572.0,1576.0,0
chb01_40.edf,1576.0,1580.0,0
chb01_40.edf,1580.0,1584.0,0
chb01_40.edf,1584.0,1588.0,0
chb01_40.edf,1588.0,1592.0,0
chb01_40.edf,1592.0,1596.0,0
chb01_40.edf,1596.0,1600.0,0
chb01_40.edf,1600.0,1604.0,0
chb01_40.edf,1604.0,1608.0,0
chb01_40.edf,1608.0,1612.0,0
chb01_40.edf,1612.0,1616.0,0
chb01_40.edf,1616.0,1620.0,0
chb01_40.edf,1620.0,1624.0,0
chb01_40.edf,1624.0,1628.0,0
chb01_40.edf,1628.0,1632.0,0
chb01_40.edf,1632.0,1636.0,0
chb01_40.edf,1636.0,1640.0,0
chb01_40.edf,1640.0,1644.0,0
chb01_40.edf,1644.0,1648.0,0
chb01_40.edf,1648.0,1652.0,0
chb01_40.edf,1652.0,1656.0,0
chb01_40.edf,1656.0,1660.0,0
chb01_40.edf,1660.0,1664.0,0
chb01_40.edf,1664.0,1668.0,0
chb01_40.edf,1668.0,1672.0,0
chb01_40.edf,1672.0,1676.0,0
chb01_40.edf,1676.0,1680.0,0
chb01_40.edf,1680.0,1684.0,0
chb01_40.edf,1684.0,1688.0,0
chb01_40.edf,1688.0,1692.0,0
chb01_40.edf,1692.0,1696.0,0
chb01_40.edf,1696.0,1700.0,0
chb01_40.edf,1700.0,1704.0,0
chb01_40.edf,1704.0,1708.0,0
chb01_40.edf,1708.0,1712.0,0
chb01_40.edf,1712.0,1716.0,0
chb01_40.edf,1716.0,1720.0,0
chb01_40.edf,1720.0,1724.0,0
chb01_40.edf,1724.0,1728.0,0
chb01_40.edf,1728.0,1732.0,0
chb01_40.edf,1732.0,1736.0,0
chb01_40.edf,1736.0,1740.0,0
chb01_40.edf,1740.0,1744.0,0
chb01_40.edf,1744.0,1748.0,0
chb01_40.edf,1748.0,1752.0,0
chb01_40.edf,1752.0,1756.0,0
chb01_40.edf,1756.0,1760.0,0
chb01_40.edf,1760.0,1764.0,0
chb01_40.edf,1764.0,1768.0,0
chb01_40.edf,1768.0,1772.0,0
chb01_40.edf,1772.0,1776.0,0
chb01_40.edf,1776.0,1780.0,0
chb01_40.edf,1780.0,1784.0,0
chb01_40.edf,1784.0,1788.0,0
chb01_40.edf,1788.0,1792.0,0
chb01_40.edf,1792.0,1796.0,0
chb01_40.edf,1796.0,1800.0,0
chb01_40.edf,1800.0,1804.0,0
chb01_40.edf,1804.0,1808.0,0
chb01_40.edf,1808.0,1812.0,0
chb01_40.edf,1812.0,1816.0,0
chb01_40.edf,1816.0,1820.0,0
chb01_40.edf,1820.0,1824.0,0
chb01_40.edf,1824.0,1828.0,0
chb01_40.edf,1828.0,1832.0,0
chb01_40.edf,1832.0,1836.0,0
chb01_40.edf,1836.0,1840.0,0
chb01_40.edf,1840.0,1844.0,0
chb01_40.edf,1844.0,1848.0,0
chb01_40.edf,1848.0,1852.0,0
chb01_40.edf,1852.0,1856.0,0
chb01_40.edf,1856.0,1860.0,0
chb01_40.edf,1860.0,1864.0,0
chb01_40.edf,1864.0,1868.0,0
chb01_40.edf,1868.0,1872.0,0
chb01_40.edf,1872.0,1876.0,0
chb01_40.edf,1876.0,1880.0,0
chb01_40.edf,1880.0,1884.0,0
chb01_40.edf,1884.0,1888.0,0
chb01_40.edf,1888.0,1892.0,0
chb01_40.edf,1892.0,1896.0,0
chb01_40.edf,1896.0,1900.0,0
chb01_40.edf,1900.0,1904.0,0
chb01_40.edf,1904.0,1908.0,0
chb01_40.edf,1908.0,1912.0,0
chb01_40.edf,1912.0,1916.0,0
chb01_40.edf,1916.0,1920.0,0
chb01_40.edf,1920.0,1924.0,0
chb01_40.edf,1924.0,1928.0,0
chb01_40.edf,1928.0,1932.0,0
chb01_40.edf,1932.0,1936.0,0
chb01_40.edf,1936.0,1940.0,0
chb01_40.edf,1940.0,1944.0,0
chb01_40.edf,1944.0,1948.0,0
chb01_40.edf,1948.0,1952.0,0
chb01_40.edf,1952.0,1956.0,0
chb01_40.edf,1956.0,1960.0,0
chb01_40.edf,1960.0,1964.0,0
chb01_40.edf,1964.0,1968.0,0
chb01_40.edf,1968.0,1972.0,0
chb01_40.edf,1972.0,1976.0,0
chb01_40.edf,1976.0,1980.0,0
chb01_40.edf,1980.0,1984.0,0
chb01_40.edf,1984.0,1988.0,0
chb01_40.edf,1988.0,1992.0,0
chb01_40.edf,1992.0,1996.0,0
chb01_40.edf,1996.0,2000.0,0
chb01_40.edf,2000.0,2004.0,0
chb01_40.edf,2004.0,2008.0,0
chb01_40.edf,2008.0,2012.0,0
chb01_40.edf,2012.0,2016.0,0
chb01_40.edf,2016.0,2020.0,0
chb01_40.edf,2020.0,2024.0,0
chb01_40.edf,2024.0,2028.0,0
chb01_40.edf,2028.0,2032.0,0
chb01_40.edf,2032.0,2036.0,0
chb01_40.edf,2036.0,2040.0,0
chb01_40.edf,2040.0,2044.0,0
chb01_40.edf,2044.0,2048.0,0
chb01_40.edf,2048.0,2052.0,0
chb01_40.edf,2052.0,2056.0,0
chb01_40.edf,2056.0,2060.0,0
chb01_40.edf,2060.0,2064.0,0
chb01_40.edf,2064.0,2068.0,0
chb01_40.edf,2068.0,2072.0,0
chb01_40.edf,2072.0,2076.0,0
chb01_40.edf,2076.0,2080.0,0
chb01_40.edf,2080.0,2084.0,0
chb01_40.edf,2084.0,2088.0,0
chb01_40.edf,2088.0,2092.0,0
chb01_40.edf,2092.0,2096.0,0
chb01_40.edf,2096.0,2100.0,0
chb01_40.edf,2100.0,2104.0,0
chb01_40.edf,2104.0,2108.0,0
chb01_40.edf,2108.0,2112.0,0
chb01_40.edf,2112.0,2116.0,0
chb01_40.edf,2116.0,2120.0,0
chb01_40.edf,2120.0,2124.0,0
chb01_40.edf,2124.0,2128.0,0
chb01_40.edf,2128.0,2132.0,0
chb01_40.edf,2132.0,2136.0,0
chb01_40.edf,2136.0,2140.0,0
chb01_40.edf,2140.0,2144.0,0
chb01_40.edf,2144.0,2148.0,0
chb01_40.edf,2148.0,2152.0,0
chb01_40.edf,2152.0,2156.0,0
chb01_40.edf,2156.0,2160.0,0
chb01_40.edf,2160.0,2164.0,0
chb01_40.edf,2164.0,2168.0,0
chb01_40.edf,2168.0,2172.0,0
chb01_40.edf,2172.0,2176.0,0
chb01_40.edf,2176.0,2180.0,0
chb01_40.edf,2180.0,2184.0,0
chb01_40.edf,2184.0,2188.0,0
chb01_40.edf,2188.0,2192.0,0
chb01_40.edf,2192.0,2196.0,0
chb01_40.edf,2196.0,2200.0,0
chb01_40.edf,2200.0,2204.0,0
chb01_40.edf,2204.0,2208.0,0
chb01_40.edf,2208.0,2212.0,0
chb01_40.edf,2212.0,2216.0,0
chb01_40.edf,2216.0,2220.0,0
chb01_40.edf,2220.0,2224.0,0
chb01_40.edf,2224.0,2228.0,0
chb01_40.edf,2228.0,2232.0,0
chb01_40.edf,2232.0,2236.0,0
chb01_40.edf,2236.0,2240.0,0
chb01_40.edf,2240.0,2244.0,0
chb01_40.edf,2244.0,2248.0,0
chb01_40.edf,2248.0,2252.0,0
chb01_40.edf,2252.0,2256.0,0
chb01_40.edf,2256.0,2260.0,0
chb01_40.edf,2260.0,2264.0,0
chb01_40.edf,2264.0,2268.0,0
chb01_40.edf,2268.0,2272.0,0
chb01_40.edf,2272.0,2276.0,0
chb01_40.edf,2276.0,2280.0,0
chb01_40.edf,2280.0,2284.0,0
chb01_40.edf,2284.0,2288.0,0
chb01_40.edf,2288.0,2292.0,0
chb01_40.edf,2292.0,2296.0,0
chb01_40.edf,2296.0,2300.0,0
chb01_40.edf,2300.0,2304.0,0
chb01_40.edf,2304.0,2308.0,0
chb01_40.edf,2308.0,2312.0,0
chb01_40.edf,2312.0,2316.0,0
chb01_40.edf,2316.0,2320.0,0
chb01_40.edf,2320.0,2324.0,0
chb01_40.edf,2324.0,2328.0,0
chb01_40.edf,2328.0,2332.0,0
chb01_40.edf,2332.0,2336.0,0
chb01_40.edf,2336.0,2340.0,0
chb01_40.edf,2340.0,2344.0,0
chb01_40.edf,2344.0,2348.0,0
chb01_40.edf,2348.0,2352.0,0
chb01_40.edf,2352.0,2356.0,0
chb01_40.edf,2356.0,2360.0,0
chb01_40.edf,2360.0,2364.0,0
chb01_40.edf,2364.0,2368.0,0
chb01_40.edf,2368.0,2372.0,0
chb01_40.edf,2372.0,2376.0,0
chb01_40.edf,2376.0,2380.0,0
chb01_40.edf,2380.0,2384.0,0
chb01_40.edf,2384.0,2388.0,0
chb01_40.edf,2388.0,2392.0,0
chb01_40.edf,2392.0,2396.0,0
chb01_40.edf,2396.0,2400.0,0
chb01_40.edf,2400.0,2404.0,0
chb01_40.edf,2404.0,2408.0,0
chb01_40.edf,2408.0,2412.0,0
chb01_40.edf,2412.0,2416.0,0
chb01_40.edf,2416.0,2420.0,0
chb01_40.edf,2420.0,2424.0,0
chb01_40.edf,2424.0,2428.0,0
chb01_40.edf,2428.0,2432.0,0
chb01_40.edf,2432.0,2436.0,0
chb01_40.edf,2436.0,2440.0,0
chb01_40.edf,2440.0,2444.0,0
chb01_40.edf,2444.0,2448.0,0
chb01_40.edf,2448.0,2452.0,0
chb01_40.edf,2452.0,2456.0,0
chb01_40.edf,2456.0,2460.0,0
chb01_40.edf,2460.0,2464.0,0
chb01_40.edf,2464.0,2468.0,0
chb01_40.edf,2468.0,2472.0,0
chb01_40.edf,2472.0,2476.0,0
chb01_40.edf,2476.0,2480.0,0
chb01_40.edf,2480.0,2484.0,0
chb01_40.edf,2484.0,2488.0,0
chb01_40.edf,2488.0,2492.0,0
chb01_40.edf,2492.0,2496.0,0
chb01_40.edf,2496.0,2500.0,0
chb01_40.edf,2500.0,2504.0,0
chb01_40.edf,2504.0,2508.0,0
chb01_40.edf,2508.0,2512.0,0
chb01_40.edf,2512.0,2516.0,0
chb01_40.edf,2516.0,2520.0,0
chb01_40.edf,2520.0,2524.0,0
chb01_40.edf,2524.0,2528.0,0
chb01_40.edf,2528.0,2532.0,0
chb01_40.edf,2532.0,2536.0,0
chb01_40.edf,2536.0,2540.0,0
chb01_40.edf,2540.0,2544.0,0
chb01_40.edf,2544.0,2548.0,0
chb01_40.edf,2548.0,2552.0,0
chb01_40.edf,2552.0,2556.0,0
chb01_40.edf,2556.0,2560.0,0
chb01_40.edf,2560.0,2564.0,0
chb01_40.edf,2564.0,2568.0,0
chb01_40.edf,2568.0,2572.0,0
chb01_40.edf,2572.0,2576.0,0
chb01_40.edf,2576.0,2580.0,0
chb01_40.edf,2580.0,2584.0,0
chb01_40.edf,2584.0,2588.0,0
chb01_40.edf,2588.0,2592.0,0
chb01_40.edf,2592.0,2596.0,0
chb01_40.edf,2596.0,2600.0,0
chb01_40.edf,2600.0,2604.0,0
chb01_40.edf,2604.0,2608.0,0
chb01_40.edf,2608.0,2612.0,0
chb01_40.edf,2612.0,2616.0,0
chb01_40.edf,2616.0,2620.0,0
chb01_40.edf,2620.0,2624.0,0
chb01_40.edf,2624.0,2628.0,0
chb01_40.edf,2628.0,2632.0,0
chb01_40.edf,2632.0,2636.0,0
chb01_40.edf,2636.0,2640.0,0
chb01_40.edf,2640.0,2644.0,0
chb01_40.edf,2644.0,2648.0,0
chb01_40.edf,2648.0,2652.0,0
chb01_40.edf,2652.0,2656.0,0
chb01_40.edf,2656.0,2660.0,0
chb01_40.edf,2660.0,2664.0,0
chb01_40.edf,2664.0,2668.0,0
chb01_40.edf,2668.0,2672.0,0
chb01_40.edf,2672.0,2676.0,0
chb01_40.edf,2676.0,2680.0,0
chb01_40.edf,2680.0,2684.0,0
chb01_40.edf,2684.0,2688.0,0
chb01_40.edf,2688.0,2692.0,0
chb01_40.edf,2692.0,2696.0,0
chb01_40.edf,2696.0,2700.0,0
chb01_40.edf,2700.0,2704.0,0
chb01_40.edf,2704.0,2708.0,0
chb01_40.edf,2708.0,2712.0,0
chb01_40.edf,2712.0,2716.0,0
chb01_40.edf,2716.0,2720.0,0
chb01_40.edf,2720.0,2724.0,0
chb01_40.edf,2724.0,2728.0,0
chb01_40.edf,2728.0,2732.0,0
chb01_40.edf,2732.0,2736.0,0
chb01_40.edf,2736.0,2740.0,0
chb01_40.edf,2740.0,2744.0,0
chb01_40.edf,2744.0,2748.0,0
chb01_40.edf,2748.0,2752.0,0
chb01_40.edf,2752.0,2756.0,0
chb01_40.edf,2756.0,2760.0,0
chb01_40.edf,2760.0,2764.0,0
chb01_40.edf,2764.0,2768.0,0
chb01_40.edf,2768.0,2772.0,0
chb01_40.edf,2772.0,2776.0,0
chb01_40.edf,2776.0,2780.0,0
chb01_40.edf,2780.0,2784.0,0
chb01_40.edf,2784.0,2788.0,0
chb01_40.edf,2788.0,2792.0,0
chb01_40.edf,2792.0,2796.0,0
chb01_40.edf,2796.0,2800.0,0
chb01_40.edf,2800.0,2804.0,0
chb01_40.edf,2804.0,2808.0,0
chb01_40.edf,2808.0,2812.0,0
chb01_40.edf,2812.0,2816.0,0
chb01_40.edf,2816.0,2820.0,0
chb01_40.edf,2820.0,2824.0,0
chb01_40.edf,2824.0,2828.0,0
chb01_40.edf,2828.0,2832.0,0
chb01_40.edf,2832.0,2836.0,0
chb01_40.edf,2836.0,2840.0,0
chb01_40.edf,2840.0,2844.0,0
chb01_40.edf,2844.0,2848.0,0
chb01_40.edf,2848.0,2852.0,0
chb01_40.edf,2852.0,2856.0,0
chb01_40.edf,2856.0,2860.0,0
chb01_40.edf,2860.0,2864.0,0
chb01_40.edf,2864.0,2868.0,0
chb01_40.edf,2868.0,2872.0,0
chb01_40.edf,2872.0,2876.0,0
chb01_40.edf,2876.0,2880.0,0
chb01_40.edf,2880.0,2884.0,0
chb01_40.edf,2884.0,2888.0,0
chb01_40.edf,2888.0,2892.0,0
chb01_40.edf,2892.0,2896.0,0
chb01_40.edf,2896.0,2900.0,0
chb01_40.edf,2900.0,2904.0,0
chb01_40.edf,2904.0,2908.0,0
chb01_40.edf,2908.0,2912.0,0
chb01_40.edf,2912.0,2916.0,0
chb01_40.edf,2916.0,2920.0,0
chb01_40.edf,2920.0,2924.0,0
chb01_40.edf,2924.0,2928.0,0
chb01_40.edf,2928.0,2932.0,0
chb01_40.edf,2932.0,2936.0,0
chb01_40.edf,2936.0,2940.0,0
chb01_40.edf,2940.0,2944.0,0
chb01_40.edf,2944.0,2948.0,0
chb01_40.edf,2948.0,2952.0,0
chb01_40.edf,2952.0,2956.0,0
chb01_40.edf,2956.0,2960.0,0
chb01_40.edf,2960.0,2964.0,0
chb01_40.edf,2964.0,2968.0,0
chb01_40.edf,2968.0,2972.0,0
chb01_40.edf,2972.0,2976.0,0
chb01_40.edf,2976.0,2980.0,0
chb01_40.edf,2980.0,2984.0,0
chb01_40.edf,2984.0,2988.0,0
chb01_40.edf,2988.0,2992.0,0
chb01_40.edf,2992.0,2996.0,0
chb01_40.edf,2996.0,3000.0,0
chb01_40.edf,3000.0,3004.0,0
chb01_40.edf,3004.0,3008.0,0
chb01_40.edf,3008.0,3012.0,0
chb01_40.edf,3012.0,3016.0,0
chb01_40.edf,3016.0,3020.0,0
chb01_40.edf,3020.0,3024.0,0
chb01_40.edf,3024.0,3028.0,0
chb01_40.edf,3028.0,3032.0,0
chb01_40.edf,3032.0,3036.0,0
chb01_40.edf,3036.0,3040.0,0
chb01_40.edf,3040.0,3044.0,0
chb01_40.edf,3044.0,3048.0,0
chb01_40.edf,3048.0,3052.0,0
chb01_40.edf,3052.0,3056.0,0
chb01_40.edf,3056.0,3060.0,0
chb01_40.edf,3060.0,3064.0,0
chb01_40.edf,3064.0,3068.0,0
chb01_40.edf,3068.0,3072.0,0
chb01_40.edf,3072.0,3076.0,0
chb01_40.edf,3076.0,3080.0,0
chb01_40.edf,3080.0,3084.0,0
chb01_40.edf,3084.0,3088.0,0
chb01_40.edf,3088.0,3092.0,0
chb01_40.edf,3092.0,3096.0,0
chb01_40.edf,3096.0,3100.0,0
chb01_40.edf,3100.0,3104.0,0
chb01_40.edf,3104.0,3108.0,0
chb01_40.edf,3108.0,3112.0,0
chb01_40.edf,3112.0,3116.0,0
chb01_40.edf,3116.0,3120.0,0
chb01_40.edf,3120.0,3124.0,0
chb01_40.edf,3124.0,3128.0,0
chb01_40.edf,3128.0,3132.0,0
chb01_40.edf,3132.0,3136.0,0
chb01_40.edf,3136.0,3140.0,0
chb01_40.edf,3140.0,3144.0,0
chb01_40.edf,3144.0,3148.0,0
chb01_40.edf,3148.0,3152.0,0
chb01_40.edf,3152.0,3156.0,0
chb01_40.edf,3156.0,3160.0,0
chb01_40.edf,3160.0,3164.0,0
chb01_40.edf,3164.0,3168.0,0
chb01_40.edf,3168.0,3172.0,0
chb01_40.edf,3172.0,3176.0,0
chb01_40.edf,3176.0,3180.0,0
chb01_40.edf,3180.0,3184.0,0
chb01_40.edf,3184.0,3188.0,0
chb01_40.edf,3188.0,3192.0,0
chb01_40.edf,3192.0,3196.0,0
chb01_40.edf,3196.0,3200.0,0
chb01_40.edf,3200.0,3204.0,0
chb01_40.edf,3204.0,3208.0,0
chb01_40.edf,3208.0,3212.0,0
chb01_40.edf,3212.0,3216.0,0
chb01_40.edf,3216.0,3220.0,0
chb01_40.edf,3220.0,3224.0,0
chb01_40.edf,3224.0,3228.0,0
chb01_40.edf,3228.0,3232.0,0
chb01_40.edf,3232.0,3236.0,0
chb01_40.edf,3236.0,3240.0,0
chb01_40.edf,3240.0,3244.0,0
chb01_40.edf,3244.0,3248.0,0
chb01_40.edf,3248.0,3252.0,0
chb01_40.edf,3252.0,3256.0,0
chb01_40.edf,3256.0,3260.0,0
chb01_40.edf,3260.0,3264.0,0
chb01_40.edf,3264.0,3268.0,0
chb01_40.edf,3268.0,3272.0,0
chb01_40.edf,3272.0,3276.0,0
chb01_40.edf,3276.0,3280.0,0
chb01_40.edf,3280.0,3284.0,0
chb01_40.edf,3284.0,3288.0,0
chb01_40.edf,3288.0,3292.0,0
chb01_40.edf,3292.0,3296.0,0
chb01_40.edf,3296.0,3300.0,0
chb01_40.edf,3300.0,3304.0,0
chb01_40.edf,3304.0,3308.0,0
chb01_40.edf,3308.0,3312.0,0
chb01_40.edf,3312.0,3316.0,0
chb01_40.edf,3316.0,3320.0,0
chb01_40.edf,3320.0,3324.0,0
chb01_40.edf,3324.0,3328.0,0
chb01_40.edf,3328.0,3332.0,0
chb01_40.edf,3332.0,3336.0,0
chb01_40.edf,3336.0,3340.0,0
chb01_40.edf,3340.0,3344.0,0
chb01_40.edf,3344.0,3348.0,0
chb01_40.edf,3348.0,3352.0,0
chb01_40.edf,3352.0,3356.0,0
chb01_40.edf,3356.0,3360.0,0
chb01_40.edf,3360.0,3364.0,0
chb01_40.edf,3364.0,3368.0,0
chb01_40.edf,3368.0,3372.0,0
chb01_40.edf,3372.0,3376.0,0
chb01_40.edf,3376.0,3380.0,0
chb01_40.edf,3380.0,3384.0,0
chb01_40.edf,3384.0,3388.0,0
chb01_40.edf,3388.0,3392.0,0
chb01_40.edf,3392.0,3396.0,0
chb01_40.edf,3396.0,3400.0,0
chb01_40.edf,3400.0,3404.0,0
chb01_40.edf,3404.0,3408.0,0
chb01_40.edf,3408.0,3412.0,0
chb01_40.edf,3412.0,3416.0,0
chb01_40.edf,3416.0,3420.0,0
chb01_40.edf,3420.0,3424.0,0
chb01_40.edf,3424.0,3428.0,0
chb01_40.edf,3428.0,3432.0,0
chb01_40.edf,3432.0,3436.0,0
chb01_40.edf,3436.0,3440.0,0
chb01_40.edf,3440.0,3444.0,0
chb01_40.edf,3444.0,3448.0,0
chb01_40.edf,3448.0,3452.0,0
chb01_40.edf,3452.0,3456.0,0
chb01_40.edf,3456.0,3460.0,0
chb01_40.edf,3460.0,3464.0,0
chb01_40.edf,3464.0,3468.0,0
chb01_40.edf,3468.0,3472.0,0
chb01_40.edf,3472.0,3476.0,0
chb01_40.edf,3476.0,3480.0,0
chb01_40.edf,3480.0,3484.0,0
chb01_40.edf,3484.0,3488.0,0
chb01_40.edf,3488.0,3492.0,0
chb01_40.edf,3492.0,3496.0,0
chb01_40.edf,3496.0,3500.0,0
chb01_40.edf,3500.0,3504.0,0
chb01_40.edf,3504.0,3508.0,0
chb01_40.edf,3508.0,3512.0,0
chb01_40.edf,3512.0,3516.0,0
chb01_40.edf,3516.0,3520.0,0
chb01_40.edf,3520.0,3524.0,0
chb01_40.edf,3524.0,3528.0,0
chb01_40.edf,3528.0,3532.0,0
chb01_40.edf,3532.0,3536.0,0
chb01_40.edf,3536.0,3540.0,0
chb01_40.edf,3540.0,3544.0,0
chb01_40.edf,3544.0,3548.0,0
chb01_40.edf,3548.0,3552.0,0
chb01_40.edf,3552.0,3556.0,0
chb01_40.edf,3556.0,3560.0,0
chb01_40.edf,3560.0,3564.0,0
chb01_40.edf,3564.0,3568.0,0
chb01_40.edf,3568.0,3572.0,0
chb01_40.edf,3572.0,3576.0,0
chb01_40.edf,3576.0,3580.0,0
chb01_40.edf,3580.0,3584.0,0
chb01_40.edf,3584.0,3588.0,0
chb01_40.edf,3588.0,3592.0,0
chb01_40.edf,3592.0,3596.0,0
chb01_40.edf,3596.0,3600.0,0
chb01_41.edf,0.0,4.0,0
chb01_41.edf,4.0,8.0,0
chb01_41.edf,8.0,12.0,0
chb01_41.edf,12.0,16.0,0
chb01_41.edf,16.0,20.0,0
chb01_41.edf,20.0,24.0,0
chb01_41.edf,24.0,28.0,0
chb01_41.edf,28.0,32.0,0
chb01_41.edf,32.0,36.0,0
chb01_41.edf,36.0,40.0,0
chb01_41.edf,40.0,44.0,0
chb01_41.edf,44.0,48.0,0
chb01_41.edf,48.0,52.0,0
chb01_41.edf,52.0,56.0,0
chb01_41.edf,56.0,60.0,0
chb01_41.edf,60.0,64.0,0
chb01_41.edf,64.0,68.0,0
chb01_41.edf,68.0,72.0,0
chb01_41.edf,72.0,76.0,0
chb01_41.edf,76.0,80.0,0
chb01_41.edf,80.0,84.0,0
chb01_41.edf,84.0,88.0,0
chb01_41.edf,88.0,92.0,0
chb01_41.edf,92.0,96.0,0
chb01_41.edf,96.0,100.0,0
chb01_41.edf,100.0,104.0,0
chb01_41.edf,104.0,108.0,0
chb01_41.edf,108.0,112.0,0
chb01_41.edf,112.0,116.0,0
chb01_41.edf,116.0,120.0,0
chb01_41.edf,120.0,124.0,0
chb01_41.edf,124.0,128.0,0
chb01_41.edf,128.0,132.0,0
chb01_41.edf,132.0,136.0,0
chb01_41.edf,136.0,140.0,0
chb01_41.edf,140.0,144.0,0
chb01_41.edf,144.0,148.0,0
chb01_41.edf,148.0,152.0,0
chb01_41.edf,152.0,156.0,0
chb01_41.edf,156.0,160.0,0
chb01_41.edf,160.0,164.0,0
chb01_41.edf,164.0,168.0,0
chb01_41.edf,168.0,172.0,0
chb01_41.edf,172.0,176.0,0
chb01_41.edf,176.0,180.0,0
chb01_41.edf,180.0,184.0,0
chb01_41.edf,184.0,188.0,0
chb01_41.edf,188.0,192.0,0
chb01_41.edf,192.0,196.0,0
chb01_41.edf,196.0,200.0,0
chb01_41.edf,200.0,204.0,0
chb01_41.edf,204.0,208.0,0
chb01_41.edf,208.0,212.0,0
chb01_41.edf,212.0,216.0,0
chb01_41.edf,216.0,220.0,0
chb01_41.edf,220.0,224.0,0
chb01_41.edf,224.0,228.0,0
chb01_41.edf,228.0,232.0,0
chb01_41.edf,232.0,236.0,0
chb01_41.edf,236.0,240.0,0
chb01_41.edf,240.0,244.0,0
chb01_41.edf,244.0,248.0,0
chb01_41.edf,248.0,252.0,0
chb01_41.edf,252.0,256.0,0
chb01_41.edf,256.0,260.0,0
chb01_41.edf,260.0,264.0,0
chb01_41.edf,264.0,268.0,0
chb01_41.edf,268.0,272.0,0
chb01_41.edf,272.0,276.0,0
chb01_41.edf,276.0,280.0,0
chb01_41.edf,280.0,284.0,0
chb01_41.edf,284.0,288.0,0
chb01_41.edf,288.0,292.0,0
chb01_41.edf,292.0,296.0,0
chb01_41.edf,296.0,300.0,0
chb01_41.edf,300.0,304.0,0
chb01_41.edf,304.0,308.0,0
chb01_41.edf,308.0,312.0,0
chb01_41.edf,312.0,316.0,0
chb01_41.edf,316.0,320.0,0
chb01_41.edf,320.0,324.0,0
chb01_41.edf,324.0,328.0,0
chb01_41.edf,328.0,332.0,0
chb01_41.edf,332.0,336.0,0
chb01_41.edf,336.0,340.0,0
chb01_41.edf,340.0,344.0,0
chb01_41.edf,344.0,348.0,0
chb01_41.edf,348.0,352.0,0
chb01_41.edf,352.0,356.0,0
chb01_41.edf,356.0,360.0,0
chb01_41.edf,360.0,364.0,0
chb01_41.edf,364.0,368.0,0
chb01_41.edf,368.0,372.0,0
chb01_41.edf,372.0,376.0,0
chb01_41.edf,376.0,380.0,0
chb01_41.edf,380.0,384.0,0
chb01_41.edf,384.0,388.0,0
chb01_41.edf,388.0,392.0,0
chb01_41.edf,392.0,396.0,0
chb01_41.edf,396.0,400.0,0
chb01_41.edf,400.0,404.0,0
chb01_41.edf,404.0,408.0,0
chb01_41.edf,408.0,412.0,0
chb01_41.edf,412.0,416.0,0
chb01_41.edf,416.0,420.0,0
chb01_41.edf,420.0,424.0,0
chb01_41.edf,424.0,428.0,0
chb01_41.edf,428.0,432.0,0
chb01_41.edf,432.0,436.0,0
chb01_41.edf,436.0,440.0,0
chb01_41.edf,440.0,444.0,0
chb01_41.edf,444.0,448.0,0
chb01_41.edf,448.0,452.0,0
chb01_41.edf,452.0,456.0,0
chb01_41.edf,456.0,460.0,0
chb01_41.edf,460.0,464.0,0
chb01_41.edf,464.0,468.0,0
chb01_41.edf,468.0,472.0,0
chb01_41.edf,472.0,476.0,0
chb01_41.edf,476.0,480.0,0
chb01_41.edf,480.0,484.0,0
chb01_41.edf,484.0,488.0,0
chb01_41.edf,488.0,492.0,0
chb01_41.edf,492.0,496.0,0
chb01_41.edf,496.0,500.0,0
chb01_41.edf,500.0,504.0,0
chb01_41.edf,504.0,508.0,0
chb01_41.edf,508.0,512.0,0
chb01_41.edf,512.0,516.0,0
chb01_41.edf,516.0,520.0,0
chb01_41.edf,520.0,524.0,0
chb01_41.edf,524.0,528.0,0
chb01_41.edf,528.0,532.0,0
chb01_41.edf,532.0,536.0,0
chb01_41.edf,536.0,540.0,0
chb01_41.edf,540.0,544.0,0
chb01_41.edf,544.0,548.0,0
chb01_41.edf,548.0,552.0,0
chb01_41.edf,552.0,556.0,0
chb01_41.edf,556.0,560.0,0
chb01_41.edf,560.0,564.0,0
chb01_41.edf,564.0,568.0,0
chb01_41.edf,568.0,572.0,0
chb01_41.edf,572.0,576.0,0
chb01_41.edf,576.0,580.0,0
chb01_41.edf,580.0,584.0,0
chb01_41.edf,584.0,588.0,0
chb01_41.edf,588.0,592.0,0
chb01_41.edf,592.0,596.0,0
chb01_41.edf,596.0,600.0,0
chb01_41.edf,600.0,604.0,0
chb01_41.edf,604.0,608.0,0
chb01_41.edf,608.0,612.0,0
chb01_41.edf,612.0,616.0,0
chb01_41.edf,616.0,620.0,0
chb01_41.edf,620.0,624.0,0
chb01_41.edf,624.0,628.0,0
chb01_41.edf,628.0,632.0,0
chb01_41.edf,632.0,636.0,0
chb01_41.edf,636.0,640.0,0
chb01_41.edf,640.0,644.0,0
chb01_41.edf,644.0,648.0,0
chb01_41.edf,648.0,652.0,0
chb01_41.edf,652.0,656.0,0
chb01_41.edf,656.0,660.0,0
chb01_41.edf,660.0,664.0,0
chb01_41.edf,664.0,668.0,0
chb01_41.edf,668.0,672.0,0
chb01_41.edf,672.0,676.0,0
chb01_41.edf,676.0,680.0,0
chb01_41.edf,680.0,684.0,0
chb01_41.edf,684.0,688.0,0
chb01_41.edf,688.0,692.0,0
chb01_41.edf,692.0,696.0,0
chb01_41.edf,696.0,700.0,0
chb01_41.edf,700.0,704.0,0
chb01_41.edf,704.0,708.0,0
chb01_41.edf,708.0,712.0,0
chb01_41.edf,712.0,716.0,0
chb01_41.edf,716.0,720.0,0
chb01_41.edf,720.0,724.0,0
chb01_41.edf,724.0,728.0,0
chb01_41.edf,728.0,732.0,0
chb01_41.edf,732.0,736.0,0
chb01_41.edf,736.0,740.0,0
chb01_41.edf,740.0,744.0,0
chb01_41.edf,744.0,748.0,0
chb01_41.edf,748.0,752.0,0
chb01_41.edf,752.0,756.0,0
chb01_41.edf,756.0,760.0,0
chb01_41.edf,760.0,764.0,0
chb01_41.edf,764.0,768.0,0
chb01_41.edf,768.0,772.0,0
chb01_41.edf,772.0,776.0,0
chb01_41.edf,776.0,780.0,0
chb01_41.edf,780.0,784.0,0
chb01_41.edf,784.0,788.0,0
chb01_41.edf,788.0,792.0,0
chb01_41.edf,792.0,796.0,0
chb01_41.edf,796.0,800.0,0
chb01_41.edf,800.0,804.0,0
chb01_41.edf,804.0,808.0,0
chb01_41.edf,808.0,812.0,0
chb01_41.edf,812.0,816.0,0
chb01_41.edf,816.0,820.0,0
chb01_41.edf,820.0,824.0,0
chb01_41.edf,824.0,828.0,0
chb01_41.edf,828.0,832.0,0
chb01_41.edf,832.0,836.0,0
chb01_41.edf,836.0,840.0,0
chb01_41.edf,840.0,844.0,0
chb01_41.edf,844.0,848.0,0
chb01_41.edf,848.0,852.0,0
chb01_41.edf,852.0,856.0,0
chb01_41.edf,856.0,860.0,0
chb01_41.edf,860.0,864.0,0
chb01_41.edf,864.0,868.0,0
chb01_41.edf,868.0,872.0,0
chb01_41.edf,872.0,876.0,0
chb01_41.edf,876.0,880.0,0
chb01_41.edf,880.0,884.0,0
chb01_41.edf,884.0,888.0,0
chb01_41.edf,888.0,892.0,0
chb01_41.edf,892.0,896.0,0
chb01_41.edf,896.0,900.0,0
chb01_41.edf,900.0,904.0,0
chb01_41.edf,904.0,908.0,0
chb01_41.edf,908.0,912.0,0
chb01_41.edf,912.0,916.0,0
chb01_41.edf,916.0,920.0,0
chb01_41.edf,920.0,924.0,0
chb01_41.edf,924.0,928.0,0
chb01_41.edf,928.0,932.0,0
chb01_41.edf,932.0,936.0,0
chb01_41.edf,936.0,940.0,0
chb01_41.edf,940.0,944.0,0
chb01_41.edf,944.0,948.0,0
chb01_41.edf,948.0,952.0,0
chb01_41.edf,952.0,956.0,0
chb01_41.edf,956.0,960.0,0
chb01_41.edf,960.0,964.0,0
chb01_41.edf,964.0,968.0,0
chb01_41.edf,968.0,972.0,0
chb01_41.edf,972.0,976.0,0
chb01_41.edf,976.0,980.0,0
chb01_41.edf,980.0,984.0,0
chb01_41.edf,984.0,988.0,0
chb01_41.edf,988.0,992.0,0
chb01_41.edf,992.0,996.0,0
chb01_41.edf,996.0,1000.0,0
chb01_41.edf,1000.0,1004.0,0
chb01_41.edf,1004.0,1008.0,0
chb01_41.edf,1008.0,1012.0,0
chb01_41.edf,1012.0,1016.0,0
chb01_41.edf,1016.0,1020.0,0
chb01_41.edf,1020.0,1024.0,0
chb01_41.edf,1024.0,1028.0,0
chb01_41.edf,1028.0,1032.0,0
chb01_41.edf,1032.0,1036.0,0
chb01_41.edf,1036.0,1040.0,0
chb01_41.edf,1040.0,1044.0,0
chb01_41.edf,1044.0,1048.0,0
chb01_41.edf,1048.0,1052.0,0
chb01_41.edf,1052.0,1056.0,0
chb01_41.edf,1056.0,1060.0,0
chb01_41.edf,1060.0,1064.0,0
chb01_41.edf,1064.0,1068.0,0
chb01_41.edf,1068.0,1072.0,0
chb01_41.edf,1072.0,1076.0,0
chb01_41.edf,1076.0,1080.0,0
chb01_41.edf,1080.0,1084.0,0
chb01_41.edf,1084.0,1088.0,0
chb01_41.edf,1088.0,1092.0,0
chb01_41.edf,1092.0,1096.0,0
chb01_41.edf,1096.0,1100.0,0
chb01_41.edf,1100.0,1104.0,0
chb01_41.edf,1104.0,1108.0,0
chb01_41.edf,1108.0,1112.0,0
chb01_41.edf,1112.0,1116.0,0
chb01_41.edf,1116.0,1120.0,0
chb01_41.edf,1120.0,1124.0,0
chb01_41.edf,1124.0,1128.0,0
chb01_41.edf,1128.0,1132.0,0
chb01_41.edf,1132.0,1136.0,0
chb01_41.edf,1136.0,1140.0,0
chb01_41.edf,1140.0,1144.0,0
chb01_41.edf,1144.0,1148.0,0
chb01_41.edf,1148.0,1152.0,0
chb01_41.edf,1152.0,1156.0,0
chb01_41.edf,1156.0,1160.0,0
chb01_41.edf,1160.0,1164.0,0
chb01_41.edf,1164.0,1168.0,0
chb01_41.edf,1168.0,1172.0,0
chb01_41.edf,1172.0,1176.0,0
chb01_41.edf,1176.0,1180.0,0
chb01_41.edf,1180.0,1184.0,0
chb01_41.edf,1184.0,1188.0,0
chb01_41.edf,1188.0,1192.0,0
chb01_41.edf,1192.0,1196.0,0
chb01_41.edf,1196.0,1200.0,0
chb01_41.edf,1200.0,1204.0,0
chb01_41.edf,1204.0,1208.0,0
chb01_41.edf,1208.0,1212.0,0
chb01_41.edf,1212.0,1216.0,0
chb01_41.edf,1216.0,1220.0,0
chb01_41.edf,1220.0,1224.0,0
chb01_41.edf,1224.0,1228.0,0
chb01_41.edf,1228.0,1232.0,0
chb01_41.edf,1232.0,1236.0,0
chb01_41.edf,1236.0,1240.0,0
chb01_41.edf,1240.0,1244.0,0
chb01_41.edf,1244.0,1248.0,0
chb01_41.edf,1248.0,1252.0,0
chb01_41.edf,1252.0,1256.0,0
chb01_41.edf,1256.0,1260.0,0
chb01_41.edf,1260.0,1264.0,0
chb01_41.edf,1264.0,1268.0,0
chb01_41.edf,1268.0,1272.0,0
chb01_41.edf,1272.0,1276.0,0
chb01_41.edf,1276.0,1280.0,0
chb01_41.edf,1280.0,1284.0,0
chb01_41.edf,1284.0,1288.0,0
chb01_41.edf,1288.0,1292.0,0
chb01_41.edf,1292.0,1296.0,0
chb01_41.edf,1296.0,1300.0,0
chb01_41.edf,1300.0,1304.0,0
chb01_41.edf,1304.0,1308.0,0
chb01_41.edf,1308.0,1312.0,0
chb01_41.edf,1312.0,1316.0,0
chb01_41.edf,1316.0,1320.0,0
chb01_41.edf,1320.0,1324.0,0
chb01_41.edf,1324.0,1328.0,0
chb01_41.edf,1328.0,1332.0,0
chb01_41.edf,1332.0,1336.0,0
chb01_41.edf,1336.0,1340.0,0
chb01_41.edf,1340.0,1344.0,0
chb01_41.edf,1344.0,1348.0,0
chb01_41.edf,1348.0,1352.0,0
chb01_41.edf,1352.0,1356.0,0
chb01_41.edf,1356.0,1360.0,0
chb01_41.edf,1360.0,1364.0,0
chb01_41.edf,1364.0,1368.0,0
chb01_41.edf,1368.0,1372.0,0
chb01_41.edf,1372.0,1376.0,0
chb01_41.edf,1376.0,1380.0,0
chb01_41.edf,1380.0,1384.0,0
chb01_41.edf,1384.0,1388.0,0
chb01_41.edf,1388.0,1392.0,0
chb01_41.edf,1392.0,1396.0,0
chb01_41.edf,1396.0,1400.0,0
chb01_41.edf,1400.0,1404.0,0
chb01_41.edf,1404.0,1408.0,0
chb01_41.edf,1408.0,1412.0,0
chb01_41.edf,1412.0,1416.0,0
chb01_41.edf,1416.0,1420.0,0
chb01_41.edf,1420.0,1424.0,0
chb01_41.edf,1424.0,1428.0,0
chb01_41.edf,1428.0,1432.0,0
chb01_41.edf,1432.0,1436.0,0
chb01_41.edf,1436.0,1440.0,0
chb01_41.edf,1440.0,1444.0,0
chb01_41.edf,1444.0,1448.0,0
chb01_41.edf,1448.0,1452.0,0
chb01_41.edf,1452.0,1456.0,0
chb01_41.edf,1456.0,1460.0,0
chb01_41.edf,1460.0,1464.0,0
chb01_41.edf,1464.0,1468.0,0
chb01_41.edf,1468.0,1472.0,0
chb01_41.edf,1472.0,1476.0,0
chb01_41.edf,1476.0,1480.0,0
chb01_41.edf,1480.0,1484.0,0
chb01_41.edf,1484.0,1488.0,0
chb01_41.edf,1488.0,1492.0,0
chb01_41.edf,1492.0,1496.0,0
chb01_41.edf,1496.0,1500.0,0
chb01_41.edf,1500.0,1504.0,0
chb01_41.edf,1504.0,1508.0,0
chb01_41.edf,1508.0,1512.0,0
chb01_41.edf,1512.0,1516.0,0
chb01_41.edf,1516.0,1520.0,0
chb01_41.edf,1520.0,1524.0,0
chb01_41.edf,1524.0,1528.0,0
chb01_41.edf,1528.0,1532.0,0
chb01_41.edf,1532.0,1536.0,0
chb01_41.edf,1536.0,1540.0,0
chb01_41.edf,1540.0,1544.0,0
chb01_41.edf,1544.0,1548.0,0
chb01_41.edf,1548.0,1552.0,0
chb01_41.edf,1552.0,1556.0,0
chb01_41.edf,1556.0,1560.0,0
chb01_41.edf,1560.0,1564.0,0
chb01_41.edf,1564.0,1568.0,0
chb01_41.edf,1568.0,1572.0,0
chb01_41.edf,1572.0,1576.0,0
chb01_41.edf,1576.0,1580.0,0
chb01_41.edf,1580.0,1584.0,0
chb01_41.edf,1584.0,1588.0,0
chb01_41.edf,1588.0,1592.0,0
chb01_41.edf,1592.0,1596.0,0
chb01_41.edf,1596.0,1600.0,0
chb01_41.edf,1600.0,1604.0,0
chb01_41.edf,1604.0,1608.0,0
chb01_41.edf,1608.0,1612.0,0
chb01_41.edf,1612.0,1616.0,0
chb01_41.edf,1616.0,1620.0,0
chb01_41.edf,1620.0,1624.0,0
chb01_41.edf,1624.0,1628.0,0
chb01_41.edf,1628.0,1632.0,0
chb01_41.edf,1632.0,1636.0,0
chb01_41.edf,1636.0,1640.0,0
chb01_41.edf,1640.0,1644.0,0
chb01_41.edf,1644.0,1648.0,0
chb01_41.edf,1648.0,1652.0,0
chb01_41.edf,1652.0,1656.0,0
chb01_41.edf,1656.0,1660.0,0
chb01_41.edf,1660.0,1664.0,0
chb01_41.edf,1664.0,1668.0,0
chb01_41.edf,1668.0,1672.0,0
chb01_41.edf,1672.0,1676.0,0
chb01_41.edf,1676.0,1680.0,0
chb01_41.edf,1680.0,1684.0,0
chb01_41.edf,1684.0,1688.0,0
chb01_41.edf,1688.0,1692.0,0
chb01_41.edf,1692.0,1696.0,0
chb01_41.edf,1696.0,1700.0,0
chb01_41.edf,1700.0,1704.0,0
chb01_41.edf,1704.0,1708.0,0
chb01_41.edf,1708.0,1712.0,0
chb01_41.edf,1712.0,1716.0,0
chb01_41.edf,1716.0,1720.0,0
chb01_41.edf,1720.0,1724.0,0
chb01_41.edf,1724.0,1728.0,0
chb01_41.edf,1728.0,1732.0,0
chb01_41.edf,1732.0,1736.0,0
chb01_41.edf,1736.0,1740.0,0
chb01_41.edf,1740.0,1744.0,0
chb01_41.edf,1744.0,1748.0,0
chb01_41.edf,1748.0,1752.0,0
chb01_41.edf,1752.0,1756.0,0
chb01_41.edf,1756.0,1760.0,0
chb01_41.edf,1760.0,1764.0,0
chb01_41.edf,1764.0,1768.0,0
chb01_41.edf,1768.0,1772.0,0
chb01_41.edf,1772.0,1776.0,0
chb01_41.edf,1776.0,1780.0,0
chb01_41.edf,1780.0,1784.0,0
chb01_41.edf,1784.0,1788.0,0
chb01_41.edf,1788.0,1792.0,0
chb01_41.edf,1792.0,1796.0,0
chb01_41.edf,1796.0,1800.0,0
chb01_41.edf,1800.0,1804.0,0
chb01_41.edf,1804.0,1808.0,0
chb01_41.edf,1808.0,1812.0,0
chb01_41.edf,1812.0,1816.0,0
chb01_41.edf,1816.0,1820.0,0
chb01_41.edf,1820.0,1824.0,0
chb01_41.edf,1824.0,1828.0,0
chb01_41.edf,1828.0,1832.0,0
chb01_41.edf,1832.0,1836.0,0
chb01_41.edf,1836.0,1840.0,0
chb01_41.edf,1840.0,1844.0,0
chb01_41.edf,1844.0,1848.0,0
chb01_41.edf,1848.0,1852.0,0
chb01_41.edf,1852.0,1856.0,0
chb01_41.edf,1856.0,1860.0,0
chb01_41.edf,1860.0,1864.0,0
chb01_41.edf,1864.0,1868.0,0
chb01_41.edf,1868.0,1872.0,0
chb01_41.edf,1872.0,1876.0,0
chb01_41.edf,1876.0,1880.0,0
chb01_41.edf,1880.0,1884.0,0
chb01_41.edf,1884.0,1888.0,0
chb01_41.edf,1888.0,1892.0,0
chb01_41.edf,1892.0,1896.0,0
chb01_41.edf,1896.0,1900.0,0
chb01_41.edf,1900.0,1904.0,0
chb01_41.edf,1904.0,1908.0,0
chb01_41.edf,1908.0,1912.0,0
chb01_41.edf,1912.0,1916.0,0
chb01_41.edf,1916.0,1920.0,0
chb01_41.edf,1920.0,1924.0,0
chb01_41.edf,1924.0,1928.0,0
chb01_41.edf,1928.0,1932.0,0
chb01_41.edf,1932.0,1936.0,0
chb01_41.edf,1936.0,1940.0,0
chb01_41.edf,1940.0,1944.0,0
chb01_41.edf,1944.0,1948.0,0
chb01_41.edf,1948.0,1952.0,0
chb01_41.edf,1952.0,1956.0,0
chb01_41.edf,1956.0,1960.0,0
chb01_41.edf,1960.0,1964.0,0
chb01_41.edf,1964.0,1968.0,0
chb01_41.edf,1968.0,1972.0,0
chb01_41.edf,1972.0,1976.0,0
chb01_41.edf,1976.0,1980.0,0
chb01_41.edf,1980.0,1984.0,0
chb01_41.edf,1984.0,1988.0,0
chb01_41.edf,1988.0,1992.0,0
chb01_41.edf,1992.0,1996.0,0
chb01_41.edf,1996.0,2000.0,0
chb01_41.edf,2000.0,2004.0,0
chb01_41.edf,2004.0,2008.0,0
chb01_41.edf,2008.0,2012.0,0
chb01_41.edf,2012.0,2016.0,0
chb01_41.edf,2016.0,2020.0,0
chb01_41.edf,2020.0,2024.0,0
chb01_41.edf,2024.0,2028.0,0
chb01_41.edf,2028.0,2032.0,0
chb01_41.edf,2032.0,2036.0,0
chb01_41.edf,2036.0,2040.0,0
chb01_41.edf,2040.0,2044.0,0
chb01_41.edf,2044.0,2048.0,0
chb01_41.edf,2048.0,2052.0,0
chb01_41.edf,2052.0,2056.0,0
chb01_41.edf,2056.0,2060.0,0
chb01_41.edf,2060.0,2064.0,0
chb01_41.edf,2064.0,2068.0,0
chb01_41.edf,2068.0,2072.0,0
chb01_41.edf,2072.0,2076.0,0
chb01_41.edf,2076.0,2080.0,0
chb01_41.edf,2080.0,2084.0,0
chb01_41.edf,2084.0,2088.0,0
chb01_41.edf,2088.0,2092.0,0
chb01_41.edf,2092.0,2096.0,0
chb01_41.edf,2096.0,2100.0,0
chb01_41.edf,2100.0,2104.0,0
chb01_41.edf,2104.0,2108.0,0
chb01_41.edf,2108.0,2112.0,0
chb01_41.edf,2112.0,2116.0,0
chb01_41.edf,2116.0,2120.0,0
chb01_41.edf,2120.0,2124.0,0
chb01_41.edf,2124.0,2128.0,0
chb01_41.edf,2128.0,2132.0,0
chb01_41.edf,2132.0,2136.0,0
chb01_41.edf,2136.0,2140.0,0
chb01_41.edf,2140.0,2144.0,0
chb01_41.edf,2144.0,2148.0,0
chb01_41.edf,2148.0,2152.0,0
chb01_41.edf,2152.0,2156.0,0
chb01_41.edf,2156.0,2160.0,0
chb01_41.edf,2160.0,2164.0,0
chb01_41.edf,2164.0,2168.0,0
chb01_41.edf,2168.0,2172.0,0
chb01_41.edf,2172.0,2176.0,0
chb01_41.edf,2176.0,2180.0,0
chb01_41.edf,2180.0,2184.0,0
chb01_41.edf,2184.0,2188.0,0
chb01_41.edf,2188.0,2192.0,0
chb01_41.edf,2192.0,2196.0,0
chb01_41.edf,2196.0,2200.0,0
chb01_41.edf,2200.0,2204.0,0
chb01_41.edf,2204.0,2208.0,0
chb01_41.edf,2208.0,2212.0,0
chb01_41.edf,2212.0,2216.0,0
chb01_41.edf,2216.0,2220.0,0
chb01_41.edf,2220.0,2224.0,0
chb01_41.edf,2224.0,2228.0,0
chb01_41.edf,2228.0,2232.0,0
chb01_41.edf,2232.0,2236.0,0
chb01_41.edf,2236.0,2240.0,0
chb01_41.edf,2240.0,2244.0,0
chb01_41.edf,2244.0,2248.0,0
chb01_41.edf,2248.0,2252.0,0
chb01_41.edf,2252.0,2256.0,0
chb01_41.edf,2256.0,2260.0,0
chb01_41.edf,2260.0,2264.0,0
chb01_41.edf,2264.0,2268.0,0
chb01_41.edf,2268.0,2272.0,0
chb01_41.edf,2272.0,2276.0,0
chb01_41.edf,2276.0,2280.0,0
chb01_41.edf,2280.0,2284.0,0
chb01_41.edf,2284.0,2288.0,0
chb01_41.edf,2288.0,2292.0,0
chb01_41.edf,2292.0,2296.0,0
chb01_41.edf,2296.0,2300.0,0
chb01_41.edf,2300.0,2304.0,0
chb01_41.edf,2304.0,2308.0,0
chb01_41.edf,2308.0,2312.0,0
chb01_41.edf,2312.0,2316.0,0
chb01_41.edf,2316.0,2320.0,0
chb01_41.edf,2320.0,2324.0,0
chb01_41.edf,2324.0,2328.0,0
chb01_41.edf,2328.0,2332.0,0
chb01_41.edf,2332.0,2336.0,0
chb01_41.edf,2336.0,2340.0,0
chb01_41.edf,2340.0,2344.0,0
chb01_41.edf,2344.0,2348.0,0
chb01_41.edf,2348.0,2352.0,0
chb01_41.edf,2352.0,2356.0,0
chb01_41.edf,2356.0,2360.0,0
chb01_41.edf,2360.0,2364.0,0
chb01_41.edf,2364.0,2368.0,0
chb01_41.edf,2368.0,2372.0,0
chb01_41.edf,2372.0,2376.0,0
chb01_41.edf,2376.0,2380.0,0
chb01_41.edf,2380.0,2384.0,0
chb01_41.edf,2384.0,2388.0,0
chb01_41.edf,2388.0,2392.0,0
chb01_41.edf,2392.0,2396.0,0
chb01_41.edf,2396.0,2400.0,0
chb01_41.edf,2400.0,2404.0,0
chb01_41.edf,2404.0,2408.0,0
chb01_41.edf,2408.0,2412.0,0
chb01_41.edf,2412.0,2416.0,0
chb01_41.edf,2416.0,2420.0,0
chb01_41.edf,2420.0,2424.0,0
chb01_41.edf,2424.0,2428.0,0
chb01_41.edf,2428.0,2432.0,0
chb01_41.edf,2432.0,2436.0,0
chb01_41.edf,2436.0,2440.0,0
chb01_41.edf,2440.0,2444.0,0
chb01_41.edf,2444.0,2448.0,0
chb01_41.edf,2448.0,2452.0,0
chb01_41.edf,2452.0,2456.0,0
chb01_41.edf,2456.0,2460.0,0
chb01_41.edf,2460.0,2464.0,0
chb01_41.edf,2464.0,2468.0,0
chb01_41.edf,2468.0,2472.0,0
chb01_41.edf,2472.0,2476.0,0
chb01_41.edf,2476.0,2480.0,0
chb01_41.edf,2480.0,2484.0,0
chb01_41.edf,2484.0,2488.0,0
chb01_41.edf,2488.0,2492.0,0
chb01_41.edf,2492.0,2496.0,0
chb01_41.edf,2496.0,2500.0,0
chb01_41.edf,2500.0,2504.0,0
chb01_41.edf,2504.0,2508.0,0
chb01_41.edf,2508.0,2512.0,0
chb01_41.edf,2512.0,2516.0,0
chb01_41.edf,2516.0,2520.0,0
chb01_41.edf,2520.0,2524.0,0
chb01_41.edf,2524.0,2528.0,0
chb01_41.edf,2528.0,2532.0,0
chb01_41.edf,2532.0,2536.0,0
chb01_41.edf,2536.0,2540.0,0
chb01_41.edf,2540.0,2544.0,0
chb01_41.edf,2544.0,2548.0,0
chb01_41.edf,2548.0,2552.0,0
chb01_41.edf,2552.0,2556.0,0
chb01_41.edf,2556.0,2560.0,0
chb01_41.edf,2560.0,2564.0,0
chb01_41.edf,2564.0,2568.0,0
chb01_41.edf,2568.0,2572.0,0
chb01_41.edf,2572.0,2576.0,0
chb01_41.edf,2576.0,2580.0,0
chb01_41.edf,2580.0,2584.0,0
chb01_41.edf,2584.0,2588.0,0
chb01_41.edf,2588.0,2592.0,0
chb01_41.edf,2592.0,2596.0,0
chb01_41.edf,2596.0,2600.0,0
chb01_41.edf,2600.0,2604.0,0
chb01_41.edf,2604.0,2608.0,0
chb01_41.edf,2608.0,2612.0,0
chb01_41.edf,2612.0,2616.0,0
chb01_41.edf,2616.0,2620.0,0
chb01_41.edf,2620.0,2624.0,0
chb01_41.edf,2624.0,2628.0,0
chb01_41.edf,2628.0,2632.0,0
chb01_41.edf,2632.0,2636.0,0
chb01_41.edf,2636.0,2640.0,0
chb01_41.edf,2640.0,2644.0,0
chb01_41.edf,2644.0,2648.0,0
chb01_41.edf,2648.0,2652.0,0
chb01_41.edf,2652.0,2656.0,0
chb01_41.edf,2656.0,2660.0,0
chb01_41.edf,2660.0,2664.0,0
chb01_41.edf,2664.0,2668.0,0
chb01_41.edf,2668.0,2672.0,0
chb01_41.edf,2672.0,2676.0,0
chb01_41.edf,2676.0,2680.0,0
chb01_41.edf,2680.0,2684.0,0
chb01_41.edf,2684.0,2688.0,0
chb01_41.edf,2688.0,2692.0,0
chb01_41.edf,2692.0,2696.0,0
chb01_41.edf,2696.0,2700.0,0
chb01_41.edf,2700.0,2704.0,0
chb01_41.edf,2704.0,2708.0,0
chb01_41.edf,2708.0,2712.0,0
chb01_41.edf,2712.0,2716.0,0
chb01_41.edf,2716.0,2720.0,0
chb01_41.edf,2720.0,2724.0,0
chb01_41.edf,2724.0,2728.0,0
chb01_41.edf,2728.0,2732.0,0
chb01_41.edf,2732.0,2736.0,0
chb01_41.edf,2736.0,2740.0,0
chb01_41.edf,2740.0,2744.0,0
chb01_41.edf,2744.0,2748.0,0
chb01_41.edf,2748.0,2752.0,0
chb01_41.edf,2752.0,2756.0,0
chb01_41.edf,2756.0,2760.0,0
chb01_41.edf,2760.0,2764.0,0
chb01_41.edf,2764.0,2768.0,0
chb01_41.edf,2768.0,2772.0,0
chb01_41.edf,2772.0,2776.0,0
chb01_41.edf,2776.0,2780.0,0
chb01_41.edf,2780.0,2784.0,0
chb01_41.edf,2784.0,2788.0,0
chb01_41.edf,2788.0,2792.0,0
chb01_41.edf,2792.0,2796.0,0
chb01_41.edf,2796.0,2800.0,0
chb01_41.edf,2800.0,2804.0,0
chb01_41.edf,2804.0,2808.0,0
chb01_41.edf,2808.0,2812.0,0
chb01_41.edf,2812.0,2816.0,0
chb01_41.edf,2816.0,2820.0,0
chb01_41.edf,2820.0,2824.0,0
chb01_41.edf,2824.0,2828.0,0
chb01_41.edf,2828.0,2832.0,0
chb01_41.edf,2832.0,2836.0,0
chb01_41.edf,2836.0,2840.0,0
chb01_41.edf,2840.0,2844.0,0
chb01_41.edf,2844.0,2848.0,0
chb01_41.edf,2848.0,2852.0,0
chb01_41.edf,2852.0,2856.0,0
chb01_41.edf,2856.0,2860.0,0
chb01_41.edf,2860.0,2864.0,0
chb01_41.edf,2864.0,2868.0,0
chb01_41.edf,2868.0,2872.0,0
chb01_41.edf,2872.0,2876.0,0
chb01_41.edf,2876.0,2880.0,0
chb01_41.edf,2880.0,2884.0,0
chb01_41.edf,2884.0,2888.0,0
chb01_41.edf,2888.0,2892.0,0
chb01_41.edf,2892.0,2896.0,0
chb01_41.edf,2896.0,2900.0,0
chb01_41.edf,2900.0,2904.0,0
chb01_41.edf,2904.0,2908.0,0
chb01_41.edf,2908.0,2912.0,0
chb01_41.edf,2912.0,2916.0,0
chb01_41.edf,2916.0,2920.0,0
chb01_41.edf,2920.0,2924.0,0
chb01_41.edf,2924.0,2928.0,0
chb01_41.edf,2928.0,2932.0,0
chb01_41.edf,2932.0,2936.0,0
chb01_41.edf,2936.0,2940.0,0
chb01_41.edf,2940.0,2944.0,0
chb01_41.edf,2944.0,2948.0,0
chb01_41.edf,2948.0,2952.0,0
chb01_41.edf,2952.0,2956.0,0
chb01_41.edf,2956.0,2960.0,0
chb01_41.edf,2960.0,2964.0,0
chb01_41.edf,2964.0,2968.0,0
chb01_41.edf,2968.0,2972.0,0
chb01_41.edf,2972.0,2976.0,0
chb01_41.edf,2976.0,2980.0,0
chb01_41.edf,2980.0,2984.0,0
chb01_41.edf,2984.0,2988.0,0
chb01_41.edf,2988.0,2992.0,0
chb01_41.edf,2992.0,2996.0,0
chb01_41.edf,2996.0,3000.0,0
chb01_41.edf,3000.0,3004.0,0
chb01_41.edf,3004.0,3008.0,0
chb01_41.edf,3008.0,3012.0,0
chb01_41.edf,3012.0,3016.0,0
chb01_41.edf,3016.0,3020.0,0
chb01_41.edf,3020.0,3024.0,0
chb01_41.edf,3024.0,3028.0,0
chb01_41.edf,3028.0,3032.0,0
chb01_41.edf,3032.0,3036.0,0
chb01_41.edf,3036.0,3040.0,0
chb01_41.edf,3040.0,3044.0,0
chb01_41.edf,3044.0,3048.0,0
chb01_41.edf,3048.0,3052.0,0
chb01_41.edf,3052.0,3056.0,0
chb01_41.edf,3056.0,3060.0,0
chb01_41.edf,3060.0,3064.0,0
chb01_41.edf,3064.0,3068.0,0
chb01_41.edf,3068.0,3072.0,0
chb01_41.edf,3072.0,3076.0,0
chb01_41.edf,3076.0,3080.0,0
chb01_41.edf,3080.0,3084.0,0
chb01_41.edf,3084.0,3088.0,0
chb01_41.edf,3088.0,3092.0,0
chb01_41.edf,3092.0,3096.0,0
chb01_41.edf,3096.0,3100.0,0
chb01_41.edf,3100.0,3104.0,0
chb01_41.edf,3104.0,3108.0,0
chb01_41.edf,3108.0,3112.0,0
chb01_41.edf,3112.0,3116.0,0
chb01_41.edf,3116.0,3120.0,0
chb01_41.edf,3120.0,3124.0,0
chb01_41.edf,3124.0,3128.0,0
chb01_41.edf,3128.0,3132.0,0
chb01_41.edf,3132.0,3136.0,0
chb01_41.edf,3136.0,3140.0,0
chb01_41.edf,3140.0,3144.0,0
chb01_41.edf,3144.0,3148.0,0
chb01_41.edf,3148.0,3152.0,0
chb01_41.edf,3152.0,3156.0,0
chb01_41.edf,3156.0,3160.0,0
chb01_41.edf,3160.0,3164.0,0
chb01_41.edf,3164.0,3168.0,0
chb01_41.edf,3168.0,3172.0,0
chb01_41.edf,3172.0,3176.0,0
chb01_41.edf,3176.0,3180.0,0
chb01_41.edf,3180.0,3184.0,0
chb01_41.edf,3184.0,3188.0,0
chb01_41.edf,3188.0,3192.0,0
chb01_41.edf,3192.0,3196.0,0
chb01_41.edf,3196.0,3200.0,0
chb01_41.edf,3200.0,3204.0,0
chb01_41.edf,3204.0,3208.0,0
chb01_41.edf,3208.0,3212.0,0
chb01_41.edf,3212.0,3216.0,0
chb01_41.edf,3216.0,3220.0,0
chb01_41.edf,3220.0,3224.0,0
chb01_41.edf,3224.0,3228.0,0
chb01_41.edf,3228.0,3232.0,0
chb01_41.edf,3232.0,3236.0,0
chb01_41.edf,3236.0,3240.0,0
chb01_41.edf,3240.0,3244.0,0
chb01_41.edf,3244.0,3248.0,0
chb01_41.edf,3248.0,3252.0,0
chb01_41.edf,3252.0,3256.0,0
chb01_41.edf,3256.0,3260.0,0
chb01_41.edf,3260.0,3264.0,0
chb01_41.edf,3264.0,3268.0,0
chb01_41.edf,3268.0,3272.0,0
chb01_41.edf,3272.0,3276.0,0
chb01_41.edf,3276.0,3280.0,0
chb01_41.edf,3280.0,3284.0,0
chb01_41.edf,3284.0,3288.0,0
chb01_41.edf,3288.0,3292.0,0
chb01_41.edf,3292.0,3296.0,0
chb01_41.edf,3296.0,3300.0,0
chb01_41.edf,3300.0,3304.0,0
chb01_41.edf,3304.0,3308.0,0
chb01_41.edf,3308.0,3312.0,0
chb01_41.edf,3312.0,3316.0,0
chb01_41.edf,3316.0,3320.0,0
chb01_41.edf,3320.0,3324.0,0
chb01_41.edf,3324.0,3328.0,0
chb01_41.edf,3328.0,3332.0,0
chb01_41.edf,3332.0,3336.0,0
chb01_41.edf,3336.0,3340.0,0
chb01_41.edf,3340.0,3344.0,0
chb01_41.edf,3344.0,3348.0,0
chb01_41.edf,3348.0,3352.0,0
chb01_41.edf,3352.0,3356.0,0
chb01_41.edf,3356.0,3360.0,0
chb01_41.edf,3360.0,3364.0,0
chb01_41.edf,3364.0,3368.0,0
chb01_41.edf,3368.0,3372.0,0
chb01_41.edf,3372.0,3376.0,0
chb01_41.edf,3376.0,3380.0,0
chb01_41.edf,3380.0,3384.0,0
chb01_41.edf,3384.0,3388.0,0
chb01_41.edf,3388.0,3392.0,0
chb01_41.edf,3392.0,3396.0,0
chb01_41.edf,3396.0,3400.0,0
chb01_41.edf,3400.0,3404.0,0
chb01_41.edf,3404.0,3408.0,0
chb01_41.edf,3408.0,3412.0,0
chb01_41.edf,3412.0,3416.0,0
chb01_41.edf,3416.0,3420.0,0
chb01_41.edf,3420.0,3424.0,0
chb01_41.edf,3424.0,3428.0,0
chb01_41.edf,3428.0,3432.0,0
chb01_41.edf,3432.0,3436.0,0
chb01_41.edf,3436.0,3440.0,0
chb01_41.edf,3440.0,3444.0,0
chb01_41.edf,3444.0,3448.0,0
chb01_41.edf,3448.0,3452.0,0
chb01_41.edf,3452.0,3456.0,0
chb01_41.edf,3456.0,3460.0,0
chb01_41.edf,3460.0,3464.0,0
chb01_41.edf,3464.0,3468.0,0
chb01_41.edf,3468.0,3472.0,0
chb01_41.edf,3472.0,3476.0,0
chb01_41.edf,3476.0,3480.0,0
chb01_41.edf,3480.0,3484.0,0
chb01_41.edf,3484.0,3488.0,0
chb01_41.edf,3488.0,3492.0,0
chb01_41.edf,3492.0,3496.0,0
chb01_41.edf,3496.0,3500.0,0
chb01_41.edf,3500.0,3504.0,0
chb01_41.edf,3504.0,3508.0,0
chb01_41.edf,3508.0,3512.0,0
chb01_41.edf,3512.0,3516.0,0
chb01_41.edf,3516.0,3520.0,0
chb01_41.edf,3520.0,3524.0,0
chb01_41.edf,3524.0,3528.0,0
chb01_41.edf,3528.0,3532.0,0
chb01_41.edf,3532.0,3536.0,0
chb01_41.edf,3536.0,3540.0,0
chb01_41.edf,3540.0,3544.0,0
chb01_41.edf,3544.0,3548.0,0
chb01_41.edf,3548.0,3552.0,0
chb01_41.edf,3552.0,3556.0,0
chb01_41.edf,3556.0,3560.0,0
chb01_41.edf,3560.0,3564.0,0
chb01_41.edf,3564.0,3568.0,0
chb01_41.edf,3568.0,3572.0,0
chb01_41.edf,3572.0,3576.0,0
chb01_41.edf,3576.0,3580.0,0
chb01_41.edf,3580.0,3584.0,0
chb01_41.edf,3584.0,3588.0,0
chb01_41.edf,3588.0,3592.0,0
chb01_41.edf,3592.0,3596.0,0
chb01_41.edf,3596.0,3600.0,0
chb01_42.edf,0.0,4.0,0
chb01_42.edf,4.0,8.0,0
chb01_42.edf,8.0,12.0,0
chb01_42.edf,12.0,16.0,0
chb01_42.edf,16.0,20.0,0
chb01_42.edf,20.0,24.0,0
chb01_42.edf,24.0,28.0,0
chb01_42.edf,28.0,32.0,0
chb01_42.edf,32.0,36.0,0
chb01_42.edf,36.0,40.0,0
chb01_42.edf,40.0,44.0,0
chb01_42.edf,44.0,48.0,0
chb01_42.edf,48.0,52.0,0
chb01_42.edf,52.0,56.0,0
chb01_42.edf,56.0,60.0,0
chb01_42.edf,60.0,64.0,0
chb01_42.edf,64.0,68.0,0
chb01_42.edf,68.0,72.0,0
chb01_42.edf,72.0,76.0,0
chb01_42.edf,76.0,80.0,0
chb01_42.edf,80.0,84.0,0
chb01_42.edf,84.0,88.0,0
chb01_42.edf,88.0,92.0,0
chb01_42.edf,92.0,96.0,0
chb01_42.edf,96.0,100.0,0
chb01_42.edf,100.0,104.0,0
chb01_42.edf,104.0,108.0,0
chb01_42.edf,108.0,112.0,0
chb01_42.edf,112.0,116.0,0
chb01_42.edf,116.0,120.0,0
chb01_42.edf,120.0,124.0,0
chb01_42.edf,124.0,128.0,0
chb01_42.edf,128.0,132.0,0
chb01_42.edf,132.0,136.0,0
chb01_42.edf,136.0,140.0,0
chb01_42.edf,140.0,144.0,0
chb01_42.edf,144.0,148.0,0
chb01_42.edf,148.0,152.0,0
chb01_42.edf,152.0,156.0,0
chb01_42.edf,156.0,160.0,0
chb01_42.edf,160.0,164.0,0
chb01_42.edf,164.0,168.0,0
chb01_42.edf,168.0,172.0,0
chb01_42.edf,172.0,176.0,0
chb01_42.edf,176.0,180.0,0
chb01_42.edf,180.0,184.0,0
chb01_42.edf,184.0,188.0,0
chb01_42.edf,188.0,192.0,0
chb01_42.edf,192.0,196.0,0
chb01_42.edf,196.0,200.0,0
chb01_42.edf,200.0,204.0,0
chb01_42.edf,204.0,208.0,0
chb01_42.edf,208.0,212.0,0
chb01_42.edf,212.0,216.0,0
chb01_42.edf,216.0,220.0,0
chb01_42.edf,220.0,224.0,0
chb01_42.edf,224.0,228.0,0
chb01_42.edf,228.0,232.0,0
chb01_42.edf,232.0,236.0,0
chb01_42.edf,236.0,240.0,0
chb01_42.edf,240.0,244.0,0
chb01_42.edf,244.0,248.0,0
chb01_42.edf,248.0,252.0,0
chb01_42.edf,252.0,256.0,0
chb01_42.edf,256.0,260.0,0
chb01_42.edf,260.0,264.0,0
chb01_42.edf,264.0,268.0,0
chb01_42.edf,268.0,272.0,0
chb01_42.edf,272.0,276.0,0
chb01_42.edf,276.0,280.0,0
chb01_42.edf,280.0,284.0,0
chb01_42.edf,284.0,288.0,0
chb01_42.edf,288.0,292.0,0
chb01_42.edf,292.0,296.0,0
chb01_42.edf,296.0,300.0,0
chb01_42.edf,300.0,304.0,0
chb01_42.edf,304.0,308.0,0
chb01_42.edf,308.0,312.0,0
chb01_42.edf,312.0,316.0,0
chb01_42.edf,316.0,320.0,0
chb01_42.edf,320.0,324.0,0
chb01_42.edf,324.0,328.0,0
chb01_42.edf,328.0,332.0,0
chb01_42.edf,332.0,336.0,0
chb01_42.edf,336.0,340.0,0
chb01_42.edf,340.0,344.0,0
chb01_42.edf,344.0,348.0,0
chb01_42.edf,348.0,352.0,0
chb01_42.edf,352.0,356.0,0
chb01_42.edf,356.0,360.0,0
chb01_42.edf,360.0,364.0,0
chb01_42.edf,364.0,368.0,0
chb01_42.edf,368.0,372.0,0
chb01_42.edf,372.0,376.0,0
chb01_42.edf,376.0,380.0,0
chb01_42.edf,380.0,384.0,0
chb01_42.edf,384.0,388.0,0
chb01_42.edf,388.0,392.0,0
chb01_42.edf,392.0,396.0,0
chb01_42.edf,396.0,400.0,0
chb01_42.edf,400.0,404.0,0
chb01_42.edf,404.0,408.0,0
chb01_42.edf,408.0,412.0,0
chb01_42.edf,412.0,416.0,0
chb01_42.edf,416.0,420.0,0
chb01_42.edf,420.0,424.0,0
chb01_42.edf,424.0,428.0,0
chb01_42.edf,428.0,432.0,0
chb01_42.edf,432.0,436.0,0
chb01_42.edf,436.0,440.0,0
chb01_42.edf,440.0,444.0,0
chb01_42.edf,444.0,448.0,0
chb01_42.edf,448.0,452.0,0
chb01_42.edf,452.0,456.0,0
chb01_42.edf,456.0,460.0,0
chb01_42.edf,460.0,464.0,0
chb01_42.edf,464.0,468.0,0
chb01_42.edf,468.0,472.0,0
chb01_42.edf,472.0,476.0,0
chb01_42.edf,476.0,480.0,0
chb01_42.edf,480.0,484.0,0
chb01_42.edf,484.0,488.0,0
chb01_42.edf,488.0,492.0,0
chb01_42.edf,492.0,496.0,0
chb01_42.edf,496.0,500.0,0
chb01_42.edf,500.0,504.0,0
chb01_42.edf,504.0,508.0,0
chb01_42.edf,508.0,512.0,0
chb01_42.edf,512.0,516.0,0
chb01_42.edf,516.0,520.0,0
chb01_42.edf,520.0,524.0,0
chb01_42.edf,524.0,528.0,0
chb01_42.edf,528.0,532.0,0
chb01_42.edf,532.0,536.0,0
chb01_42.edf,536.0,540.0,0
chb01_42.edf,540.0,544.0,0
chb01_42.edf,544.0,548.0,0
chb01_42.edf,548.0,552.0,0
chb01_42.edf,552.0,556.0,0
chb01_42.edf,556.0,560.0,0
chb01_42.edf,560.0,564.0,0
chb01_42.edf,564.0,568.0,0
chb01_42.edf,568.0,572.0,0
chb01_42.edf,572.0,576.0,0
chb01_42.edf,576.0,580.0,0
chb01_42.edf,580.0,584.0,0
chb01_42.edf,584.0,588.0,0
chb01_42.edf,588.0,592.0,0
chb01_42.edf,592.0,596.0,0
chb01_42.edf,596.0,600.0,0
chb01_42.edf,600.0,604.0,0
chb01_42.edf,604.0,608.0,0
chb01_42.edf,608.0,612.0,0
chb01_42.edf,612.0,616.0,0
chb01_42.edf,616.0,620.0,0
chb01_42.edf,620.0,624.0,0
chb01_42.edf,624.0,628.0,0
chb01_42.edf,628.0,632.0,0
chb01_42.edf,632.0,636.0,0
chb01_42.edf,636.0,640.0,0
chb01_42.edf,640.0,644.0,0
chb01_42.edf,644.0,648.0,0
chb01_42.edf,648.0,652.0,0
chb01_42.edf,652.0,656.0,0
chb01_42.edf,656.0,660.0,0
chb01_42.edf,660.0,664.0,0
chb01_42.edf,664.0,668.0,0
chb01_42.edf,668.0,672.0,0
chb01_42.edf,672.0,676.0,0
chb01_42.edf,676.0,680.0,0
chb01_42.edf,680.0,684.0,0
chb01_42.edf,684.0,688.0,0
chb01_42.edf,688.0,692.0,0
chb01_42.edf,692.0,696.0,0
chb01_42.edf,696.0,700.0,0
chb01_42.edf,700.0,704.0,0
chb01_42.edf,704.0,708.0,0
chb01_42.edf,708.0,712.0,0
chb01_42.edf,712.0,716.0,0
chb01_42.edf,716.0,720.0,0
chb01_42.edf,720.0,724.0,0
chb01_42.edf,724.0,728.0,0
chb01_42.edf,728.0,732.0,0
chb01_42.edf,732.0,736.0,0
chb01_42.edf,736.0,740.0,0
chb01_42.edf,740.0,744.0,0
chb01_42.edf,744.0,748.0,0
chb01_42.edf,748.0,752.0,0
chb01_42.edf,752.0,756.0,0
chb01_42.edf,756.0,760.0,0
chb01_42.edf,760.0,764.0,0
chb01_42.edf,764.0,768.0,0
chb01_42.edf,768.0,772.0,0
chb01_42.edf,772.0,776.0,0
chb01_42.edf,776.0,780.0,0
chb01_42.edf,780.0,784.0,0
chb01_42.edf,784.0,788.0,0
chb01_42.edf,788.0,792.0,0
chb01_42.edf,792.0,796.0,0
chb01_42.edf,796.0,800.0,0
chb01_42.edf,800.0,804.0,0
chb01_42.edf,804.0,808.0,0
chb01_42.edf,808.0,812.0,0
chb01_42.edf,812.0,816.0,0
chb01_42.edf,816.0,820.0,0
chb01_42.edf,820.0,824.0,0
chb01_42.edf,824.0,828.0,0
chb01_42.edf,828.0,832.0,0
chb01_42.edf,832.0,836.0,0
chb01_42.edf,836.0,840.0,0
chb01_42.edf,840.0,844.0,0
chb01_42.edf,844.0,848.0,0
chb01_42.edf,848.0,852.0,0
chb01_42.edf,852.0,856.0,0
chb01_42.edf,856.0,860.0,0
chb01_42.edf,860.0,864.0,0
chb01_42.edf,864.0,868.0,0
chb01_42.edf,868.0,872.0,0
chb01_42.edf,872.0,876.0,0
chb01_42.edf,876.0,880.0,0
chb01_42.edf,880.0,884.0,0
chb01_42.edf,884.0,888.0,0
chb01_42.edf,888.0,892.0,0
chb01_42.edf,892.0,896.0,0
chb01_42.edf,896.0,900.0,0
chb01_42.edf,900.0,904.0,0
chb01_42.edf,904.0,908.0,0
chb01_42.edf,908.0,912.0,0
chb01_42.edf,912.0,916.0,0
chb01_42.edf,916.0,920.0,0
chb01_42.edf,920.0,924.0,0
chb01_42.edf,924.0,928.0,0
chb01_42.edf,928.0,932.0,0
chb01_42.edf,932.0,936.0,0
chb01_42.edf,936.0,940.0,0
chb01_42.edf,940.0,944.0,0
chb01_42.edf,944.0,948.0,0
chb01_42.edf,948.0,952.0,0
chb01_42.edf,952.0,956.0,0
chb01_42.edf,956.0,960.0,0
chb01_42.edf,960.0,964.0,0
chb01_42.edf,964.0,968.0,0
chb01_42.edf,968.0,972.0,0
chb01_42.edf,972.0,976.0,0
chb01_42.edf,976.0,980.0,0
chb01_42.edf,980.0,984.0,0
chb01_42.edf,984.0,988.0,0
chb01_42.edf,988.0,992.0,0
chb01_42.edf,992.0,996.0,0
chb01_42.edf,996.0,1000.0,0
chb01_42.edf,1000.0,1004.0,0
chb01_42.edf,1004.0,1008.0,0
chb01_42.edf,1008.0,1012.0,0
chb01_42.edf,1012.0,1016.0,0
chb01_42.edf,1016.0,1020.0,0
chb01_42.edf,1020.0,1024.0,0
chb01_42.edf,1024.0,1028.0,0
chb01_42.edf,1028.0,1032.0,0
chb01_42.edf,1032.0,1036.0,0
chb01_42.edf,1036.0,1040.0,0
chb01_42.edf,1040.0,1044.0,0
chb01_42.edf,1044.0,1048.0,0
chb01_42.edf,1048.0,1052.0,0
chb01_42.edf,1052.0,1056.0,0
chb01_42.edf,1056.0,1060.0,0
chb01_42.edf,1060.0,1064.0,0
chb01_42.edf,1064.0,1068.0,0
chb01_42.edf,1068.0,1072.0,0
chb01_42.edf,1072.0,1076.0,0
chb01_42.edf,1076.0,1080.0,0
chb01_42.edf,1080.0,1084.0,0
chb01_42.edf,1084.0,1088.0,0
chb01_42.edf,1088.0,1092.0,0
chb01_42.edf,1092.0,1096.0,0
chb01_42.edf,1096.0,1100.0,0
chb01_42.edf,1100.0,1104.0,0
chb01_42.edf,1104.0,1108.0,0
chb01_42.edf,1108.0,1112.0,0
chb01_42.edf,1112.0,1116.0,0
chb01_42.edf,1116.0,1120.0,0
chb01_42.edf,1120.0,1124.0,0
chb01_42.edf,1124.0,1128.0,0
chb01_42.edf,1128.0,1132.0,0
chb01_42.edf,1132.0,1136.0,0
chb01_42.edf,1136.0,1140.0,0
chb01_42.edf,1140.0,1144.0,0
chb01_42.edf,1144.0,1148.0,0
chb01_42.edf,1148.0,1152.0,0
chb01_42.edf,1152.0,1156.0,0
chb01_42.edf,1156.0,1160.0,0
chb01_42.edf,1160.0,1164.0,0
chb01_42.edf,1164.0,1168.0,0
chb01_42.edf,1168.0,1172.0,0
chb01_42.edf,1172.0,1176.0,0
chb01_42.edf,1176.0,1180.0,0
chb01_42.edf,1180.0,1184.0,0
chb01_42.edf,1184.0,1188.0,0
chb01_42.edf,1188.0,1192.0,0
chb01_42.edf,1192.0,1196.0,0
chb01_42.edf,1196.0,1200.0,0
chb01_42.edf,1200.0,1204.0,0
chb01_42.edf,1204.0,1208.0,0
chb01_42.edf,1208.0,1212.0,0
chb01_42.edf,1212.0,1216.0,0
chb01_42.edf,1216.0,1220.0,0
chb01_42.edf,1220.0,1224.0,0
chb01_42.edf,1224.0,1228.0,0
chb01_42.edf,1228.0,1232.0,0
chb01_42.edf,1232.0,1236.0,0
chb01_42.edf,1236.0,1240.0,0
chb01_42.edf,1240.0,1244.0,0
chb01_42.edf,1244.0,1248.0,0
chb01_42.edf,1248.0,1252.0,0
chb01_42.edf,1252.0,1256.0,0
chb01_42.edf,1256.0,1260.0,0
chb01_42.edf,1260.0,1264.0,0
chb01_42.edf,1264.0,1268.0,0
chb01_42.edf,1268.0,1272.0,0
chb01_42.edf,1272.0,1276.0,0
chb01_42.edf,1276.0,1280.0,0
chb01_42.edf,1280.0,1284.0,0
chb01_42.edf,1284.0,1288.0,0
chb01_42.edf,1288.0,1292.0,0
chb01_42.edf,1292.0,1296.0,0
chb01_42.edf,1296.0,1300.0,0
chb01_42.edf,1300.0,1304.0,0
chb01_42.edf,1304.0,1308.0,0
chb01_42.edf,1308.0,1312.0,0
chb01_42.edf,1312.0,1316.0,0
chb01_42.edf,1316.0,1320.0,0
chb01_42.edf,1320.0,1324.0,0
chb01_42.edf,1324.0,1328.0,0
chb01_42.edf,1328.0,1332.0,0
chb01_42.edf,1332.0,1336.0,0
chb01_42.edf,1336.0,1340.0,0
chb01_42.edf,1340.0,1344.0,0
chb01_42.edf,1344.0,1348.0,0
chb01_42.edf,1348.0,1352.0,0
chb01_42.edf,1352.0,1356.0,0
chb01_42.edf,1356.0,1360.0,0
chb01_42.edf,1360.0,1364.0,0
chb01_42.edf,1364.0,1368.0,0
chb01_42.edf,1368.0,1372.0,0
chb01_42.edf,1372.0,1376.0,0
chb01_42.edf,1376.0,1380.0,0
chb01_42.edf,1380.0,1384.0,0
chb01_42.edf,1384.0,1388.0,0
chb01_42.edf,1388.0,1392.0,0
chb01_42.edf,1392.0,1396.0,0
chb01_42.edf,1396.0,1400.0,0
chb01_42.edf,1400.0,1404.0,0
chb01_42.edf,1404.0,1408.0,0
chb01_42.edf,1408.0,1412.0,0
chb01_42.edf,1412.0,1416.0,0
chb01_42.edf,1416.0,1420.0,0
chb01_42.edf,1420.0,1424.0,0
chb01_42.edf,1424.0,1428.0,0
chb01_42.edf,1428.0,1432.0,0
chb01_42.edf,1432.0,1436.0,0
chb01_42.edf,1436.0,1440.0,0
chb01_42.edf,1440.0,1444.0,0
chb01_42.edf,1444.0,1448.0,0
chb01_42.edf,1448.0,1452.0,0
chb01_42.edf,1452.0,1456.0,0
chb01_42.edf,1456.0,1460.0,0
chb01_42.edf,1460.0,1464.0,0
chb01_42.edf,1464.0,1468.0,0
chb01_42.edf,1468.0,1472.0,0
chb01_42.edf,1472.0,1476.0,0
chb01_42.edf,1476.0,1480.0,0
chb01_42.edf,1480.0,1484.0,0
chb01_42.edf,1484.0,1488.0,0
chb01_42.edf,1488.0,1492.0,0
chb01_42.edf,1492.0,1496.0,0
chb01_42.edf,1496.0,1500.0,0
chb01_42.edf,1500.0,1504.0,0
chb01_42.edf,1504.0,1508.0,0
chb01_42.edf,1508.0,1512.0,0
chb01_42.edf,1512.0,1516.0,0
chb01_42.edf,1516.0,1520.0,0
chb01_42.edf,1520.0,1524.0,0
chb01_42.edf,1524.0,1528.0,0
chb01_42.edf,1528.0,1532.0,0
chb01_42.edf,1532.0,1536.0,0
chb01_42.edf,1536.0,1540.0,0
chb01_42.edf,1540.0,1544.0,0
chb01_42.edf,1544.0,1548.0,0
chb01_42.edf,1548.0,1552.0,0
chb01_42.edf,1552.0,1556.0,0
chb01_42.edf,1556.0,1560.0,0
chb01_42.edf,1560.0,1564.0,0
chb01_42.edf,1564.0,1568.0,0
chb01_42.edf,1568.0,1572.0,0
chb01_42.edf,1572.0,1576.0,0
chb01_42.edf,1576.0,1580.0,0
chb01_42.edf,1580.0,1584.0,0
chb01_42.edf,1584.0,1588.0,0
chb01_42.edf,1588.0,1592.0,0
chb01_42.edf,1592.0,1596.0,0
chb01_42.edf,1596.0,1600.0,0
chb01_42.edf,1600.0,1604.0,0
chb01_42.edf,1604.0,1608.0,0
chb01_42.edf,1608.0,1612.0,0
chb01_42.edf,1612.0,1616.0,0
chb01_42.edf,1616.0,1620.0,0
chb01_42.edf,1620.0,1624.0,0
chb01_42.edf,1624.0,1628.0,0
chb01_42.edf,1628.0,1632.0,0
chb01_42.edf,1632.0,1636.0,0
chb01_42.edf,1636.0,1640.0,0
chb01_42.edf,1640.0,1644.0,0
chb01_42.edf,1644.0,1648.0,0
chb01_42.edf,1648.0,1652.0,0
chb01_42.edf,1652.0,1656.0,0
chb01_42.edf,1656.0,1660.0,0
chb01_42.edf,1660.0,1664.0,0
chb01_42.edf,1664.0,1668.0,0
chb01_42.edf,1668.0,1672.0,0
chb01_42.edf,1672.0,1676.0,0
chb01_42.edf,1676.0,1680.0,0
chb01_42.edf,1680.0,1684.0,0
chb01_42.edf,1684.0,1688.0,0
chb01_42.edf,1688.0,1692.0,0
chb01_42.edf,1692.0,1696.0,0
chb01_42.edf,1696.0,1700.0,0
chb01_42.edf,1700.0,1704.0,0
chb01_42.edf,1704.0,1708.0,0
chb01_42.edf,1708.0,1712.0,0
chb01_42.edf,1712.0,1716.0,0
chb01_42.edf,1716.0,1720.0,0
chb01_42.edf,1720.0,1724.0,0
chb01_42.edf,1724.0,1728.0,0
chb01_42.edf,1728.0,1732.0,0
chb01_42.edf,1732.0,1736.0,0
chb01_42.edf,1736.0,1740.0,0
chb01_42.edf,1740.0,1744.0,0
chb01_42.edf,1744.0,1748.0,0
chb01_42.edf,1748.0,1752.0,0
chb01_42.edf,1752.0,1756.0,0
chb01_42.edf,1756.0,1760.0,0
chb01_42.edf,1760.0,1764.0,0
chb01_42.edf,1764.0,1768.0,0
chb01_42.edf,1768.0,1772.0,0
chb01_42.edf,1772.0,1776.0,0
chb01_42.edf,1776.0,1780.0,0
chb01_42.edf,1780.0,1784.0,0
chb01_42.edf,1784.0,1788.0,0
chb01_42.edf,1788.0,1792.0,0
chb01_42.edf,1792.0,1796.0,0
chb01_42.edf,1796.0,1800.0,0
chb01_42.edf,1800.0,1804.0,0
chb01_42.edf,1804.0,1808.0,0
chb01_42.edf,1808.0,1812.0,0
chb01_42.edf,1812.0,1816.0,0
chb01_42.edf,1816.0,1820.0,0
chb01_42.edf,1820.0,1824.0,0
chb01_42.edf,1824.0,1828.0,0
chb01_42.edf,1828.0,1832.0,0
chb01_42.edf,1832.0,1836.0,0
chb01_42.edf,1836.0,1840.0,0
chb01_42.edf,1840.0,1844.0,0
chb01_42.edf,1844.0,1848.0,0
chb01_42.edf,1848.0,1852.0,0
chb01_42.edf,1852.0,1856.0,0
chb01_42.edf,1856.0,1860.0,0
chb01_42.edf,1860.0,1864.0,0
chb01_42.edf,1864.0,1868.0,0
chb01_42.edf,1868.0,1872.0,0
chb01_42.edf,1872.0,1876.0,0
chb01_42.edf,1876.0,1880.0,0
chb01_42.edf,1880.0,1884.0,0
chb01_42.edf,1884.0,1888.0,0
chb01_42.edf,1888.0,1892.0,0
chb01_42.edf,1892.0,1896.0,0
chb01_42.edf,1896.0,1900.0,0
chb01_42.edf,1900.0,1904.0,0
chb01_42.edf,1904.0,1908.0,0
chb01_42.edf,1908.0,1912.0,0
chb01_42.edf,1912.0,1916.0,0
chb01_42.edf,1916.0,1920.0,0
chb01_42.edf,1920.0,1924.0,0
chb01_42.edf,1924.0,1928.0,0
chb01_42.edf,1928.0,1932.0,0
chb01_42.edf,1932.0,1936.0,0
chb01_42.edf,1936.0,1940.0,0
chb01_42.edf,1940.0,1944.0,0
chb01_42.edf,1944.0,1948.0,0
chb01_42.edf,1948.0,1952.0,0
chb01_42.edf,1952.0,1956.0,0
chb01_42.edf,1956.0,1960.0,0
chb01_42.edf,1960.0,1964.0,0
chb01_42.edf,1964.0,1968.0,0
chb01_42.edf,1968.0,1972.0,0
chb01_42.edf,1972.0,1976.0,0
chb01_42.edf,1976.0,1980.0,0
chb01_42.edf,1980.0,1984.0,0
chb01_42.edf,1984.0,1988.0,0
chb01_42.edf,1988.0,1992.0,0
chb01_42.edf,1992.0,1996.0,0
chb01_42.edf,1996.0,2000.0,0
chb01_42.edf,2000.0,2004.0,0
chb01_42.edf,2004.0,2008.0,0
chb01_42.edf,2008.0,2012.0,0
chb01_42.edf,2012.0,2016.0,0
chb01_42.edf,2016.0,2020.0,0
chb01_42.edf,2020.0,2024.0,0
chb01_42.edf,2024.0,2028.0,0
chb01_42.edf,2028.0,2032.0,0
chb01_42.edf,2032.0,2036.0,0
chb01_42.edf,2036.0,2040.0,0
chb01_42.edf,2040.0,2044.0,0
chb01_42.edf,2044.0,2048.0,0
chb01_42.edf,2048.0,2052.0,0
chb01_42.edf,2052.0,2056.0,0
chb01_42.edf,2056.0,2060.0,0
chb01_42.edf,2060.0,2064.0,0
chb01_42.edf,2064.0,2068.0,0
chb01_42.edf,2068.0,2072.0,0
chb01_42.edf,2072.0,2076.0,0
chb01_42.edf,2076.0,2080.0,0
chb01_42.edf,2080.0,2084.0,0
chb01_42.edf,2084.0,2088.0,0
chb01_42.edf,2088.0,2092.0,0
chb01_42.edf,2092.0,2096.0,0
chb01_42.edf,2096.0,2100.0,0
chb01_42.edf,2100.0,2104.0,0
chb01_42.edf,2104.0,2108.0,0
chb01_42.edf,2108.0,2112.0,0
chb01_42.edf,2112.0,2116.0,0
chb01_42.edf,2116.0,2120.0,0
chb01_42.edf,2120.0,2124.0,0
chb01_42.edf,2124.0,2128.0,0
chb01_42.edf,2128.0,2132.0,0
chb01_42.edf,2132.0,2136.0,0
chb01_42.edf,2136.0,2140.0,0
chb01_42.edf,2140.0,2144.0,0
chb01_42.edf,2144.0,2148.0,0
chb01_42.edf,2148.0,2152.0,0
chb01_42.edf,2152.0,2156.0,0
chb01_42.edf,2156.0,2160.0,0
chb01_42.edf,2160.0,2164.0,0
chb01_42.edf,2164.0,2168.0,0
chb01_42.edf,2168.0,2172.0,0
chb01_42.edf,2172.0,2176.0,0
chb01_42.edf,2176.0,2180.0,0
chb01_42.edf,2180.0,2184.0,0
chb01_42.edf,2184.0,2188.0,0
chb01_42.edf,2188.0,2192.0,0
chb01_42.edf,2192.0,2196.0,0
chb01_42.edf,2196.0,2200.0,0
chb01_42.edf,2200.0,2204.0,0
chb01_42.edf,2204.0,2208.0,0
chb01_42.edf,2208.0,2212.0,0
chb01_42.edf,2212.0,2216.0,0
chb01_42.edf,2216.0,2220.0,0
chb01_42.edf,2220.0,2224.0,0
chb01_42.edf,2224.0,2228.0,0
chb01_42.edf,2228.0,2232.0,0
chb01_42.edf,2232.0,2236.0,0
chb01_42.edf,2236.0,2240.0,0
chb01_42.edf,2240.0,2244.0,0
chb01_42.edf,2244.0,2248.0,0
chb01_42.edf,2248.0,2252.0,0
chb01_42.edf,2252.0,2256.0,0
chb01_42.edf,2256.0,2260.0,0
chb01_42.edf,2260.0,2264.0,0
chb01_42.edf,2264.0,2268.0,0
chb01_42.edf,2268.0,2272.0,0
chb01_42.edf,2272.0,2276.0,0
chb01_42.edf,2276.0,2280.0,0
chb01_42.edf,2280.0,2284.0,0
chb01_42.edf,2284.0,2288.0,0
chb01_42.edf,2288.0,2292.0,0
chb01_42.edf,2292.0,2296.0,0
chb01_42.edf,2296.0,2300.0,0
chb01_42.edf,2300.0,2304.0,0
chb01_42.edf,2304.0,2308.0,0
chb01_42.edf,2308.0,2312.0,0
chb01_42.edf,2312.0,2316.0,0
chb01_42.edf,2316.0,2320.0,0
chb01_42.edf,2320.0,2324.0,0
chb01_42.edf,2324.0,2328.0,0
chb01_42.edf,2328.0,2332.0,0
chb01_42.edf,2332.0,2336.0,0
chb01_42.edf,2336.0,2340.0,0
chb01_42.edf,2340.0,2344.0,0
chb01_42.edf,2344.0,2348.0,0
chb01_42.edf,2348.0,2352.0,0
chb01_42.edf,2352.0,2356.0,0
chb01_42.edf,2356.0,2360.0,0
chb01_42.edf,2360.0,2364.0,0
chb01_42.edf,2364.0,2368.0,0
chb01_42.edf,2368.0,2372.0,0
chb01_42.edf,2372.0,2376.0,0
chb01_42.edf,2376.0,2380.0,0
chb01_42.edf,2380.0,2384.0,0
chb01_42.edf,2384.0,2388.0,0
chb01_42.edf,2388.0,2392.0,0
chb01_42.edf,2392.0,2396.0,0
chb01_42.edf,2396.0,2400.0,0
chb01_42.edf,2400.0,2404.0,0
chb01_42.edf,2404.0,2408.0,0
chb01_42.edf,2408.0,2412.0,0
chb01_42.edf,2412.0,2416.0,0
chb01_42.edf,2416.0,2420.0,0
chb01_42.edf,2420.0,2424.0,0
chb01_42.edf,2424.0,2428.0,0
chb01_42.edf,2428.0,2432.0,0
chb01_42.edf,2432.0,2436.0,0
chb01_42.edf,2436.0,2440.0,0
chb01_42.edf,2440.0,2444.0,0
chb01_42.edf,2444.0,2448.0,0
chb01_42.edf,2448.0,2452.0,0
chb01_42.edf,2452.0,2456.0,0
chb01_42.edf,2456.0,2460.0,0
chb01_42.edf,2460.0,2464.0,0
chb01_42.edf,2464.0,2468.0,0
chb01_42.edf,2468.0,2472.0,0
chb01_42.edf,2472.0,2476.0,0
chb01_42.edf,2476.0,2480.0,0
chb01_42.edf,2480.0,2484.0,0
chb01_42.edf,2484.0,2488.0,0
chb01_42.edf,2488.0,2492.0,0
chb01_42.edf,2492.0,2496.0,0
chb01_42.edf,2496.0,2500.0,0
chb01_42.edf,2500.0,2504.0,0
chb01_42.edf,2504.0,2508.0,0
chb01_42.edf,2508.0,2512.0,0
chb01_42.edf,2512.0,2516.0,0
chb01_42.edf,2516.0,2520.0,0
chb01_42.edf,2520.0,2524.0,0
chb01_42.edf,2524.0,2528.0,0
chb01_42.edf,2528.0,2532.0,0
chb01_42.edf,2532.0,2536.0,0
chb01_42.edf,2536.0,2540.0,0
chb01_42.edf,2540.0,2544.0,0
chb01_42.edf,2544.0,2548.0,0
chb01_42.edf,2548.0,2552.0,0
chb01_42.edf,2552.0,2556.0,0
chb01_42.edf,2556.0,2560.0,0
chb01_42.edf,2560.0,2564.0,0
chb01_42.edf,2564.0,2568.0,0
chb01_42.edf,2568.0,2572.0,0
chb01_42.edf,2572.0,2576.0,0
chb01_42.edf,2576.0,2580.0,0
chb01_42.edf,2580.0,2584.0,0
chb01_42.edf,2584.0,2588.0,0
chb01_42.edf,2588.0,2592.0,0
chb01_42.edf,2592.0,2596.0,0
chb01_42.edf,2596.0,2600.0,0
chb01_42.edf,2600.0,2604.0,0
chb01_42.edf,2604.0,2608.0,0
chb01_42.edf,2608.0,2612.0,0
chb01_42.edf,2612.0,2616.0,0
chb01_42.edf,2616.0,2620.0,0
chb01_42.edf,2620.0,2624.0,0
chb01_42.edf,2624.0,2628.0,0
chb01_42.edf,2628.0,2632.0,0
chb01_42.edf,2632.0,2636.0,0
chb01_42.edf,2636.0,2640.0,0
chb01_42.edf,2640.0,2644.0,0
chb01_42.edf,2644.0,2648.0,0
chb01_42.edf,2648.0,2652.0,0
chb01_42.edf,2652.0,2656.0,0
chb01_42.edf,2656.0,2660.0,0
chb01_42.edf,2660.0,2664.0,0
chb01_42.edf,2664.0,2668.0,0
chb01_42.edf,2668.0,2672.0,0
chb01_42.edf,2672.0,2676.0,0
chb01_42.edf,2676.0,2680.0,0
chb01_42.edf,2680.0,2684.0,0
chb01_42.edf,2684.0,2688.0,0
chb01_42.edf,2688.0,2692.0,0
chb01_42.edf,2692.0,2696.0,0
chb01_42.edf,2696.0,2700.0,0
chb01_42.edf,2700.0,2704.0,0
chb01_42.edf,2704.0,2708.0,0
chb01_42.edf,2708.0,2712.0,0
chb01_42.edf,2712.0,2716.0,0
chb01_42.edf,2716.0,2720.0,0
chb01_42.edf,2720.0,2724.0,0
chb01_42.edf,2724.0,2728.0,0
chb01_42.edf,2728.0,2732.0,0
chb01_42.edf,2732.0,2736.0,0
chb01_42.edf,2736.0,2740.0,0
chb01_42.edf,2740.0,2744.0,0
chb01_42.edf,2744.0,2748.0,0
chb01_42.edf,2748.0,2752.0,0
chb01_42.edf,2752.0,2756.0,0
chb01_42.edf,2756.0,2760.0,0
chb01_42.edf,2760.0,2764.0,0
chb01_42.edf,2764.0,2768.0,0
chb01_42.edf,2768.0,2772.0,0
chb01_42.edf,2772.0,2776.0,0
chb01_42.edf,2776.0,2780.0,0
chb01_42.edf,2780.0,2784.0,0
chb01_42.edf,2784.0,2788.0,0
chb01_42.edf,2788.0,2792.0,0
chb01_42.edf,2792.0,2796.0,0
chb01_42.edf,2796.0,2800.0,0
chb01_42.edf,2800.0,2804.0,0
chb01_42.edf,2804.0,2808.0,0
chb01_42.edf,2808.0,2812.0,0
chb01_42.edf,2812.0,2816.0,0
chb01_42.edf,2816.0,2820.0,0
chb01_42.edf,2820.0,2824.0,0
chb01_42.edf,2824.0,2828.0,0
chb01_42.edf,2828.0,2832.0,0
chb01_42.edf,2832.0,2836.0,0
chb01_42.edf,2836.0,2840.0,0
chb01_42.edf,2840.0,2844.0,0
chb01_42.edf,2844.0,2848.0,0
chb01_42.edf,2848.0,2852.0,0
chb01_42.edf,2852.0,2856.0,0
chb01_42.edf,2856.0,2860.0,0
chb01_42.edf,2860.0,2864.0,0
chb01_42.edf,2864.0,2868.0,0
chb01_42.edf,2868.0,2872.0,0
chb01_42.edf,2872.0,2876.0,0
chb01_42.edf,2876.0,2880.0,0
chb01_42.edf,2880.0,2884.0,0
chb01_42.edf,2884.0,2888.0,0
chb01_42.edf,2888.0,2892.0,0
chb01_42.edf,2892.0,2896.0,0
chb01_42.edf,2896.0,2900.0,0
chb01_42.edf,2900.0,2904.0,0
chb01_42.edf,2904.0,2908.0,0
chb01_42.edf,2908.0,2912.0,0
chb01_42.edf,2912.0,2916.0,0
chb01_42.edf,2916.0,2920.0,0
chb01_42.edf,2920.0,2924.0,0
chb01_42.edf,2924.0,2928.0,0
chb01_42.edf,2928.0,2932.0,0
chb01_42.edf,2932.0,2936.0,0
chb01_42.edf,2936.0,2940.0,0
chb01_42.edf,2940.0,2944.0,0
chb01_42.edf,2944.0,2948.0,0
chb01_42.edf,2948.0,2952.0,0
chb01_42.edf,2952.0,2956.0,0
chb01_42.edf,2956.0,2960.0,0
chb01_42.edf,2960.0,2964.0,0
chb01_42.edf,2964.0,2968.0,0
chb01_42.edf,2968.0,2972.0,0
chb01_42.edf,2972.0,2976.0,0
chb01_42.edf,2976.0,2980.0,0
chb01_42.edf,2980.0,2984.0,0
chb01_42.edf,2984.0,2988.0,0
chb01_42.edf,2988.0,2992.0,0
chb01_42.edf,2992.0,2996.0,0
chb01_42.edf,2996.0,3000.0,0
chb01_42.edf,3000.0,3004.0,0
chb01_42.edf,3004.0,3008.0,0
chb01_42.edf,3008.0,3012.0,0
chb01_42.edf,3012.0,3016.0,0
chb01_42.edf,3016.0,3020.0,0
chb01_42.edf,3020.0,3024.0,0
chb01_42.edf,3024.0,3028.0,0
chb01_42.edf,3028.0,3032.0,0
chb01_42.edf,3032.0,3036.0,0
chb01_42.edf,3036.0,3040.0,0
chb01_42.edf,3040.0,3044.0,0
chb01_42.edf,3044.0,3048.0,0
chb01_42.edf,3048.0,3052.0,0
chb01_42.edf,3052.0,3056.0,0
chb01_42.edf,3056.0,3060.0,0
chb01_42.edf,3060.0,3064.0,0
chb01_42.edf,3064.0,3068.0,0
chb01_42.edf,3068.0,3072.0,0
chb01_42.edf,3072.0,3076.0,0
chb01_42.edf,3076.0,3080.0,0
chb01_42.edf,3080.0,3084.0,0
chb01_42.edf,3084.0,3088.0,0
chb01_42.edf,3088.0,3092.0,0
chb01_42.edf,3092.0,3096.0,0
chb01_42.edf,3096.0,3100.0,0
chb01_42.edf,3100.0,3104.0,0
chb01_42.edf,3104.0,3108.0,0
chb01_42.edf,3108.0,3112.0,0
chb01_42.edf,3112.0,3116.0,0
chb01_42.edf,3116.0,3120.0,0
chb01_42.edf,3120.0,3124.0,0
chb01_42.edf,3124.0,3128.0,0
chb01_42.edf,3128.0,3132.0,0
chb01_42.edf,3132.0,3136.0,0
chb01_42.edf,3136.0,3140.0,0
chb01_42.edf,3140.0,3144.0,0
chb01_42.edf,3144.0,3148.0,0
chb01_42.edf,3148.0,3152.0,0
chb01_42.edf,3152.0,3156.0,0
chb01_42.edf,3156.0,3160.0,0
chb01_42.edf,3160.0,3164.0,0
chb01_42.edf,3164.0,3168.0,0
chb01_42.edf,3168.0,3172.0,0
chb01_42.edf,3172.0,3176.0,0
chb01_42.edf,3176.0,3180.0,0
chb01_42.edf,3180.0,3184.0,0
chb01_42.edf,3184.0,3188.0,0
chb01_42.edf,3188.0,3192.0,0
chb01_42.edf,3192.0,3196.0,0
chb01_42.edf,3196.0,3200.0,0
chb01_42.edf,3200.0,3204.0,0
chb01_42.edf,3204.0,3208.0,0
chb01_42.edf,3208.0,3212.0,0
chb01_42.edf,3212.0,3216.0,0
chb01_42.edf,3216.0,3220.0,0
chb01_42.edf,3220.0,3224.0,0
chb01_42.edf,3224.0,3228.0,0
chb01_42.edf,3228.0,3232.0,0
chb01_42.edf,3232.0,3236.0,0
chb01_42.edf,3236.0,3240.0,0
chb01_42.edf,3240.0,3244.0,0
chb01_42.edf,3244.0,3248.0,0
chb01_42.edf,3248.0,3252.0,0
chb01_42.edf,3252.0,3256.0,0
chb01_42.edf,3256.0,3260.0,0
chb01_42.edf,3260.0,3264.0,0
chb01_42.edf,3264.0,3268.0,0
chb01_42.edf,3268.0,3272.0,0
chb01_42.edf,3272.0,3276.0,0
chb01_42.edf,3276.0,3280.0,0
chb01_42.edf,3280.0,3284.0,0
chb01_42.edf,3284.0,3288.0,0
chb01_42.edf,3288.0,3292.0,0
chb01_42.edf,3292.0,3296.0,0
chb01_42.edf,3296.0,3300.0,0
chb01_42.edf,3300.0,3304.0,0
chb01_42.edf,3304.0,3308.0,0
chb01_42.edf,3308.0,3312.0,0
chb01_42.edf,3312.0,3316.0,0
chb01_42.edf,3316.0,3320.0,0
chb01_42.edf,3320.0,3324.0,0
chb01_42.edf,3324.0,3328.0,0
chb01_42.edf,3328.0,3332.0,0
chb01_42.edf,3332.0,3336.0,0
chb01_42.edf,3336.0,3340.0,0
chb01_42.edf,3340.0,3344.0,0
chb01_42.edf,3344.0,3348.0,0
chb01_42.edf,3348.0,3352.0,0
chb01_42.edf,3352.0,3356.0,0
chb01_42.edf,3356.0,3360.0,0
chb01_42.edf,3360.0,3364.0,0
chb01_42.edf,3364.0,3368.0,0
chb01_42.edf,3368.0,3372.0,0
chb01_42.edf,3372.0,3376.0,0
chb01_42.edf,3376.0,3380.0,0
chb01_42.edf,3380.0,3384.0,0
chb01_42.edf,3384.0,3388.0,0
chb01_42.edf,3388.0,3392.0,0
chb01_42.edf,3392.0,3396.0,0
chb01_42.edf,3396.0,3400.0,0
chb01_42.edf,3400.0,3404.0,0
chb01_42.edf,3404.0,3408.0,0
chb01_42.edf,3408.0,3412.0,0
chb01_42.edf,3412.0,3416.0,0
chb01_42.edf,3416.0,3420.0,0
chb01_42.edf,3420.0,3424.0,0
chb01_42.edf,3424.0,3428.0,0
chb01_42.edf,3428.0,3432.0,0
chb01_42.edf,3432.0,3436.0,0
chb01_42.edf,3436.0,3440.0,0
chb01_42.edf,3440.0,3444.0,0
chb01_42.edf,3444.0,3448.0,0
chb01_42.edf,3448.0,3452.0,0
chb01_42.edf,3452.0,3456.0,0
chb01_42.edf,3456.0,3460.0,0
chb01_42.edf,3460.0,3464.0,0
chb01_42.edf,3464.0,3468.0,0
chb01_42.edf,3468.0,3472.0,0
chb01_42.edf,3472.0,3476.0,0
chb01_42.edf,3476.0,3480.0,0
chb01_42.edf,3480.0,3484.0,0
chb01_42.edf,3484.0,3488.0,0
chb01_42.edf,3488.0,3492.0,0
chb01_42.edf,3492.0,3496.0,0
chb01_42.edf,3496.0,3500.0,0
chb01_42.edf,3500.0,3504.0,0
chb01_42.edf,3504.0,3508.0,0
chb01_42.edf,3508.0,3512.0,0
chb01_42.edf,3512.0,3516.0,0
chb01_42.edf,3516.0,3520.0,0
chb01_42.edf,3520.0,3524.0,0
chb01_42.edf,3524.0,3528.0,0
chb01_42.edf,3528.0,3532.0,0
chb01_42.edf,3532.0,3536.0,0
chb01_42.edf,3536.0,3540.0,0
chb01_42.edf,3540.0,3544.0,0
chb01_42.edf,3544.0,3548.0,0
chb01_42.edf,3548.0,3552.0,0
chb01_42.edf,3552.0,3556.0,0
chb01_42.edf,3556.0,3560.0,0
chb01_42.edf,3560.0,3564.0,0
chb01_42.edf,3564.0,3568.0,0
chb01_42.edf,3568.0,3572.0,0
chb01_42.edf,3572.0,3576.0,0
chb01_42.edf,3576.0,3580.0,0
chb01_42.edf,3580.0,3584.0,0
chb01_42.edf,3584.0,3588.0,0
chb01_42.edf,3588.0,3592.0,0
chb01_42.edf,3592.0,3596.0,0
chb01_42.edf,3596.0,3600.0,0
chb01_46.edf,0.0,4.0,0
chb01_46.edf,4.0,8.0,0
chb01_46.edf,8.0,12.0,0
chb01_46.edf,12.0,16.0,0
chb01_46.edf,16.0,20.0,0
chb01_46.edf,20.0,24.0,0
chb01_46.edf,24.0,28.0,0
chb01_46.edf,28.0,32.0,0
chb01_46.edf,32.0,36.0,0
chb01_46.edf,36.0,40.0,0
chb01_46.edf,40.0,44.0,0
chb01_46.edf,44.0,48.0,0
chb01_46.edf,48.0,52.0,0
chb01_46.edf,52.0,56.0,0
chb01_46.edf,56.0,60.0,0
chb01_46.edf,60.0,64.0,0
chb01_46.edf,64.0,68.0,0
chb01_46.edf,68.0,72.0,0
chb01_46.edf,72.0,76.0,0
chb01_46.edf,76.0,80.0,0
chb01_46.edf,80.0,84.0,0
chb01_46.edf,84.0,88.0,0
chb01_46.edf,88.0,92.0,0
chb01_46.edf,92.0,96.0,0
chb01_46.edf,96.0,100.0,0
chb01_46.edf,100.0,104.0,0
chb01_46.edf,104.0,108.0,0
chb01_46.edf,108.0,112.0,0
chb01_46.edf,112.0,116.0,0
chb01_46.edf,116.0,120.0,0
chb01_46.edf,120.0,124.0,0
chb01_46.edf,124.0,128.0,0
chb01_46.edf,128.0,132.0,0
chb01_46.edf,132.0,136.0,0
chb01_46.edf,136.0,140.0,0
chb01_46.edf,140.0,144.0,0
chb01_46.edf,144.0,148.0,0
chb01_46.edf,148.0,152.0,0
chb01_46.edf,152.0,156.0,0
chb01_46.edf,156.0,160.0,0
chb01_46.edf,160.0,164.0,0
chb01_46.edf,164.0,168.0,0
chb01_46.edf,168.0,172.0,0
chb01_46.edf,172.0,176.0,0
chb01_46.edf,176.0,180.0,0
chb01_46.edf,180.0,184.0,0
chb01_46.edf,184.0,188.0,0
chb01_46.edf,188.0,192.0,0
chb01_46.edf,192.0,196.0,0
chb01_46.edf,196.0,200.0,0
chb01_46.edf,200.0,204.0,0
chb01_46.edf,204.0,208.0,0
chb01_46.edf,208.0,212.0,0
chb01_46.edf,212.0,216.0,0
chb01_46.edf,216.0,220.0,0
chb01_46.edf,220.0,224.0,0
chb01_46.edf,224.0,228.0,0
chb01_46.edf,228.0,232.0,0
chb01_46.edf,232.0,236.0,0
chb01_46.edf,236.0,240.0,0
chb01_46.edf,240.0,244.0,0
chb01_46.edf,244.0,248.0,0
chb01_46.edf,248.0,252.0,0
chb01_46.edf,252.0,256.0,0
chb01_46.edf,256.0,260.0,0
chb01_46.edf,260.0,264.0,0
chb01_46.edf,264.0,268.0,0
chb01_46.edf,268.0,272.0,0
chb01_46.edf,272.0,276.0,0
chb01_46.edf,276.0,280.0,0
chb01_46.edf,280.0,284.0,0
chb01_46.edf,284.0,288.0,0
chb01_46.edf,288.0,292.0,0
chb01_46.edf,292.0,296.0,0
chb01_46.edf,296.0,300.0,0
chb01_46.edf,300.0,304.0,0
chb01_46.edf,304.0,308.0,0
chb01_46.edf,308.0,312.0,0
chb01_46.edf,312.0,316.0,0
chb01_46.edf,316.0,320.0,0
chb01_46.edf,320.0,324.0,0
chb01_46.edf,324.0,328.0,0
chb01_46.edf,328.0,332.0,0
chb01_46.edf,332.0,336.0,0
chb01_46.edf,336.0,340.0,0
chb01_46.edf,340.0,344.0,0
chb01_46.edf,344.0,348.0,0
chb01_46.edf,348.0,352.0,0
chb01_46.edf,352.0,356.0,0
chb01_46.edf,356.0,360.0,0
chb01_46.edf,360.0,364.0,0
chb01_46.edf,364.0,368.0,0
chb01_46.edf,368.0,372.0,0
chb01_46.edf,372.0,376.0,0
chb01_46.edf,376.0,380.0,0
chb01_46.edf,380.0,384.0,0
chb01_46.edf,384.0,388.0,0
chb01_46.edf,388.0,392.0,0
chb01_46.edf,392.0,396.0,0
chb01_46.edf,396.0,400.0,0
chb01_46.edf,400.0,404.0,0
chb01_46.edf,404.0,408.0,0
chb01_46.edf,408.0,412.0,0
chb01_46.edf,412.0,416.0,0
chb01_46.edf,416.0,420.0,0
chb01_46.edf,420.0,424.0,0
chb01_46.edf,424.0,428.0,0
chb01_46.edf,428.0,432.0,0
chb01_46.edf,432.0,436.0,0
chb01_46.edf,436.0,440.0,0
chb01_46.edf,440.0,444.0,0
chb01_46.edf,444.0,448.0,0
chb01_46.edf,448.0,452.0,0
chb01_46.edf,452.0,456.0,0
chb01_46.edf,456.0,460.0,0
chb01_46.edf,460.0,464.0,0
chb01_46.edf,464.0,468.0,0
chb01_46.edf,468.0,472.0,0
chb01_46.edf,472.0,476.0,0
chb01_46.edf,476.0,480.0,0
chb01_46.edf,480.0,484.0,0
chb01_46.edf,484.0,488.0,0
chb01_46.edf,488.0,492.0,0
chb01_46.edf,492.0,496.0,0
chb01_46.edf,496.0,500.0,0
chb01_46.edf,500.0,504.0,0
chb01_46.edf,504.0,508.0,0
chb01_46.edf,508.0,512.0,0
chb01_46.edf,512.0,516.0,0
chb01_46.edf,516.0,520.0,0
chb01_46.edf,520.0,524.0,0
chb01_46.edf,524.0,528.0,0
chb01_46.edf,528.0,532.0,0
chb01_46.edf,532.0,536.0,0
chb01_46.edf,536.0,540.0,0
chb01_46.edf,540.0,544.0,0
chb01_46.edf,544.0,548.0,0
chb01_46.edf,548.0,552.0,0
chb01_46.edf,552.0,556.0,0
chb01_46.edf,556.0,560.0,0
chb01_46.edf,560.0,564.0,0
chb01_46.edf,564.0,568.0,0
chb01_46.edf,568.0,572.0,0
chb01_46.edf,572.0,576.0,0
chb01_46.edf,576.0,580.0,0
chb01_46.edf,580.0,584.0,0
chb01_46.edf,584.0,588.0,0
chb01_46.edf,588.0,592.0,0
chb01_46.edf,592.0,596.0,0
chb01_46.edf,596.0,600.0,0
chb01_46.edf,600.0,604.0,0
chb01_46.edf,604.0,608.0,0
chb01_46.edf,608.0,612.0,0
chb01_46.edf,612.0,616.0,0
chb01_46.edf,616.0,620.0,0
chb01_46.edf,620.0,624.0,0
chb01_46.edf,624.0,628.0,0
chb01_46.edf,628.0,632.0,0
chb01_46.edf,632.0,636.0,0
chb01_46.edf,636.0,640.0,0
chb01_46.edf,640.0,644.0,0
chb01_46.edf,644.0,648.0,0
chb01_46.edf,648.0,652.0,0
chb01_46.edf,652.0,656.0,0
chb01_46.edf,656.0,660.0,0
chb01_46.edf,660.0,664.0,0
chb01_46.edf,664.0,668.0,0
chb01_46.edf,668.0,672.0,0
chb01_46.edf,672.0,676.0,0
chb01_46.edf,676.0,680.0,0
chb01_46.edf,680.0,684.0,0
chb01_46.edf,684.0,688.0,0
chb01_46.edf,688.0,692.0,0
chb01_46.edf,692.0,696.0,0
chb01_46.edf,696.0,700.0,0
chb01_46.edf,700.0,704.0,0
chb01_46.edf,704.0,708.0,0
chb01_46.edf,708.0,712.0,0
chb01_46.edf,712.0,716.0,0
chb01_46.edf,716.0,720.0,0
chb01_46.edf,720.0,724.0,0
chb01_46.edf,724.0,728.0,0
chb01_46.edf,728.0,732.0,0
chb01_46.edf,732.0,736.0,0
chb01_46.edf,736.0,740.0,0
chb01_46.edf,740.0,744.0,0
chb01_46.edf,744.0,748.0,0
chb01_46.edf,748.0,752.0,0
chb01_46.edf,752.0,756.0,0
chb01_46.edf,756.0,760.0,0
chb01_46.edf,760.0,764.0,0
chb01_46.edf,764.0,768.0,0
chb01_46.edf,768.0,772.0,0
chb01_46.edf,772.0,776.0,0
chb01_46.edf,776.0,780.0,0
chb01_46.edf,780.0,784.0,0
chb01_46.edf,784.0,788.0,0
chb01_46.edf,788.0,792.0,0
chb01_46.edf,792.0,796.0,0
chb01_46.edf,796.0,800.0,0
chb01_46.edf,800.0,804.0,0
chb01_46.edf,804.0,808.0,0
chb01_46.edf,808.0,812.0,0
chb01_46.edf,812.0,816.0,0
chb01_46.edf,816.0,820.0,0
chb01_46.edf,820.0,824.0,0
chb01_46.edf,824.0,828.0,0
chb01_46.edf,828.0,832.0,0
chb01_46.edf,832.0,836.0,0
chb01_46.edf,836.0,840.0,0
chb01_46.edf,840.0,844.0,0
chb01_46.edf,844.0,848.0,0
chb01_46.edf,848.0,852.0,0
chb01_46.edf,852.0,856.0,0
chb01_46.edf,856.0,860.0,0
chb01_46.edf,860.0,864.0,0
chb01_46.edf,864.0,868.0,0
chb01_46.edf,868.0,872.0,0
chb01_46.edf,872.0,876.0,0
chb01_46.edf,876.0,880.0,0
chb01_46.edf,880.0,884.0,0
chb01_46.edf,884.0,888.0,0
chb01_46.edf,888.0,892.0,0
chb01_46.edf,892.0,896.0,0
chb01_46.edf,896.0,900.0,0
chb01_46.edf,900.0,904.0,0
chb01_46.edf,904.0,908.0,0
chb01_46.edf,908.0,912.0,0
chb01_46.edf,912.0,916.0,0
chb01_46.edf,916.0,920.0,0
chb01_46.edf,920.0,924.0,0
chb01_46.edf,924.0,928.0,0
chb01_46.edf,928.0,932.0,0
chb01_46.edf,932.0,936.0,0
chb01_46.edf,936.0,940.0,0
chb01_46.edf,940.0,944.0,0
chb01_46.edf,944.0,948.0,0
chb01_46.edf,948.0,952.0,0
chb01_46.edf,952.0,956.0,0
chb01_46.edf,956.0,960.0,0
chb01_46.edf,960.0,964.0,0
chb01_46.edf,964.0,968.0,0
chb01_46.edf,968.0,972.0,0
chb01_46.edf,972.0,976.0,0
chb01_46.edf,976.0,980.0,0
chb01_46.edf,980.0,984.0,0
chb01_46.edf,984.0,988.0,0
chb01_46.edf,988.0,992.0,0
chb01_46.edf,992.0,996.0,0
chb01_46.edf,996.0,1000.0,0
chb01_46.edf,1000.0,1004.0,0
chb01_46.edf,1004.0,1008.0,0
chb01_46.edf,1008.0,1012.0,0
chb01_46.edf,1012.0,1016.0,0
chb01_46.edf,1016.0,1020.0,0
chb01_46.edf,1020.0,1024.0,0
chb01_46.edf,1024.0,1028.0,0
chb01_46.edf,1028.0,1032.0,0
chb01_46.edf,1032.0,1036.0,0
chb01_46.edf,1036.0,1040.0,0
chb01_46.edf,1040.0,1044.0,0
chb01_46.edf,1044.0,1048.0,0
chb01_46.edf,1048.0,1052.0,0
chb01_46.edf,1052.0,1056.0,0
chb01_46.edf,1056.0,1060.0,0
chb01_46.edf,1060.0,1064.0,0
chb01_46.edf,1064.0,1068.0,0
chb01_46.edf,1068.0,1072.0,0
chb01_46.edf,1072.0,1076.0,0
chb01_46.edf,1076.0,1080.0,0
chb01_46.edf,1080.0,1084.0,0
chb01_46.edf,1084.0,1088.0,0
chb01_46.edf,1088.0,1092.0,0
chb01_46.edf,1092.0,1096.0,0
chb01_46.edf,1096.0,1100.0,0
chb01_46.edf,1100.0,1104.0,0
chb01_46.edf,1104.0,1108.0,0
chb01_46.edf,1108.0,1112.0,0
chb01_46.edf,1112.0,1116.0,0
chb01_46.edf,1116.0,1120.0,0
chb01_46.edf,1120.0,1124.0,0
chb01_46.edf,1124.0,1128.0,0
chb01_46.edf,1128.0,1132.0,0
chb01_46.edf,1132.0,1136.0,0
chb01_46.edf,1136.0,1140.0,0
chb01_46.edf,1140.0,1144.0,0
chb01_46.edf,1144.0,1148.0,0
chb01_46.edf,1148.0,1152.0,0
chb01_46.edf,1152.0,1156.0,0
chb01_46.edf,1156.0,1160.0,0
chb01_46.edf,1160.0,1164.0,0
chb01_46.edf,1164.0,1168.0,0
chb01_46.edf,1168.0,1172.0,0
chb01_46.edf,1172.0,1176.0,0
chb01_46.edf,1176.0,1180.0,0
chb01_46.edf,1180.0,1184.0,0
chb01_46.edf,1184.0,1188.0,0
chb01_46.edf,1188.0,1192.0,0
chb01_46.edf,1192.0,1196.0,0
chb01_46.edf,1196.0,1200.0,0
chb01_46.edf,1200.0,1204.0,0
chb01_46.edf,1204.0,1208.0,0
chb01_46.edf,1208.0,1212.0,0
chb01_46.edf,1212.0,1216.0,0
chb01_46.edf,1216.0,1220.0,0
chb01_46.edf,1220.0,1224.0,0
chb01_46.edf,1224.0,1228.0,0
chb01_46.edf,1228.0,1232.0,0
chb01_46.edf,1232.0,1236.0,0
chb01_46.edf,1236.0,1240.0,0
chb01_46.edf,1240.0,1244.0,0
chb01_46.edf,1244.0,1248.0,0
chb01_46.edf,1248.0,1252.0,0
chb01_46.edf,1252.0,1256.0,0
chb01_46.edf,1256.0,1260.0,0
chb01_46.edf,1260.0,1264.0,0
chb01_46.edf,1264.0,1268.0,0
chb01_46.edf,1268.0,1272.0,0
chb01_46.edf,1272.0,1276.0,0
chb01_46.edf,1276.0,1280.0,0
chb01_46.edf,1280.0,1284.0,0
chb01_46.edf,1284.0,1288.0,0
chb01_46.edf,1288.0,1292.0,0
chb01_46.edf,1292.0,1296.0,0
chb01_46.edf,1296.0,1300.0,0
chb01_46.edf,1300.0,1304.0,0
chb01_46.edf,1304.0,1308.0,0
chb01_46.edf,1308.0,1312.0,0
chb01_46.edf,1312.0,1316.0,0
chb01_46.edf,1316.0,1320.0,0
chb01_46.edf,1320.0,1324.0,0
chb01_46.edf,1324.0,1328.0,0
chb01_46.edf,1328.0,1332.0,0
chb01_46.edf,1332.0,1336.0,0
chb01_46.edf,1336.0,1340.0,0
chb01_46.edf,1340.0,1344.0,0
chb01_46.edf,1344.0,1348.0,0
chb01_46.edf,1348.0,1352.0,0
chb01_46.edf,1352.0,1356.0,0
chb01_46.edf,1356.0,1360.0,0
chb01_46.edf,1360.0,1364.0,0
chb01_46.edf,1364.0,1368.0,0
chb01_46.edf,1368.0,1372.0,0
chb01_46.edf,1372.0,1376.0,0
chb01_46.edf,1376.0,1380.0,0
chb01_46.edf,1380.0,1384.0,0
chb01_46.edf,1384.0,1388.0,0
chb01_46.edf,1388.0,1392.0,0
chb01_46.edf,1392.0,1396.0,0
chb01_46.edf,1396.0,1400.0,0
chb01_46.edf,1400.0,1404.0,0
chb01_46.edf,1404.0,1408.0,0
chb01_46.edf,1408.0,1412.0,0
chb01_46.edf,1412.0,1416.0,0
chb01_46.edf,1416.0,1420.0,0
chb01_46.edf,1420.0,1424.0,0
chb01_46.edf,1424.0,1428.0,0
chb01_46.edf,1428.0,1432.0,0
chb01_46.edf,1432.0,1436.0,0
chb01_46.edf,1436.0,1440.0,0
chb01_46.edf,1440.0,1444.0,0
chb01_46.edf,1444.0,1448.0,0
chb01_46.edf,1448.0,1452.0,0
chb01_46.edf,1452.0,1456.0,0
chb01_46.edf,1456.0,1460.0,0
chb01_46.edf,1460.0,1464.0,0
chb01_46.edf,1464.0,1468.0,0
chb01_46.edf,1468.0,1472.0,0
chb01_46.edf,1472.0,1476.0,0
chb01_46.edf,1476.0,1480.0,0
chb01_46.edf,1480.0,1484.0,0
chb01_46.edf,1484.0,1488.0,0
chb01_46.edf,1488.0,1492.0,0
chb01_46.edf,1492.0,1496.0,0
chb01_46.edf,1496.0,1500.0,0
chb01_46.edf,1500.0,1504.0,0
chb01_46.edf,1504.0,1508.0,0
chb01_46.edf,1508.0,1512.0,0
chb01_46.edf,1512.0,1516.0,0
chb01_46.edf,1516.0,1520.0,0
chb01_46.edf,1520.0,1524.0,0
chb01_46.edf,1524.0,1528.0,0
chb01_46.edf,1528.0,1532.0,0
chb01_46.edf,1532.0,1536.0,0
chb01_46.edf,1536.0,1540.0,0
chb01_46.edf,1540.0,1544.0,0
chb01_46.edf,1544.0,1548.0,0
chb01_46.edf,1548.0,1552.0,0
chb01_46.edf,1552.0,1556.0,0
chb01_46.edf,1556.0,1560.0,0
chb01_46.edf,1560.0,1564.0,0
chb01_46.edf,1564.0,1568.0,0
chb01_46.edf,1568.0,1572.0,0
chb01_46.edf,1572.0,1576.0,0
chb01_46.edf,1576.0,1580.0,0
chb01_46.edf,1580.0,1584.0,0
chb01_46.edf,1584.0,1588.0,0
chb01_46.edf,1588.0,1592.0,0
chb01_46.edf,1592.0,1596.0,0
chb01_46.edf,1596.0,1600.0,0
chb01_46.edf,1600.0,1604.0,0
chb01_46.edf,1604.0,1608.0,0
chb01_46.edf,1608.0,1612.0,0
chb01_46.edf,1612.0,1616.0,0
chb01_46.edf,1616.0,1620.0,0
chb01_46.edf,1620.0,1624.0,0
chb01_46.edf,1624.0,1628.0,0
chb01_46.edf,1628.0,1632.0,0
chb01_46.edf,1632.0,1636.0,0
chb01_46.edf,1636.0,1640.0,0
chb01_46.edf,1640.0,1644.0,0
chb01_46.edf,1644.0,1648.0,0
chb01_46.edf,1648.0,1652.0,0
chb01_46.edf,1652.0,1656.0,0
chb01_46.edf,1656.0,1660.0,0
chb01_46.edf,1660.0,1664.0,0
chb01_46.edf,1664.0,1668.0,0
chb01_46.edf,1668.0,1672.0,0
chb01_46.edf,1672.0,1676.0,0
chb01_46.edf,1676.0,1680.0,0
chb01_46.edf,1680.0,1684.0,0
chb01_46.edf,1684.0,1688.0,0
chb01_46.edf,1688.0,1692.0,0
chb01_46.edf,1692.0,1696.0,0
chb01_46.edf,1696.0,1700.0,0
chb01_46.edf,1700.0,1704.0,0
chb01_46.edf,1704.0,1708.0,0
chb01_46.edf,1708.0,1712.0,0
chb01_46.edf,1712.0,1716.0,0
chb01_46.edf,1716.0,1720.0,0
chb01_46.edf,1720.0,1724.0,0
chb01_46.edf,1724.0,1728.0,0
chb01_46.edf,1728.0,1732.0,0
chb01_46.edf,1732.0,1736.0,0
chb01_46.edf,1736.0,1740.0,0
chb01_46.edf,1740.0,1744.0,0
chb01_46.edf,1744.0,1748.0,0
chb01_46.edf,1748.0,1752.0,0
chb01_46.edf,1752.0,1756.0,0
chb01_46.edf,1756.0,1760.0,0
chb01_46.edf,1760.0,1764.0,0
chb01_46.edf,1764.0,1768.0,0
chb01_46.edf,1768.0,1772.0,0
chb01_46.edf,1772.0,1776.0,0
chb01_46.edf,1776.0,1780.0,0
chb01_46.edf,1780.0,1784.0,0
chb01_46.edf,1784.0,1788.0,0
chb01_46.edf,1788.0,1792.0,0
chb01_46.edf,1792.0,1796.0,0
chb01_46.edf,1796.0,1800.0,0
chb01_46.edf,1800.0,1804.0,0
chb01_46.edf,1804.0,1808.0,0
chb01_46.edf,1808.0,1812.0,0
chb01_46.edf,1812.0,1816.0,0
chb01_46.edf,1816.0,1820.0,0
chb01_46.edf,1820.0,1824.0,0
chb01_46.edf,1824.0,1828.0,0
chb01_46.edf,1828.0,1832.0,0
chb01_46.edf,1832.0,1836.0,0
chb01_46.edf,1836.0,1840.0,0
chb01_46.edf,1840.0,1844.0,0
chb01_46.edf,1844.0,1848.0,0
chb01_46.edf,1848.0,1852.0,0
chb01_46.edf,1852.0,1856.0,0
chb01_46.edf,1856.0,1860.0,0
chb01_46.edf,1860.0,1864.0,0
chb01_46.edf,1864.0,1868.0,0
chb01_46.edf,1868.0,1872.0,0
chb01_46.edf,1872.0,1876.0,0
chb01_46.edf,1876.0,1880.0,0
chb01_46.edf,1880.0,1884.0,0
chb01_46.edf,1884.0,1888.0,0
chb01_46.edf,1888.0,1892.0,0
chb01_46.edf,1892.0,1896.0,0
chb01_46.edf,1896.0,1900.0,0
chb01_46.edf,1900.0,1904.0,0
chb01_46.edf,1904.0,1908.0,0
chb01_46.edf,1908.0,1912.0,0
chb01_46.edf,1912.0,1916.0,0
chb01_46.edf,1916.0,1920.0,0
chb01_46.edf,1920.0,1924.0,0
chb01_46.edf,1924.0,1928.0,0
chb01_46.edf,1928.0,1932.0,0
chb01_46.edf,1932.0,1936.0,0
chb01_46.edf,1936.0,1940.0,0
chb01_46.edf,1940.0,1944.0,0
chb01_46.edf,1944.0,1948.0,0
chb01_46.edf,1948.0,1952.0,0
chb01_46.edf,1952.0,1956.0,0
chb01_46.edf,1956.0,1960.0,0
chb01_46.edf,1960.0,1964.0,0
chb01_46.edf,1964.0,1968.0,0
chb01_46.edf,1968.0,1972.0,0
chb01_46.edf,1972.0,1976.0,0
chb01_46.edf,1976.0,1980.0,0
chb01_46.edf,1980.0,1984.0,0
chb01_46.edf,1984.0,1988.0,0
chb01_46.edf,1988.0,1992.0,0
chb01_46.edf,1992.0,1996.0,0
chb01_46.edf,1996.0,2000.0,0
chb01_46.edf,2000.0,2004.0,0
chb01_46.edf,2004.0,2008.0,0
chb01_46.edf,2008.0,2012.0,0
chb01_46.edf,2012.0,2016.0,0
chb01_46.edf,2016.0,2020.0,0
chb01_46.edf,2020.0,2024.0,0
chb01_46.edf,2024.0,2028.0,0
chb01_46.edf,2028.0,2032.0,0
chb01_46.edf,2032.0,2036.0,0
chb01_46.edf,2036.0,2040.0,0
chb01_46.edf,2040.0,2044.0,0
chb01_46.edf,2044.0,2048.0,0
chb01_46.edf,2048.0,2052.0,0
chb01_46.edf,2052.0,2056.0,0
chb01_46.edf,2056.0,2060.0,0
chb01_46.edf,2060.0,2064.0,0
chb01_46.edf,2064.0,2068.0,0
chb01_46.edf,2068.0,2072.0,0
chb01_46.edf,2072.0,2076.0,0
chb01_46.edf,2076.0,2080.0,0
chb01_46.edf,2080.0,2084.0,0
chb01_46.edf,2084.0,2088.0,0
chb01_46.edf,2088.0,2092.0,0
chb01_46.edf,2092.0,2096.0,0
chb01_46.edf,2096.0,2100.0,0
chb01_46.edf,2100.0,2104.0,0
chb01_46.edf,2104.0,2108.0,0
chb01_46.edf,2108.0,2112.0,0
chb01_46.edf,2112.0,2116.0,0
chb01_46.edf,2116.0,2120.0,0
chb01_46.edf,2120.0,2124.0,0
chb01_46.edf,2124.0,2128.0,0
chb01_46.edf,2128.0,2132.0,0
chb01_46.edf,2132.0,2136.0,0
chb01_46.edf,2136.0,2140.0,0
chb01_46.edf,2140.0,2144.0,0
chb01_46.edf,2144.0,2148.0,0
chb01_46.edf,2148.0,2152.0,0
chb01_46.edf,2152.0,2156.0,0
chb01_46.edf,2156.0,2160.0,0
chb01_46.edf,2160.0,2164.0,0
chb01_46.edf,2164.0,2168.0,0
chb01_46.edf,2168.0,2172.0,0
chb01_46.edf,2172.0,2176.0,0
chb01_46.edf,2176.0,2180.0,0
chb01_46.edf,2180.0,2184.0,0
chb01_46.edf,2184.0,2188.0,0
chb01_46.edf,2188.0,2192.0,0
chb01_46.edf,2192.0,2196.0,0
chb01_46.edf,2196.0,2200.0,0
chb01_46.edf,2200.0,2204.0,0
chb01_46.edf,2204.0,2208.0,0
chb01_46.edf,2208.0,2212.0,0
chb01_46.edf,2212.0,2216.0,0
chb01_46.edf,2216.0,2220.0,0
chb01_46.edf,2220.0,2224.0,0
chb01_46.edf,2224.0,2228.0,0
chb01_46.edf,2228.0,2232.0,0
chb01_46.edf,2232.0,2236.0,0
chb01_46.edf,2236.0,2240.0,0
chb01_46.edf,2240.0,2244.0,0
chb01_46.edf,2244.0,2248.0,0
chb01_46.edf,2248.0,2252.0,0
chb01_46.edf,2252.0,2256.0,0
chb01_46.edf,2256.0,2260.0,0
chb01_46.edf,2260.0,2264.0,0
chb01_46.edf,2264.0,2268.0,0
chb01_46.edf,2268.0,2272.0,0
chb01_46.edf,2272.0,2276.0,0
chb01_46.edf,2276.0,2280.0,0
chb01_46.edf,2280.0,2284.0,0
chb01_46.edf,2284.0,2288.0,0
chb01_46.edf,2288.0,2292.0,0
chb01_46.edf,2292.0,2296.0,0
chb01_46.edf,2296.0,2300.0,0
chb01_46.edf,2300.0,2304.0,0
chb01_46.edf,2304.0,2308.0,0
chb01_46.edf,2308.0,2312.0,0
chb01_46.edf,2312.0,2316.0,0
chb01_46.edf,2316.0,2320.0,0
chb01_46.edf,2320.0,2324.0,0
chb01_46.edf,2324.0,2328.0,0
chb01_46.edf,2328.0,2332.0,0
chb01_46.edf,2332.0,2336.0,0
chb01_46.edf,2336.0,2340.0,0
chb01_46.edf,2340.0,2344.0,0
chb01_46.edf,2344.0,2348.0,0
chb01_46.edf,2348.0,2352.0,0
chb01_46.edf,2352.0,2356.0,0
chb01_46.edf,2356.0,2360.0,0
chb01_46.edf,2360.0,2364.0,0
chb01_46.edf,2364.0,2368.0,0
chb01_46.edf,2368.0,2372.0,0
chb01_46.edf,2372.0,2376.0,0
chb01_46.edf,2376.0,2380.0,0
chb01_46.edf,2380.0,2384.0,0
chb01_46.edf,2384.0,2388.0,0
chb01_46.edf,2388.0,2392.0,0
chb01_46.edf,2392.0,2396.0,0
chb01_46.edf,2396.0,2400.0,0
chb01_46.edf,2400.0,2404.0,0
chb01_46.edf,2404.0,2408.0,0
chb01_46.edf,2408.0,2412.0,0
chb01_46.edf,2412.0,2416.0,0
chb01_46.edf,2416.0,2420.0,0
chb01_46.edf,2420.0,2424.0,0
chb01_46.edf,2424.0,2428.0,0
chb01_46.edf,2428.0,2432.0,0
chb01_46.edf,2432.0,2436.0,0
chb01_46.edf,2436.0,2440.0,0
chb01_46.edf,2440.0,2444.0,0
chb01_46.edf,2444.0,2448.0,0
chb01_46.edf,2448.0,2452.0,0
chb01_46.edf,2452.0,2456.0,0
chb01_46.edf,2456.0,2460.0,0
chb01_46.edf,2460.0,2464.0,0
chb01_46.edf,2464.0,2468.0,0
chb01_46.edf,2468.0,2472.0,0
chb01_46.edf,2472.0,2476.0,0
chb01_46.edf,2476.0,2480.0,0
chb01_46.edf,2480.0,2484.0,0
chb01_46.edf,2484.0,2488.0,0
chb01_46.edf,2488.0,2492.0,0
chb01_46.edf,2492.0,2496.0,0
chb01_46.edf,2496.0,2500.0,0
chb01_46.edf,2500.0,2504.0,0
chb01_46.edf,2504.0,2508.0,0
chb01_46.edf,2508.0,2512.0,0
chb01_46.edf,2512.0,2516.0,0
chb01_46.edf,2516.0,2520.0,0
chb01_46.edf,2520.0,2524.0,0
chb01_46.edf,2524.0,2528.0,0
chb01_46.edf,2528.0,2532.0,0
chb01_46.edf,2532.0,2536.0,0
chb01_46.edf,2536.0,2540.0,0
chb01_46.edf,2540.0,2544.0,0
chb01_46.edf,2544.0,2548.0,0
chb01_46.edf,2548.0,2552.0,0
chb01_46.edf,2552.0,2556.0,0
chb01_46.edf,2556.0,2560.0,0
chb01_46.edf,2560.0,2564.0,0
chb01_46.edf,2564.0,2568.0,0
chb01_46.edf,2568.0,2572.0,0
chb01_46.edf,2572.0,2576.0,0
chb01_46.edf,2576.0,2580.0,0
chb01_46.edf,2580.0,2584.0,0
chb01_46.edf,2584.0,2588.0,0
chb01_46.edf,2588.0,2592.0,0
chb01_46.edf,2592.0,2596.0,0
chb01_46.edf,2596.0,2600.0,0
chb01_46.edf,2600.0,2604.0,0
chb01_46.edf,2604.0,2608.0,0
chb01_46.edf,2608.0,2612.0,0
chb01_46.edf,2612.0,2616.0,0
chb01_46.edf,2616.0,2620.0,0
chb01_46.edf,2620.0,2624.0,0
chb01_46.edf,2624.0,2628.0,0
chb01_46.edf,2628.0,2632.0,0
chb01_46.edf,2632.0,2636.0,0
chb01_46.edf,2636.0,2640.0,0
chb01_46.edf,2640.0,2644.0,0
chb01_46.edf,2644.0,2648.0,0
chb01_46.edf,2648.0,2652.0,0
chb01_46.edf,2652.0,2656.0,0
chb01_46.edf,2656.0,2660.0,0
chb01_46.edf,2660.0,2664.0,0
chb01_46.edf,2664.0,2668.0,0
chb01_46.edf,2668.0,2672.0,0
chb01_46.edf,2672.0,2676.0,0
chb01_46.edf,2676.0,2680.0,0
chb01_46.edf,2680.0,2684.0,0
chb01_46.edf,2684.0,2688.0,0
chb01_46.edf,2688.0,2692.0,0
chb01_46.edf,2692.0,2696.0,0
chb01_46.edf,2696.0,2700.0,0
chb01_46.edf,2700.0,2704.0,0
chb01_46.edf,2704.0,2708.0,0
chb01_46.edf,2708.0,2712.0,0
chb01_46.edf,2712.0,2716.0,0
chb01_46.edf,2716.0,2720.0,0
chb01_46.edf,2720.0,2724.0,0
chb01_46.edf,2724.0,2728.0,0
chb01_46.edf,2728.0,2732.0,0
chb01_46.edf,2732.0,2736.0,0
chb01_46.edf,2736.0,2740.0,0
chb01_46.edf,2740.0,2744.0,0
chb01_46.edf,2744.0,2748.0,0
chb01_46.edf,2748.0,2752.0,0
chb01_46.edf,2752.0,2756.0,0
chb01_46.edf,2756.0,2760.0,0
chb01_46.edf,2760.0,2764.0,0
chb01_46.edf,2764.0,2768.0,0
chb01_46.edf,2768.0,2772.0,0
chb01_46.edf,2772.0,2776.0,0
chb01_46.edf,2776.0,2780.0,0
chb01_46.edf,2780.0,2784.0,0
chb01_46.edf,2784.0,2788.0,0
chb01_46.edf,2788.0,2792.0,0
chb01_46.edf,2792.0,2796.0,0
chb01_46.edf,2796.0,2800.0,0
chb01_46.edf,2800.0,2804.0,0
chb01_46.edf,2804.0,2808.0,0
chb01_46.edf,2808.0,2812.0,0
chb01_46.edf,2812.0,2816.0,0
chb01_46.edf,2816.0,2820.0,0
chb01_46.edf,2820.0,2824.0,0
chb01_46.edf,2824.0,2828.0,0
chb01_46.edf,2828.0,2832.0,0
chb01_46.edf,2832.0,2836.0,0
chb01_46.edf,2836.0,2840.0,0
chb01_46.edf,2840.0,2844.0,0
chb01_46.edf,2844.0,2848.0,0
chb01_46.edf,2848.0,2852.0,0
chb01_46.edf,2852.0,2856.0,0
chb01_46.edf,2856.0,2860.0,0
chb01_46.edf,2860.0,2864.0,0
chb01_46.edf,2864.0,2868.0,0
chb01_46.edf,2868.0,2872.0,0
chb01_46.edf,2872.0,2876.0,0
chb01_46.edf,2876.0,2880.0,0
chb01_46.edf,2880.0,2884.0,0
chb01_46.edf,2884.0,2888.0,0
chb01_46.edf,2888.0,2892.0,0
chb01_46.edf,2892.0,2896.0,0
chb01_46.edf,2896.0,2900.0,0
chb01_46.edf,2900.0,2904.0,0
chb01_46.edf,2904.0,2908.0,0
chb01_46.edf,2908.0,2912.0,0
chb01_46.edf,2912.0,2916.0,0
chb01_46.edf,2916.0,2920.0,0
chb01_46.edf,2920.0,2924.0,0
chb01_46.edf,2924.0,2928.0,0
chb01_46.edf,2928.0,2932.0,0
chb01_46.edf,2932.0,2936.0,0
chb01_46.edf,2936.0,2940.0,0
chb01_46.edf,2940.0,2944.0,0
chb01_46.edf,2944.0,2948.0,0
chb01_46.edf,2948.0,2952.0,0
chb01_46.edf,2952.0,2956.0,0
chb01_46.edf,2956.0,2960.0,0
chb01_46.edf,2960.0,2964.0,0
chb01_46.edf,2964.0,2968.0,0
chb01_46.edf,2968.0,2972.0,0
chb01_46.edf,2972.0,2976.0,0
chb01_46.edf,2976.0,2980.0,0
chb01_46.edf,2980.0,2984.0,0
chb01_46.edf,2984.0,2988.0,0
chb01_46.edf,2988.0,2992.0,0
chb01_46.edf,2992.0,2996.0,0
chb01_46.edf,2996.0,3000.0,0
chb01_46.edf,3000.0,3004.0,0
chb01_46.edf,3004.0,3008.0,0
chb01_46.edf,3008.0,3012.0,0
chb01_46.edf,3012.0,3016.0,0
chb01_46.edf,3016.0,3020.0,0
chb01_46.edf,3020.0,3024.0,0
chb01_46.edf,3024.0,3028.0,0
chb01_46.edf,3028.0,3032.0,0
chb01_46.edf,3032.0,3036.0,0
chb01_46.edf,3036.0,3040.0,0
chb01_46.edf,3040.0,3044.0,0
chb01_46.edf,3044.0,3048.0,0
chb01_46.edf,3048.0,3052.0,0
chb01_46.edf,3052.0,3056.0,0
chb01_46.edf,3056.0,3060.0,0
chb01_46.edf,3060.0,3064.0,0
chb01_46.edf,3064.0,3068.0,0
chb01_46.edf,3068.0,3072.0,0
chb01_46.edf,3072.0,3076.0,0
chb01_46.edf,3076.0,3080.0,0
chb01_46.edf,3080.0,3084.0,0
chb01_46.edf,3084.0,3088.0,0
chb01_46.edf,3088.0,3092.0,0
chb01_46.edf,3092.0,3096.0,0
chb01_46.edf,3096.0,3100.0,0
chb01_46.edf,3100.0,3104.0,0
chb01_46.edf,3104.0,3108.0,0
chb01_46.edf,3108.0,3112.0,0
chb01_46.edf,3112.0,3116.0,0
chb01_46.edf,3116.0,3120.0,0
chb01_46.edf,3120.0,3124.0,0
chb01_46.edf,3124.0,3128.0,0
chb01_46.edf,3128.0,3132.0,0
chb01_46.edf,3132.0,3136.0,0
chb01_46.edf,3136.0,3140.0,0
chb01_46.edf,3140.0,3144.0,0
chb01_46.edf,3144.0,3148.0,0
chb01_46.edf,3148.0,3152.0,0
chb01_46.edf,3152.0,3156.0,0
chb01_46.edf,3156.0,3160.0,0
chb01_46.edf,3160.0,3164.0,0
chb01_46.edf,3164.0,3168.0,0
chb01_46.edf,3168.0,3172.0,0
chb01_46.edf,3172.0,3176.0,0
chb01_46.edf,3176.0,3180.0,0
chb01_46.edf,3180.0,3184.0,0
chb01_46.edf,3184.0,3188.0,0
chb01_46.edf,3188.0,3192.0,0
chb01_46.edf,3192.0,3196.0,0
chb01_46.edf,3196.0,3200.0,0
chb01_46.edf,3200.0,3204.0,0
chb01_46.edf,3204.0,3208.0,0
chb01_46.edf,3208.0,3212.0,0
chb01_46.edf,3212.0,3216.0,0
chb01_46.edf,3216.0,3220.0,0
chb01_46.edf,3220.0,3224.0,0
chb01_46.edf,3224.0,3228.0,0
chb01_46.edf,3228.0,3232.0,0
chb01_46.edf,3232.0,3236.0,0
chb01_46.edf,3236.0,3240.0,0
chb01_46.edf,3240.0,3244.0,0
chb01_46.edf,3244.0,3248.0,0
chb01_46.edf,3248.0,3252.0,0
chb01_46.edf,3252.0,3256.0,0
chb01_46.edf,3256.0,3260.0,0
chb01_46.edf,3260.0,3264.0,0
chb01_46.edf,3264.0,3268.0,0
chb01_46.edf,3268.0,3272.0,0
chb01_46.edf,3272.0,3276.0,0
chb01_46.edf,3276.0,3280.0,0
chb01_46.edf,3280.0,3284.0,0
chb01_46.edf,3284.0,3288.0,0
chb01_46.edf,3288.0,3292.0,0
chb01_46.edf,3292.0,3296.0,0
chb01_46.edf,3296.0,3300.0,0
chb01_46.edf,3300.0,3304.0,0
chb01_46.edf,3304.0,3308.0,0
chb01_46.edf,3308.0,3312.0,0
chb01_46.edf,3312.0,3316.0,0
chb01_46.edf,3316.0,3320.0,0
chb01_46.edf,3320.0,3324.0,0
chb01_46.edf,3324.0,3328.0,0
chb01_46.edf,3328.0,3332.0,0
chb01_46.edf,3332.0,3336.0,0
chb01_46.edf,3336.0,3340.0,0
chb01_46.edf,3340.0,3344.0,0
chb01_46.edf,3344.0,3348.0,0
chb01_46.edf,3348.0,3352.0,0
chb01_46.edf,3352.0,3356.0,0
chb01_46.edf,3356.0,3360.0,0
chb01_46.edf,3360.0,3364.0,0
chb01_46.edf,3364.0,3368.0,0
chb01_46.edf,3368.0,3372.0,0
chb01_46.edf,3372.0,3376.0,0
chb01_46.edf,3376.0,3380.0,0
chb01_46.edf,3380.0,3384.0,0
chb01_46.edf,3384.0,3388.0,0
chb01_46.edf,3388.0,3392.0,0
chb01_46.edf,3392.0,3396.0,0
chb01_46.edf,3396.0,3400.0,0
chb01_46.edf,3400.0,3404.0,0
chb01_46.edf,3404.0,3408.0,0
chb01_46.edf,3408.0,3412.0,0
chb01_46.edf,3412.0,3416.0,0
chb01_46.edf,3416.0,3420.0,0
chb01_46.edf,3420.0,3424.0,0
chb01_46.edf,3424.0,3428.0,0
chb01_46.edf,3428.0,3432.0,0
chb01_46.edf,3432.0,3436.0,0
chb01_46.edf,3436.0,3440.0,0
chb01_46.edf,3440.0,3444.0,0
chb01_46.edf,3444.0,3448.0,0
chb01_46.edf,3448.0,3452.0,0
chb01_46.edf,3452.0,3456.0,0
chb01_46.edf,3456.0,3460.0,0
chb01_46.edf,3460.0,3464.0,0
chb01_46.edf,3464.0,3468.0,0
chb01_46.edf,3468.0,3472.0,0
chb01_46.edf,3472.0,3476.0,0
chb01_46.edf,3476.0,3480.0,0
chb01_46.edf,3480.0,3484.0,0
chb01_46.edf,3484.0,3488.0,0
chb01_46.edf,3488.0,3492.0,0
chb01_46.edf,3492.0,3496.0,0
chb01_46.edf,3496.0,3500.0,0
chb01_46.edf,3500.0,3504.0,0
chb01_46.edf,3504.0,3508.0,0
chb01_46.edf,3508.0,3512.0,0
chb01_46.edf,3512.0,3516.0,0
chb01_46.edf,3516.0,3520.0,0
chb01_46.edf,3520.0,3524.0,0
chb01_46.edf,3524.0,3528.0,0
chb01_46.edf,3528.0,3532.0,0
chb01_46.edf,3532.0,3536.0,0
chb01_46.edf,3536.0,3540.0,0
chb01_46.edf,3540.0,3544.0,0
chb01_46.edf,3544.0,3548.0,0
chb01_46.edf,3548.0,3552.0,0
chb01_46.edf,3552.0,3556.0,0
chb01_46.edf,3556.0,3560.0,0
chb01_46.edf,3560.0,3564.0,0
chb01_46.edf,3564.0,3568.0,0
chb01_46.edf,3568.0,3572.0,0
chb01_46.edf,3572.0,3576.0,0
chb01_46.edf,3576.0,3580.0,0
chb01_46.edf,3580.0,3584.0,0
chb01_46.edf,3584.0,3588.0,0
chb01_46.edf,3588.0,3592.0,0
chb01_46.edf,3592.0,3596.0,0
chb01_46.edf,3596.0,3600.0,0
